playlist_id,song_id,added_at,position
1,2244,2020-03-31 05:37:54,1
1,1742,2020-03-31 05:37:54,2
1,1967,2020-03-31 05:37:54,3
1,1057,2020-03-31 05:37:54,4
1,1592,2020-03-31 05:37:54,5
1,1004,2020-03-31 05:37:54,6
1,167,2020-03-31 05:37:54,7
2,95,2021-02-13 12:27:54,1
2,2445,2021-02-13 12:27:54,2
2,2415,2021-02-13 12:27:54,3
2,2110,2021-02-13 12:27:54,4
2,1136,2021-02-13 12:27:54,5
2,898,2021-02-13 12:27:54,6
3,1780,2022-07-08 15:44:27,1
3,487,2022-07-08 15:44:27,2
3,397,2022-07-08 15:44:27,3
3,1001,2022-07-08 15:44:27,4
3,1826,2022-07-08 15:44:27,5
3,338,2022-07-08 15:44:27,6
3,394,2022-07-08 15:44:27,7
3,2144,2022-07-08 15:44:27,8
3,349,2022-07-08 15:44:27,9
3,1304,2022-07-08 15:44:27,10
3,379,2022-07-08 15:44:27,11
3,2475,2022-07-08 15:44:27,12
4,2646,2024-12-11 17:50:47,1
4,1513,2024-12-11 17:50:47,2
4,1062,2024-12-11 17:50:47,3
4,1351,2024-12-11 17:50:47,4
4,2054,2024-12-11 17:50:47,5
4,580,2024-12-11 17:50:47,6
4,2349,2024-12-11 17:50:47,7
4,1266,2024-12-11 17:50:47,8
4,615,2024-12-11 17:50:47,9
4,75,2024-12-11 17:50:47,10
4,775,2024-12-11 17:50:47,11
4,2605,2024-12-11 17:50:47,12
4,1065,2024-12-11 17:50:47,13
4,50,2024-12-11 17:50:47,14
4,281,2024-12-11 17:50:47,15
4,1487,2024-12-11 17:50:47,16
4,834,2024-12-11 17:50:47,17
4,1327,2024-12-11 17:50:47,18
4,980,2024-12-11 17:50:47,19
4,1138,2024-12-11 17:50:47,20
4,1692,2024-12-11 17:50:47,21
4,1684,2024-12-11 17:50:47,22
5,1829,2020-02-20 21:47:35,1
5,1318,2020-02-20 21:47:35,2
5,1537,2020-02-20 21:47:35,3
5,2355,2020-02-20 21:47:35,4
5,2488,2020-02-20 21:47:35,5
6,1026,2021-05-21 13:27:41,1
6,1161,2021-05-21 13:27:41,2
6,2384,2021-05-21 13:27:41,3
6,1120,2021-05-21 13:27:41,4
6,1657,2021-05-21 13:27:41,5
6,1770,2021-05-21 13:27:41,6
6,1809,2021-05-21 13:27:41,7
6,608,2021-05-21 13:27:41,8
6,220,2021-05-21 13:27:41,9
6,392,2021-05-21 13:27:41,10
6,240,2021-05-21 13:27:41,11
6,2255,2021-05-21 13:27:41,12
6,566,2021-05-21 13:27:41,13
6,1094,2021-05-21 13:27:41,14
6,2638,2021-05-21 13:27:41,15
6,66,2021-05-21 13:27:41,16
6,571,2021-05-21 13:27:41,17
6,2209,2021-05-21 13:27:41,18
6,376,2021-05-21 13:27:41,19
6,2077,2021-05-21 13:27:41,20
6,624,2021-05-21 13:27:41,21
6,565,2021-05-21 13:27:41,22
6,912,2021-05-21 13:27:41,23
6,2103,2021-05-21 13:27:41,24
7,2444,2021-02-15 08:39:53,1
7,1184,2021-02-15 08:39:53,2
7,5,2021-02-15 08:39:53,3
7,612,2021-02-15 08:39:53,4
7,1602,2021-02-15 08:39:53,5
7,577,2021-02-15 08:39:53,6
7,138,2021-02-15 08:39:53,7
7,2175,2021-02-15 08:39:53,8
7,1420,2021-02-15 08:39:53,9
7,2052,2021-02-15 08:39:53,10
7,287,2021-02-15 08:39:53,11
7,2036,2021-02-15 08:39:53,12
7,1074,2021-02-15 08:39:53,13
7,1331,2021-02-15 08:39:53,14
7,557,2021-02-15 08:39:53,15
7,1916,2021-02-15 08:39:53,16
7,932,2021-02-15 08:39:53,17
7,1469,2021-02-15 08:39:53,18
7,2610,2021-02-15 08:39:53,19
8,1686,2020-06-30 17:18:27,1
8,1277,2020-06-30 17:18:27,2
8,655,2020-06-30 17:18:27,3
8,911,2020-06-30 17:18:27,4
8,1411,2020-06-30 17:18:27,5
8,1862,2020-06-30 17:18:27,6
8,72,2020-06-30 17:18:27,7
8,35,2020-06-30 17:18:27,8
8,1207,2020-06-30 17:18:27,9
8,358,2020-06-30 17:18:27,10
8,654,2020-06-30 17:18:27,11
9,388,2023-07-08 23:17:32,1
9,2294,2023-07-08 23:17:32,2
9,572,2023-07-08 23:17:32,3
9,2260,2023-07-08 23:17:32,4
9,1360,2023-07-08 23:17:32,5
9,440,2023-07-08 23:17:32,6
9,2249,2023-07-08 23:17:32,7
9,476,2023-07-08 23:17:32,8
9,1715,2023-07-08 23:17:32,9
9,285,2023-07-08 23:17:32,10
9,2574,2023-07-08 23:17:32,11
9,724,2023-07-08 23:17:32,12
9,2587,2023-07-08 23:17:32,13
9,1341,2023-07-08 23:17:32,14
9,1418,2023-07-08 23:17:32,15
9,2313,2023-07-08 23:17:32,16
9,74,2023-07-08 23:17:32,17
9,1175,2023-07-08 23:17:32,18
9,1629,2023-07-08 23:17:32,19
9,469,2023-07-08 23:17:32,20
9,130,2023-07-08 23:17:32,21
9,250,2023-07-08 23:17:32,22
9,1904,2023-07-08 23:17:32,23
9,2465,2023-07-08 23:17:32,24
10,898,2025-08-14 06:27:52,1
10,227,2025-08-14 06:27:52,2
10,1084,2025-08-14 06:27:52,3
10,1747,2025-08-14 06:27:52,4
10,1673,2025-08-14 06:27:52,5
10,97,2025-08-14 06:27:52,6
10,221,2025-08-14 06:27:52,7
10,350,2025-08-14 06:27:52,8
10,524,2025-08-14 06:27:52,9
10,2301,2025-08-14 06:27:52,10
11,2140,2020-11-11 15:07:14,1
11,588,2020-11-11 15:07:14,2
11,1878,2020-11-11 15:07:14,3
11,355,2020-11-11 15:07:14,4
11,122,2020-11-11 15:07:14,5
11,368,2020-11-11 15:07:14,6
11,720,2020-11-11 15:07:14,7
11,822,2020-11-11 15:07:14,8
11,521,2020-11-11 15:07:14,9
11,2326,2020-11-11 15:07:14,10
11,2569,2020-11-11 15:07:14,11
11,1750,2020-11-11 15:07:14,12
12,1438,2025-06-18 05:23:20,1
12,367,2025-06-18 05:23:20,2
12,513,2025-06-18 05:23:20,3
12,121,2025-06-18 05:23:20,4
12,1084,2025-06-18 05:23:20,5
12,2181,2025-06-18 05:23:20,6
12,1533,2025-06-18 05:23:20,7
13,2039,2024-03-18 12:12:35,1
13,1759,2024-03-18 12:12:35,2
13,1783,2024-03-18 12:12:35,3
13,1332,2024-03-18 12:12:35,4
13,920,2024-03-18 12:12:35,5
14,1060,2023-07-10 00:06:36,1
14,1279,2023-07-10 00:06:36,2
14,1564,2023-07-10 00:06:36,3
14,189,2023-07-10 00:06:36,4
14,1252,2023-07-10 00:06:36,5
14,728,2023-07-10 00:06:36,6
14,592,2023-07-10 00:06:36,7
14,1802,2023-07-10 00:06:36,8
14,1717,2023-07-10 00:06:36,9
14,897,2023-07-10 00:06:36,10
14,2597,2023-07-10 00:06:36,11
14,1229,2023-07-10 00:06:36,12
14,1569,2023-07-10 00:06:36,13
14,104,2023-07-10 00:06:36,14
14,439,2023-07-10 00:06:36,15
14,2548,2023-07-10 00:06:36,16
14,361,2023-07-10 00:06:36,17
14,1364,2023-07-10 00:06:36,18
14,970,2023-07-10 00:06:36,19
14,29,2023-07-10 00:06:36,20
14,1499,2023-07-10 00:06:36,21
14,2045,2023-07-10 00:06:36,22
14,2564,2023-07-10 00:06:36,23
14,840,2023-07-10 00:06:36,24
14,1267,2023-07-10 00:06:36,25
14,2015,2023-07-10 00:06:36,26
14,610,2023-07-10 00:06:36,27
14,1063,2023-07-10 00:06:36,28
14,963,2023-07-10 00:06:36,29
15,2287,2021-07-22 04:16:39,1
15,1728,2021-07-22 04:16:39,2
15,341,2021-07-22 04:16:39,3
15,2012,2021-07-22 04:16:39,4
15,1679,2021-07-22 04:16:39,5
15,2191,2021-07-22 04:16:39,6
15,693,2021-07-22 04:16:39,7
15,669,2021-07-22 04:16:39,8
15,1302,2021-07-22 04:16:39,9
15,416,2021-07-22 04:16:39,10
15,517,2021-07-22 04:16:39,11
15,1880,2021-07-22 04:16:39,12
15,751,2021-07-22 04:16:39,13
15,1615,2021-07-22 04:16:39,14
15,1856,2021-07-22 04:16:39,15
15,16,2021-07-22 04:16:39,16
16,1606,2020-06-04 11:43:59,1
16,1714,2020-06-04 11:43:59,2
16,1587,2020-06-04 11:43:59,3
16,1439,2020-06-04 11:43:59,4
16,1640,2020-06-04 11:43:59,5
16,626,2020-06-04 11:43:59,6
16,533,2020-06-04 11:43:59,7
16,1131,2020-06-04 11:43:59,8
16,314,2020-06-04 11:43:59,9
16,2546,2020-06-04 11:43:59,10
16,1811,2020-06-04 11:43:59,11
16,1675,2020-06-04 11:43:59,12
16,2236,2020-06-04 11:43:59,13
16,2092,2020-06-04 11:43:59,14
16,1105,2020-06-04 11:43:59,15
16,2555,2020-06-04 11:43:59,16
16,1202,2020-06-04 11:43:59,17
16,1939,2020-06-04 11:43:59,18
16,1914,2020-06-04 11:43:59,19
16,330,2020-06-04 11:43:59,20
16,654,2020-06-04 11:43:59,21
17,247,2025-06-10 20:20:43,1
17,2618,2025-06-10 20:20:43,2
17,851,2025-06-10 20:20:43,3
17,1482,2025-06-10 20:20:43,4
17,62,2025-06-10 20:20:43,5
17,150,2025-06-10 20:20:43,6
17,1691,2025-06-10 20:20:43,7
17,446,2025-06-10 20:20:43,8
17,2091,2025-06-10 20:20:43,9
17,1243,2025-06-10 20:20:43,10
17,2051,2025-06-10 20:20:43,11
17,2317,2025-06-10 20:20:43,12
17,1980,2025-06-10 20:20:43,13
17,1235,2025-06-10 20:20:43,14
17,597,2025-06-10 20:20:43,15
17,515,2025-06-10 20:20:43,16
17,964,2025-06-10 20:20:43,17
17,1283,2025-06-10 20:20:43,18
17,1114,2025-06-10 20:20:43,19
17,859,2025-06-10 20:20:43,20
17,1260,2025-06-10 20:20:43,21
17,220,2025-06-10 20:20:43,22
17,1259,2025-06-10 20:20:43,23
18,1718,2024-07-25 20:25:09,1
18,1550,2024-07-25 20:25:09,2
18,2244,2024-07-25 20:25:09,3
18,625,2024-07-25 20:25:09,4
18,453,2024-07-25 20:25:09,5
18,618,2024-07-25 20:25:09,6
18,356,2024-07-25 20:25:09,7
18,1378,2024-07-25 20:25:09,8
18,2610,2024-07-25 20:25:09,9
18,1773,2024-07-25 20:25:09,10
18,1036,2024-07-25 20:25:09,11
18,2477,2024-07-25 20:25:09,12
18,1460,2024-07-25 20:25:09,13
18,671,2024-07-25 20:25:09,14
18,1462,2024-07-25 20:25:09,15
18,1052,2024-07-25 20:25:09,16
18,2355,2024-07-25 20:25:09,17
18,705,2024-07-25 20:25:09,18
18,71,2024-07-25 20:25:09,19
18,1638,2024-07-25 20:25:09,20
18,1133,2024-07-25 20:25:09,21
18,1160,2024-07-25 20:25:09,22
18,2633,2024-07-25 20:25:09,23
18,361,2024-07-25 20:25:09,24
18,507,2024-07-25 20:25:09,25
18,415,2024-07-25 20:25:09,26
18,2509,2024-07-25 20:25:09,27
18,2020,2024-07-25 20:25:09,28
19,802,2021-04-23 17:29:49,1
19,2240,2021-04-23 17:29:49,2
19,2255,2021-04-23 17:29:49,3
19,329,2021-04-23 17:29:49,4
19,2176,2021-04-23 17:29:49,5
19,602,2021-04-23 17:29:49,6
19,1899,2021-04-23 17:29:49,7
19,1021,2021-04-23 17:29:49,8
19,11,2021-04-23 17:29:49,9
19,1758,2021-04-23 17:29:49,10
19,957,2021-04-23 17:29:49,11
19,1257,2021-04-23 17:29:49,12
19,924,2021-04-23 17:29:49,13
19,1382,2021-04-23 17:29:49,14
19,2404,2021-04-23 17:29:49,15
19,1178,2021-04-23 17:29:49,16
19,2050,2021-04-23 17:29:49,17
19,2060,2021-04-23 17:29:49,18
19,733,2021-04-23 17:29:49,19
19,266,2021-04-23 17:29:49,20
19,2164,2021-04-23 17:29:49,21
19,2117,2021-04-23 17:29:49,22
19,1136,2021-04-23 17:29:49,23
19,1720,2021-04-23 17:29:49,24
19,2199,2021-04-23 17:29:49,25
19,96,2021-04-23 17:29:49,26
19,1660,2021-04-23 17:29:49,27
19,1064,2021-04-23 17:29:49,28
19,75,2021-04-23 17:29:49,29
20,403,2025-05-07 23:50:46,1
20,413,2025-05-07 23:50:46,2
20,180,2025-05-07 23:50:46,3
20,745,2025-05-07 23:50:46,4
20,374,2025-05-07 23:50:46,5
20,660,2025-05-07 23:50:46,6
20,1520,2025-05-07 23:50:46,7
20,1274,2025-05-07 23:50:46,8
20,804,2025-05-07 23:50:46,9
20,1143,2025-05-07 23:50:46,10
20,337,2025-05-07 23:50:46,11
20,764,2025-05-07 23:50:46,12
20,1013,2025-05-07 23:50:46,13
20,121,2025-05-07 23:50:46,14
20,486,2025-05-07 23:50:46,15
20,1645,2025-05-07 23:50:46,16
21,1274,2024-04-20 10:22:46,1
21,2504,2024-04-20 10:22:46,2
21,2163,2024-04-20 10:22:46,3
21,1737,2024-04-20 10:22:46,4
21,18,2024-04-20 10:22:46,5
21,982,2024-04-20 10:22:46,6
22,583,2021-07-12 20:43:45,1
22,412,2021-07-12 20:43:45,2
22,2630,2021-07-12 20:43:45,3
22,2070,2021-07-12 20:43:45,4
22,1578,2021-07-12 20:43:45,5
22,217,2021-07-12 20:43:45,6
22,240,2021-07-12 20:43:45,7
22,830,2021-07-12 20:43:45,8
22,669,2021-07-12 20:43:45,9
22,256,2021-07-12 20:43:45,10
22,826,2021-07-12 20:43:45,11
22,431,2021-07-12 20:43:45,12
22,2436,2021-07-12 20:43:45,13
22,1830,2021-07-12 20:43:45,14
22,2256,2021-07-12 20:43:45,15
22,2426,2021-07-12 20:43:45,16
22,2552,2021-07-12 20:43:45,17
22,2476,2021-07-12 20:43:45,18
22,203,2021-07-12 20:43:45,19
22,329,2021-07-12 20:43:45,20
23,1131,2025-02-03 09:33:21,1
23,133,2025-02-03 09:33:21,2
23,55,2025-02-03 09:33:21,3
23,860,2025-02-03 09:33:21,4
23,1220,2025-02-03 09:33:21,5
23,1945,2025-02-03 09:33:21,6
23,479,2025-02-03 09:33:21,7
24,439,2023-04-12 00:21:51,1
24,2034,2023-04-12 00:21:51,2
24,406,2023-04-12 00:21:51,3
24,2416,2023-04-12 00:21:51,4
24,1912,2023-04-12 00:21:51,5
24,2273,2023-04-12 00:21:51,6
24,1700,2023-04-12 00:21:51,7
24,187,2023-04-12 00:21:51,8
24,430,2023-04-12 00:21:51,9
24,2582,2023-04-12 00:21:51,10
24,1590,2023-04-12 00:21:51,11
24,638,2023-04-12 00:21:51,12
25,1454,2022-05-25 08:36:36,1
25,2527,2022-05-25 08:36:36,2
25,209,2022-05-25 08:36:36,3
25,2079,2022-05-25 08:36:36,4
25,1059,2022-05-25 08:36:36,5
25,404,2022-05-25 08:36:36,6
25,2384,2022-05-25 08:36:36,7
25,2655,2022-05-25 08:36:36,8
25,1167,2022-05-25 08:36:36,9
25,2606,2022-05-25 08:36:36,10
25,1912,2022-05-25 08:36:36,11
25,2146,2022-05-25 08:36:36,12
25,1347,2022-05-25 08:36:36,13
25,1494,2022-05-25 08:36:36,14
25,39,2022-05-25 08:36:36,15
25,2576,2022-05-25 08:36:36,16
25,494,2022-05-25 08:36:36,17
25,316,2022-05-25 08:36:36,18
25,844,2022-05-25 08:36:36,19
25,1793,2022-05-25 08:36:36,20
25,1396,2022-05-25 08:36:36,21
25,916,2022-05-25 08:36:36,22
25,1384,2022-05-25 08:36:36,23
25,2172,2022-05-25 08:36:36,24
25,679,2022-05-25 08:36:36,25
25,489,2022-05-25 08:36:36,26
25,93,2022-05-25 08:36:36,27
25,1936,2022-05-25 08:36:36,28
25,682,2022-05-25 08:36:36,29
26,2165,2024-04-24 14:35:40,1
26,1818,2024-04-24 14:35:40,2
26,2141,2024-04-24 14:35:40,3
26,15,2024-04-24 14:35:40,4
26,1932,2024-04-24 14:35:40,5
26,564,2024-04-24 14:35:40,6
26,1917,2024-04-24 14:35:40,7
26,2453,2024-04-24 14:35:40,8
26,231,2024-04-24 14:35:40,9
26,929,2024-04-24 14:35:40,10
26,459,2024-04-24 14:35:40,11
26,1702,2024-04-24 14:35:40,12
26,434,2024-04-24 14:35:40,13
26,1748,2024-04-24 14:35:40,14
26,113,2024-04-24 14:35:40,15
26,2264,2024-04-24 14:35:40,16
26,2098,2024-04-24 14:35:40,17
26,455,2024-04-24 14:35:40,18
26,2522,2024-04-24 14:35:40,19
26,1926,2024-04-24 14:35:40,20
26,634,2024-04-24 14:35:40,21
26,532,2024-04-24 14:35:40,22
27,2441,2022-02-07 15:53:08,1
27,2409,2022-02-07 15:53:08,2
27,2596,2022-02-07 15:53:08,3
27,1574,2022-02-07 15:53:08,4
27,1030,2022-02-07 15:53:08,5
27,1971,2022-02-07 15:53:08,6
27,2009,2022-02-07 15:53:08,7
27,495,2022-02-07 15:53:08,8
27,2194,2022-02-07 15:53:08,9
27,811,2022-02-07 15:53:08,10
27,1988,2022-02-07 15:53:08,11
28,929,2025-05-02 15:30:01,1
28,166,2025-05-02 15:30:01,2
28,1833,2025-05-02 15:30:01,3
28,1718,2025-05-02 15:30:01,4
28,2293,2025-05-02 15:30:01,5
28,435,2025-05-02 15:30:01,6
28,29,2025-05-02 15:30:01,7
28,746,2025-05-02 15:30:01,8
28,1175,2025-05-02 15:30:01,9
28,2241,2025-05-02 15:30:01,10
28,62,2025-05-02 15:30:01,11
28,2249,2025-05-02 15:30:01,12
28,1501,2025-05-02 15:30:01,13
28,1442,2025-05-02 15:30:01,14
28,1907,2025-05-02 15:30:01,15
29,129,2020-08-25 02:01:18,1
29,61,2020-08-25 02:01:18,2
29,696,2020-08-25 02:01:18,3
29,1053,2020-08-25 02:01:18,4
29,1201,2020-08-25 02:01:18,5
29,796,2020-08-25 02:01:18,6
29,553,2020-08-25 02:01:18,7
29,874,2020-08-25 02:01:18,8
29,1619,2020-08-25 02:01:18,9
29,763,2020-08-25 02:01:18,10
29,665,2020-08-25 02:01:18,11
29,498,2020-08-25 02:01:18,12
29,1601,2020-08-25 02:01:18,13
29,2397,2020-08-25 02:01:18,14
29,156,2020-08-25 02:01:18,15
29,1575,2020-08-25 02:01:18,16
29,2468,2020-08-25 02:01:18,17
29,1567,2020-08-25 02:01:18,18
29,2259,2020-08-25 02:01:18,19
29,1444,2020-08-25 02:01:18,20
29,1868,2020-08-25 02:01:18,21
30,1632,2020-11-05 20:23:03,1
30,1934,2020-11-05 20:23:03,2
30,82,2020-11-05 20:23:03,3
30,1594,2020-11-05 20:23:03,4
30,1813,2020-11-05 20:23:03,5
30,1461,2020-11-05 20:23:03,6
30,272,2020-11-05 20:23:03,7
30,1790,2020-11-05 20:23:03,8
30,2539,2020-11-05 20:23:03,9
30,485,2020-11-05 20:23:03,10
30,1008,2020-11-05 20:23:03,11
30,2368,2020-11-05 20:23:03,12
30,1494,2020-11-05 20:23:03,13
31,582,2020-09-24 01:05:45,1
31,367,2020-09-24 01:05:45,2
31,1319,2020-09-24 01:05:45,3
31,225,2020-09-24 01:05:45,4
31,473,2020-09-24 01:05:45,5
31,1666,2020-09-24 01:05:45,6
31,1222,2020-09-24 01:05:45,7
31,595,2020-09-24 01:05:45,8
31,1591,2020-09-24 01:05:45,9
31,298,2020-09-24 01:05:45,10
31,19,2020-09-24 01:05:45,11
31,1968,2020-09-24 01:05:45,12
31,40,2020-09-24 01:05:45,13
31,892,2020-09-24 01:05:45,14
31,810,2020-09-24 01:05:45,15
31,1491,2020-09-24 01:05:45,16
31,191,2020-09-24 01:05:45,17
31,2141,2020-09-24 01:05:45,18
31,1057,2020-09-24 01:05:45,19
31,642,2020-09-24 01:05:45,20
31,1156,2020-09-24 01:05:45,21
31,868,2020-09-24 01:05:45,22
31,461,2020-09-24 01:05:45,23
31,2540,2020-09-24 01:05:45,24
31,2205,2020-09-24 01:05:45,25
31,910,2020-09-24 01:05:45,26
31,2368,2020-09-24 01:05:45,27
32,1182,2024-07-07 11:57:19,1
32,2220,2024-07-07 11:57:19,2
32,1200,2024-07-07 11:57:19,3
32,2062,2024-07-07 11:57:19,4
32,271,2024-07-07 11:57:19,5
32,903,2024-07-07 11:57:19,6
32,97,2024-07-07 11:57:19,7
32,42,2024-07-07 11:57:19,8
32,1235,2024-07-07 11:57:19,9
33,1742,2020-05-10 09:02:07,1
33,2461,2020-05-10 09:02:07,2
33,306,2020-05-10 09:02:07,3
33,64,2020-05-10 09:02:07,4
33,1296,2020-05-10 09:02:07,5
33,937,2020-05-10 09:02:07,6
33,192,2020-05-10 09:02:07,7
33,604,2020-05-10 09:02:07,8
34,1509,2025-11-08 15:50:37,1
34,292,2025-11-08 15:50:37,2
34,1545,2025-11-08 15:50:37,3
34,1951,2025-11-08 15:50:37,4
34,1494,2025-11-08 15:50:37,5
34,2254,2025-11-08 15:50:37,6
34,1590,2025-11-08 15:50:37,7
34,1192,2025-11-08 15:50:37,8
35,1004,2025-03-23 05:22:52,1
35,947,2025-03-23 05:22:52,2
35,2517,2025-03-23 05:22:52,3
35,1352,2025-03-23 05:22:52,4
35,954,2025-03-23 05:22:52,5
35,1270,2025-03-23 05:22:52,6
35,2253,2025-03-23 05:22:52,7
35,372,2025-03-23 05:22:52,8
35,383,2025-03-23 05:22:52,9
35,13,2025-03-23 05:22:52,10
35,1335,2025-03-23 05:22:52,11
35,70,2025-03-23 05:22:52,12
35,486,2025-03-23 05:22:52,13
35,1132,2025-03-23 05:22:52,14
35,2043,2025-03-23 05:22:52,15
35,1723,2025-03-23 05:22:52,16
35,1064,2025-03-23 05:22:52,17
36,637,2020-08-17 16:54:43,1
36,2010,2020-08-17 16:54:43,2
36,2071,2020-08-17 16:54:43,3
36,2398,2020-08-17 16:54:43,4
36,1739,2020-08-17 16:54:43,5
36,501,2020-08-17 16:54:43,6
36,1311,2020-08-17 16:54:43,7
36,1936,2020-08-17 16:54:43,8
36,1011,2020-08-17 16:54:43,9
36,2261,2020-08-17 16:54:43,10
36,1381,2020-08-17 16:54:43,11
36,1315,2020-08-17 16:54:43,12
36,456,2020-08-17 16:54:43,13
36,561,2020-08-17 16:54:43,14
36,2237,2020-08-17 16:54:43,15
36,313,2020-08-17 16:54:43,16
36,1840,2020-08-17 16:54:43,17
36,2019,2020-08-17 16:54:43,18
36,1350,2020-08-17 16:54:43,19
36,404,2020-08-17 16:54:43,20
36,549,2020-08-17 16:54:43,21
36,960,2020-08-17 16:54:43,22
36,2426,2020-08-17 16:54:43,23
36,1525,2020-08-17 16:54:43,24
36,2306,2020-08-17 16:54:43,25
36,2039,2020-08-17 16:54:43,26
36,2076,2020-08-17 16:54:43,27
36,1399,2020-08-17 16:54:43,28
36,1484,2020-08-17 16:54:43,29
37,634,2022-06-24 04:29:04,1
37,1542,2022-06-24 04:29:04,2
37,2620,2022-06-24 04:29:04,3
37,187,2022-06-24 04:29:04,4
37,2452,2022-06-24 04:29:04,5
37,1892,2022-06-24 04:29:04,6
37,659,2022-06-24 04:29:04,7
37,931,2022-06-24 04:29:04,8
37,1571,2022-06-24 04:29:04,9
37,78,2022-06-24 04:29:04,10
37,629,2022-06-24 04:29:04,11
37,1211,2022-06-24 04:29:04,12
37,1199,2022-06-24 04:29:04,13
38,1515,2025-05-09 02:28:54,1
38,1148,2025-05-09 02:28:54,2
38,1732,2025-05-09 02:28:54,3
38,1895,2025-05-09 02:28:54,4
38,1920,2025-05-09 02:28:54,5
38,579,2025-05-09 02:28:54,6
38,151,2025-05-09 02:28:54,7
38,1467,2025-05-09 02:28:54,8
38,265,2025-05-09 02:28:54,9
38,1809,2025-05-09 02:28:54,10
38,417,2025-05-09 02:28:54,11
38,112,2025-05-09 02:28:54,12
38,1887,2025-05-09 02:28:54,13
38,834,2025-05-09 02:28:54,14
38,251,2025-05-09 02:28:54,15
38,2049,2025-05-09 02:28:54,16
38,1900,2025-05-09 02:28:54,17
38,502,2025-05-09 02:28:54,18
39,1574,2025-02-01 17:48:53,1
39,1080,2025-02-01 17:48:53,2
39,1969,2025-02-01 17:48:53,3
39,2178,2025-02-01 17:48:53,4
39,2627,2025-02-01 17:48:53,5
39,942,2025-02-01 17:48:53,6
39,1971,2025-02-01 17:48:53,7
39,251,2025-02-01 17:48:53,8
39,887,2025-02-01 17:48:53,9
39,401,2025-02-01 17:48:53,10
39,1994,2025-02-01 17:48:53,11
39,1303,2025-02-01 17:48:53,12
39,1258,2025-02-01 17:48:53,13
39,935,2025-02-01 17:48:53,14
39,2172,2025-02-01 17:48:53,15
39,66,2025-02-01 17:48:53,16
40,761,2020-11-17 18:39:53,1
40,1812,2020-11-17 18:39:53,2
40,1215,2020-11-17 18:39:53,3
40,299,2020-11-17 18:39:53,4
40,1236,2020-11-17 18:39:53,5
40,2062,2020-11-17 18:39:53,6
40,1329,2020-11-17 18:39:53,7
40,1881,2020-11-17 18:39:53,8
40,742,2020-11-17 18:39:53,9
40,1571,2020-11-17 18:39:53,10
40,205,2020-11-17 18:39:53,11
40,664,2020-11-17 18:39:53,12
40,2305,2020-11-17 18:39:53,13
40,708,2020-11-17 18:39:53,14
40,1362,2020-11-17 18:39:53,15
40,1064,2020-11-17 18:39:53,16
40,1616,2020-11-17 18:39:53,17
40,2164,2020-11-17 18:39:53,18
40,1650,2020-11-17 18:39:53,19
40,605,2020-11-17 18:39:53,20
40,1847,2020-11-17 18:39:53,21
40,762,2020-11-17 18:39:53,22
40,2274,2020-11-17 18:39:53,23
40,2115,2020-11-17 18:39:53,24
40,1230,2020-11-17 18:39:53,25
40,188,2020-11-17 18:39:53,26
40,1838,2020-11-17 18:39:53,27
40,1707,2020-11-17 18:39:53,28
40,1756,2020-11-17 18:39:53,29
41,558,2022-02-21 08:59:48,1
41,43,2022-02-21 08:59:48,2
41,1825,2022-02-21 08:59:48,3
41,1546,2022-02-21 08:59:48,4
41,848,2022-02-21 08:59:48,5
41,590,2022-02-21 08:59:48,6
41,1959,2022-02-21 08:59:48,7
41,277,2022-02-21 08:59:48,8
41,846,2022-02-21 08:59:48,9
41,1386,2022-02-21 08:59:48,10
41,853,2022-02-21 08:59:48,11
41,2247,2022-02-21 08:59:48,12
41,1643,2022-02-21 08:59:48,13
42,1711,2021-07-07 15:45:49,1
42,567,2021-07-07 15:45:49,2
42,1467,2021-07-07 15:45:49,3
42,2473,2021-07-07 15:45:49,4
42,514,2021-07-07 15:45:49,5
42,893,2021-07-07 15:45:49,6
42,2167,2021-07-07 15:45:49,7
42,1767,2021-07-07 15:45:49,8
42,2065,2021-07-07 15:45:49,9
42,1947,2021-07-07 15:45:49,10
42,2488,2021-07-07 15:45:49,11
42,214,2021-07-07 15:45:49,12
42,1665,2021-07-07 15:45:49,13
42,124,2021-07-07 15:45:49,14
42,1079,2021-07-07 15:45:49,15
42,2118,2021-07-07 15:45:49,16
42,2144,2021-07-07 15:45:49,17
42,1612,2021-07-07 15:45:49,18
42,2423,2021-07-07 15:45:49,19
42,958,2021-07-07 15:45:49,20
43,236,2020-12-05 20:51:23,1
43,1371,2020-12-05 20:51:23,2
43,1518,2020-12-05 20:51:23,3
43,964,2020-12-05 20:51:23,4
43,1064,2020-12-05 20:51:23,5
43,25,2020-12-05 20:51:23,6
43,1421,2020-12-05 20:51:23,7
43,105,2020-12-05 20:51:23,8
43,2150,2020-12-05 20:51:23,9
43,2474,2020-12-05 20:51:23,10
44,594,2021-06-20 10:43:23,1
44,1943,2021-06-20 10:43:23,2
44,820,2021-06-20 10:43:23,3
44,2367,2021-06-20 10:43:23,4
44,1713,2021-06-20 10:43:23,5
44,344,2021-06-20 10:43:23,6
44,1341,2021-06-20 10:43:23,7
44,2442,2021-06-20 10:43:23,8
44,1841,2021-06-20 10:43:23,9
44,1758,2021-06-20 10:43:23,10
44,1055,2021-06-20 10:43:23,11
44,37,2021-06-20 10:43:23,12
44,1288,2021-06-20 10:43:23,13
44,786,2021-06-20 10:43:23,14
44,1318,2021-06-20 10:43:23,15
44,1686,2021-06-20 10:43:23,16
44,1845,2021-06-20 10:43:23,17
44,237,2021-06-20 10:43:23,18
44,1941,2021-06-20 10:43:23,19
44,2049,2021-06-20 10:43:23,20
44,2439,2021-06-20 10:43:23,21
44,1898,2021-06-20 10:43:23,22
44,2048,2021-06-20 10:43:23,23
44,1389,2021-06-20 10:43:23,24
44,1411,2021-06-20 10:43:23,25
44,1044,2021-06-20 10:43:23,26
44,651,2021-06-20 10:43:23,27
44,1788,2021-06-20 10:43:23,28
44,316,2021-06-20 10:43:23,29
45,114,2024-03-09 07:19:40,1
45,989,2024-03-09 07:19:40,2
45,2159,2024-03-09 07:19:40,3
45,1064,2024-03-09 07:19:40,4
45,603,2024-03-09 07:19:40,5
45,742,2024-03-09 07:19:40,6
45,1954,2024-03-09 07:19:40,7
45,861,2024-03-09 07:19:40,8
45,1649,2024-03-09 07:19:40,9
45,534,2024-03-09 07:19:40,10
45,1866,2024-03-09 07:19:40,11
45,845,2024-03-09 07:19:40,12
45,739,2024-03-09 07:19:40,13
45,245,2024-03-09 07:19:40,14
45,722,2024-03-09 07:19:40,15
45,719,2024-03-09 07:19:40,16
45,2636,2024-03-09 07:19:40,17
45,604,2024-03-09 07:19:40,18
45,1975,2024-03-09 07:19:40,19
45,424,2024-03-09 07:19:40,20
45,436,2024-03-09 07:19:40,21
45,308,2024-03-09 07:19:40,22
45,1904,2024-03-09 07:19:40,23
46,2008,2022-02-15 00:27:00,1
46,1745,2022-02-15 00:27:00,2
46,2486,2022-02-15 00:27:00,3
46,495,2022-02-15 00:27:00,4
46,2015,2022-02-15 00:27:00,5
46,437,2022-02-15 00:27:00,6
46,1733,2022-02-15 00:27:00,7
46,674,2022-02-15 00:27:00,8
46,235,2022-02-15 00:27:00,9
46,1207,2022-02-15 00:27:00,10
46,646,2022-02-15 00:27:00,11
46,2527,2022-02-15 00:27:00,12
46,2225,2022-02-15 00:27:00,13
46,1524,2022-02-15 00:27:00,14
46,468,2022-02-15 00:27:00,15
46,1184,2022-02-15 00:27:00,16
47,2263,2023-11-12 18:46:52,1
47,1656,2023-11-12 18:46:52,2
47,2364,2023-11-12 18:46:52,3
47,2267,2023-11-12 18:46:52,4
47,954,2023-11-12 18:46:52,5
47,133,2023-11-12 18:46:52,6
47,1536,2023-11-12 18:46:52,7
47,720,2023-11-12 18:46:52,8
47,425,2023-11-12 18:46:52,9
47,1741,2023-11-12 18:46:52,10
47,2370,2023-11-12 18:46:52,11
47,33,2023-11-12 18:46:52,12
47,850,2023-11-12 18:46:52,13
48,734,2020-03-07 16:28:22,1
48,767,2020-03-07 16:28:22,2
48,122,2020-03-07 16:28:22,3
48,739,2020-03-07 16:28:22,4
48,1693,2020-03-07 16:28:22,5
48,2330,2020-03-07 16:28:22,6
48,2252,2020-03-07 16:28:22,7
48,57,2020-03-07 16:28:22,8
48,392,2020-03-07 16:28:22,9
48,1091,2020-03-07 16:28:22,10
48,756,2020-03-07 16:28:22,11
48,1629,2020-03-07 16:28:22,12
48,1101,2020-03-07 16:28:22,13
48,2030,2020-03-07 16:28:22,14
48,318,2020-03-07 16:28:22,15
48,249,2020-03-07 16:28:22,16
48,1730,2020-03-07 16:28:22,17
48,2238,2020-03-07 16:28:22,18
48,104,2020-03-07 16:28:22,19
48,293,2020-03-07 16:28:22,20
48,1846,2020-03-07 16:28:22,21
48,1903,2020-03-07 16:28:22,22
48,80,2020-03-07 16:28:22,23
49,330,2021-03-24 10:55:00,1
49,1639,2021-03-24 10:55:00,2
49,795,2021-03-24 10:55:00,3
49,1826,2021-03-24 10:55:00,4
49,162,2021-03-24 10:55:00,5
49,1403,2021-03-24 10:55:00,6
49,45,2021-03-24 10:55:00,7
49,135,2021-03-24 10:55:00,8
49,1193,2021-03-24 10:55:00,9
49,2390,2021-03-24 10:55:00,10
49,813,2021-03-24 10:55:00,11
50,757,2021-07-01 06:30:53,1
50,1693,2021-07-01 06:30:53,2
50,1880,2021-07-01 06:30:53,3
50,752,2021-07-01 06:30:53,4
50,1040,2021-07-01 06:30:53,5
50,1146,2021-07-01 06:30:53,6
50,1544,2021-07-01 06:30:53,7
50,2366,2021-07-01 06:30:53,8
50,917,2021-07-01 06:30:53,9
50,464,2021-07-01 06:30:53,10
50,1805,2021-07-01 06:30:53,11
51,2307,2025-10-29 12:41:59,1
51,1142,2025-10-29 12:41:59,2
51,1817,2025-10-29 12:41:59,3
51,1775,2025-10-29 12:41:59,4
51,990,2025-10-29 12:41:59,5
51,2275,2025-10-29 12:41:59,6
51,22,2025-10-29 12:41:59,7
51,2212,2025-10-29 12:41:59,8
51,911,2025-10-29 12:41:59,9
51,2306,2025-10-29 12:41:59,10
52,1629,2025-01-10 11:48:16,1
52,1332,2025-01-10 11:48:16,2
52,1066,2025-01-10 11:48:16,3
52,250,2025-01-10 11:48:16,4
52,641,2025-01-10 11:48:16,5
52,1433,2025-01-10 11:48:16,6
53,2510,2023-04-03 09:16:39,1
53,2253,2023-04-03 09:16:39,2
53,1332,2023-04-03 09:16:39,3
53,446,2023-04-03 09:16:39,4
53,2473,2023-04-03 09:16:39,5
53,897,2023-04-03 09:16:39,6
53,2477,2023-04-03 09:16:39,7
53,922,2023-04-03 09:16:39,8
53,522,2023-04-03 09:16:39,9
53,1893,2023-04-03 09:16:39,10
53,648,2023-04-03 09:16:39,11
53,2021,2023-04-03 09:16:39,12
53,739,2023-04-03 09:16:39,13
53,2216,2023-04-03 09:16:39,14
53,357,2023-04-03 09:16:39,15
53,656,2023-04-03 09:16:39,16
53,2346,2023-04-03 09:16:39,17
53,483,2023-04-03 09:16:39,18
53,1588,2023-04-03 09:16:39,19
53,911,2023-04-03 09:16:39,20
53,1426,2023-04-03 09:16:39,21
53,196,2023-04-03 09:16:39,22
53,1223,2023-04-03 09:16:39,23
53,2307,2023-04-03 09:16:39,24
54,244,2020-01-05 16:25:26,1
54,514,2020-01-05 16:25:26,2
54,1764,2020-01-05 16:25:26,3
54,1720,2020-01-05 16:25:26,4
54,1854,2020-01-05 16:25:26,5
54,1619,2020-01-05 16:25:26,6
54,2646,2020-01-05 16:25:26,7
54,1357,2020-01-05 16:25:26,8
54,704,2020-01-05 16:25:26,9
54,1859,2020-01-05 16:25:26,10
54,681,2020-01-05 16:25:26,11
54,2265,2020-01-05 16:25:26,12
54,2640,2020-01-05 16:25:26,13
54,1245,2020-01-05 16:25:26,14
54,1458,2020-01-05 16:25:26,15
54,842,2020-01-05 16:25:26,16
54,2409,2020-01-05 16:25:26,17
54,2004,2020-01-05 16:25:26,18
55,2554,2021-08-30 09:41:12,1
55,2567,2021-08-30 09:41:12,2
55,2402,2021-08-30 09:41:12,3
55,1531,2021-08-30 09:41:12,4
55,96,2021-08-30 09:41:12,5
55,1855,2021-08-30 09:41:12,6
55,3,2021-08-30 09:41:12,7
55,2072,2021-08-30 09:41:12,8
55,2237,2021-08-30 09:41:12,9
55,1782,2021-08-30 09:41:12,10
55,1235,2021-08-30 09:41:12,11
55,12,2021-08-30 09:41:12,12
55,1715,2021-08-30 09:41:12,13
56,2029,2022-07-27 09:52:40,1
56,1489,2022-07-27 09:52:40,2
56,1691,2022-07-27 09:52:40,3
56,89,2022-07-27 09:52:40,4
56,695,2022-07-27 09:52:40,5
56,183,2022-07-27 09:52:40,6
56,2235,2022-07-27 09:52:40,7
56,42,2022-07-27 09:52:40,8
56,424,2022-07-27 09:52:40,9
56,2315,2022-07-27 09:52:40,10
56,704,2022-07-27 09:52:40,11
56,2438,2022-07-27 09:52:40,12
56,191,2022-07-27 09:52:40,13
56,680,2022-07-27 09:52:40,14
56,763,2022-07-27 09:52:40,15
56,319,2022-07-27 09:52:40,16
56,1522,2022-07-27 09:52:40,17
56,1226,2022-07-27 09:52:40,18
56,976,2022-07-27 09:52:40,19
56,2539,2022-07-27 09:52:40,20
56,134,2022-07-27 09:52:40,21
56,1145,2022-07-27 09:52:40,22
56,1062,2022-07-27 09:52:40,23
56,2221,2022-07-27 09:52:40,24
56,2345,2022-07-27 09:52:40,25
56,142,2022-07-27 09:52:40,26
56,2396,2022-07-27 09:52:40,27
56,923,2022-07-27 09:52:40,28
57,643,2022-08-04 18:33:31,1
57,1428,2022-08-04 18:33:31,2
57,789,2022-08-04 18:33:31,3
57,1013,2022-08-04 18:33:31,4
57,845,2022-08-04 18:33:31,5
57,710,2022-08-04 18:33:31,6
57,27,2022-08-04 18:33:31,7
57,688,2022-08-04 18:33:31,8
57,1003,2022-08-04 18:33:31,9
57,1465,2022-08-04 18:33:31,10
58,167,2024-03-30 15:16:35,1
58,631,2024-03-30 15:16:35,2
58,1533,2024-03-30 15:16:35,3
58,1358,2024-03-30 15:16:35,4
58,1410,2024-03-30 15:16:35,5
58,244,2024-03-30 15:16:35,6
58,465,2024-03-30 15:16:35,7
59,927,2022-10-24 02:50:50,1
59,1383,2022-10-24 02:50:50,2
59,1162,2022-10-24 02:50:50,3
59,1346,2022-10-24 02:50:50,4
59,137,2022-10-24 02:50:50,5
59,926,2022-10-24 02:50:50,6
59,1659,2022-10-24 02:50:50,7
59,2380,2022-10-24 02:50:50,8
59,2066,2022-10-24 02:50:50,9
59,2271,2022-10-24 02:50:50,10
59,2295,2022-10-24 02:50:50,11
59,1167,2022-10-24 02:50:50,12
59,853,2022-10-24 02:50:50,13
59,2556,2022-10-24 02:50:50,14
59,794,2022-10-24 02:50:50,15
59,1006,2022-10-24 02:50:50,16
59,790,2022-10-24 02:50:50,17
59,665,2022-10-24 02:50:50,18
59,1207,2022-10-24 02:50:50,19
59,1009,2022-10-24 02:50:50,20
59,1615,2022-10-24 02:50:50,21
59,669,2022-10-24 02:50:50,22
59,2426,2022-10-24 02:50:50,23
59,1748,2022-10-24 02:50:50,24
60,30,2023-12-14 12:56:46,1
60,2202,2023-12-14 12:56:46,2
60,110,2023-12-14 12:56:46,3
60,1421,2023-12-14 12:56:46,4
60,2312,2023-12-14 12:56:46,5
60,2206,2023-12-14 12:56:46,6
60,2643,2023-12-14 12:56:46,7
60,945,2023-12-14 12:56:46,8
60,502,2023-12-14 12:56:46,9
61,1104,2020-02-02 01:50:33,1
61,1107,2020-02-02 01:50:33,2
61,371,2020-02-02 01:50:33,3
61,663,2020-02-02 01:50:33,4
61,2375,2020-02-02 01:50:33,5
61,236,2020-02-02 01:50:33,6
61,1820,2020-02-02 01:50:33,7
61,1366,2020-02-02 01:50:33,8
61,2452,2020-02-02 01:50:33,9
62,1283,2025-03-22 03:56:54,1
62,2506,2025-03-22 03:56:54,2
62,2463,2025-03-22 03:56:54,3
62,2519,2025-03-22 03:56:54,4
62,549,2025-03-22 03:56:54,5
62,232,2025-03-22 03:56:54,6
62,483,2025-03-22 03:56:54,7
62,585,2025-03-22 03:56:54,8
62,995,2025-03-22 03:56:54,9
62,2034,2025-03-22 03:56:54,10
62,1645,2025-03-22 03:56:54,11
62,812,2025-03-22 03:56:54,12
62,309,2025-03-22 03:56:54,13
62,1971,2025-03-22 03:56:54,14
62,1884,2025-03-22 03:56:54,15
62,1266,2025-03-22 03:56:54,16
62,2409,2025-03-22 03:56:54,17
63,1139,2024-04-25 16:57:41,1
63,656,2024-04-25 16:57:41,2
63,269,2024-04-25 16:57:41,3
63,61,2024-04-25 16:57:41,4
63,1573,2024-04-25 16:57:41,5
63,747,2024-04-25 16:57:41,6
63,2439,2024-04-25 16:57:41,7
63,1099,2024-04-25 16:57:41,8
63,2626,2024-04-25 16:57:41,9
63,381,2024-04-25 16:57:41,10
63,2320,2024-04-25 16:57:41,11
63,833,2024-04-25 16:57:41,12
63,1836,2024-04-25 16:57:41,13
63,1401,2024-04-25 16:57:41,14
63,2549,2024-04-25 16:57:41,15
63,401,2024-04-25 16:57:41,16
64,543,2025-03-16 15:48:05,1
64,741,2025-03-16 15:48:05,2
64,1621,2025-03-16 15:48:05,3
64,1829,2025-03-16 15:48:05,4
64,312,2025-03-16 15:48:05,5
64,939,2025-03-16 15:48:05,6
64,410,2025-03-16 15:48:05,7
64,1973,2025-03-16 15:48:05,8
64,1526,2025-03-16 15:48:05,9
64,951,2025-03-16 15:48:05,10
64,1642,2025-03-16 15:48:05,11
64,525,2025-03-16 15:48:05,12
64,1735,2025-03-16 15:48:05,13
64,1123,2025-03-16 15:48:05,14
64,1940,2025-03-16 15:48:05,15
64,1305,2025-03-16 15:48:05,16
64,620,2025-03-16 15:48:05,17
64,2084,2025-03-16 15:48:05,18
64,2579,2025-03-16 15:48:05,19
64,1633,2025-03-16 15:48:05,20
64,1032,2025-03-16 15:48:05,21
64,1570,2025-03-16 15:48:05,22
64,422,2025-03-16 15:48:05,23
65,105,2025-10-19 11:59:13,1
65,2543,2025-10-19 11:59:13,2
65,1744,2025-10-19 11:59:13,3
65,494,2025-10-19 11:59:13,4
65,1838,2025-10-19 11:59:13,5
65,937,2025-10-19 11:59:13,6
65,109,2025-10-19 11:59:13,7
65,19,2025-10-19 11:59:13,8
65,2340,2025-10-19 11:59:13,9
66,649,2022-03-10 15:32:36,1
66,2184,2022-03-10 15:32:36,2
66,1101,2022-03-10 15:32:36,3
66,1292,2022-03-10 15:32:36,4
66,563,2022-03-10 15:32:36,5
66,1108,2022-03-10 15:32:36,6
66,251,2022-03-10 15:32:36,7
66,783,2022-03-10 15:32:36,8
66,681,2022-03-10 15:32:36,9
66,434,2022-03-10 15:32:36,10
66,258,2022-03-10 15:32:36,11
66,1450,2022-03-10 15:32:36,12
66,944,2022-03-10 15:32:36,13
66,1360,2022-03-10 15:32:36,14
66,1453,2022-03-10 15:32:36,15
66,41,2022-03-10 15:32:36,16
66,1302,2022-03-10 15:32:36,17
66,386,2022-03-10 15:32:36,18
66,1110,2022-03-10 15:32:36,19
66,860,2022-03-10 15:32:36,20
66,572,2022-03-10 15:32:36,21
66,412,2022-03-10 15:32:36,22
66,2384,2022-03-10 15:32:36,23
67,431,2023-05-19 05:55:24,1
67,1227,2023-05-19 05:55:24,2
67,974,2023-05-19 05:55:24,3
67,203,2023-05-19 05:55:24,4
67,2120,2023-05-19 05:55:24,5
67,1809,2023-05-19 05:55:24,6
67,1988,2023-05-19 05:55:24,7
67,2422,2023-05-19 05:55:24,8
67,1889,2023-05-19 05:55:24,9
67,2613,2023-05-19 05:55:24,10
67,573,2023-05-19 05:55:24,11
67,1069,2023-05-19 05:55:24,12
67,1910,2023-05-19 05:55:24,13
67,2480,2023-05-19 05:55:24,14
67,520,2023-05-19 05:55:24,15
67,1534,2023-05-19 05:55:24,16
67,1030,2023-05-19 05:55:24,17
67,538,2023-05-19 05:55:24,18
67,629,2023-05-19 05:55:24,19
67,383,2023-05-19 05:55:24,20
67,2056,2023-05-19 05:55:24,21
67,2234,2023-05-19 05:55:24,22
67,968,2023-05-19 05:55:24,23
67,1042,2023-05-19 05:55:24,24
67,2574,2023-05-19 05:55:24,25
68,1317,2025-08-06 03:00:44,1
68,2211,2025-08-06 03:00:44,2
68,449,2025-08-06 03:00:44,3
68,2420,2025-08-06 03:00:44,4
68,739,2025-08-06 03:00:44,5
68,31,2025-08-06 03:00:44,6
68,1240,2025-08-06 03:00:44,7
68,2224,2025-08-06 03:00:44,8
68,1979,2025-08-06 03:00:44,9
68,2018,2025-08-06 03:00:44,10
68,170,2025-08-06 03:00:44,11
68,1768,2025-08-06 03:00:44,12
68,2019,2025-08-06 03:00:44,13
68,2598,2025-08-06 03:00:44,14
68,1566,2025-08-06 03:00:44,15
68,2354,2025-08-06 03:00:44,16
68,813,2025-08-06 03:00:44,17
68,856,2025-08-06 03:00:44,18
68,961,2025-08-06 03:00:44,19
68,697,2025-08-06 03:00:44,20
68,2413,2025-08-06 03:00:44,21
68,2415,2025-08-06 03:00:44,22
68,2287,2025-08-06 03:00:44,23
68,1762,2025-08-06 03:00:44,24
68,1452,2025-08-06 03:00:44,25
68,391,2025-08-06 03:00:44,26
68,1467,2025-08-06 03:00:44,27
68,2530,2025-08-06 03:00:44,28
68,235,2025-08-06 03:00:44,29
68,680,2025-08-06 03:00:44,30
69,1914,2022-09-10 10:22:00,1
69,2224,2022-09-10 10:22:00,2
69,1188,2022-09-10 10:22:00,3
69,1775,2022-09-10 10:22:00,4
69,1127,2022-09-10 10:22:00,5
69,235,2022-09-10 10:22:00,6
69,2129,2022-09-10 10:22:00,7
69,1367,2022-09-10 10:22:00,8
69,2608,2022-09-10 10:22:00,9
69,2063,2022-09-10 10:22:00,10
69,1472,2022-09-10 10:22:00,11
69,2160,2022-09-10 10:22:00,12
69,2173,2022-09-10 10:22:00,13
69,787,2022-09-10 10:22:00,14
69,2218,2022-09-10 10:22:00,15
70,1314,2022-04-12 16:05:04,1
70,1791,2022-04-12 16:05:04,2
70,1958,2022-04-12 16:05:04,3
70,553,2022-04-12 16:05:04,4
70,1657,2022-04-12 16:05:04,5
70,705,2022-04-12 16:05:04,6
70,74,2022-04-12 16:05:04,7
70,2081,2022-04-12 16:05:04,8
70,1091,2022-04-12 16:05:04,9
70,1630,2022-04-12 16:05:04,10
71,514,2024-03-27 06:10:40,1
71,2395,2024-03-27 06:10:40,2
71,690,2024-03-27 06:10:40,3
71,1485,2024-03-27 06:10:40,4
71,1250,2024-03-27 06:10:40,5
71,888,2024-03-27 06:10:40,6
71,2612,2024-03-27 06:10:40,7
71,1307,2024-03-27 06:10:40,8
71,1529,2024-03-27 06:10:40,9
71,329,2024-03-27 06:10:40,10
71,2399,2024-03-27 06:10:40,11
71,1605,2024-03-27 06:10:40,12
71,692,2024-03-27 06:10:40,13
71,2276,2024-03-27 06:10:40,14
71,652,2024-03-27 06:10:40,15
71,708,2024-03-27 06:10:40,16
71,752,2024-03-27 06:10:40,17
71,1436,2024-03-27 06:10:40,18
71,36,2024-03-27 06:10:40,19
71,436,2024-03-27 06:10:40,20
72,752,2021-06-13 17:07:47,1
72,1445,2021-06-13 17:07:47,2
72,2604,2021-06-13 17:07:47,3
72,1662,2021-06-13 17:07:47,4
72,689,2021-06-13 17:07:47,5
72,1229,2021-06-13 17:07:47,6
72,1832,2021-06-13 17:07:47,7
72,705,2021-06-13 17:07:47,8
72,2263,2021-06-13 17:07:47,9
72,1685,2021-06-13 17:07:47,10
72,773,2021-06-13 17:07:47,11
72,2413,2021-06-13 17:07:47,12
72,1032,2021-06-13 17:07:47,13
72,739,2021-06-13 17:07:47,14
72,2647,2021-06-13 17:07:47,15
72,53,2021-06-13 17:07:47,16
72,372,2021-06-13 17:07:47,17
72,695,2021-06-13 17:07:47,18
72,666,2021-06-13 17:07:47,19
72,1007,2021-06-13 17:07:47,20
72,1121,2021-06-13 17:07:47,21
72,358,2021-06-13 17:07:47,22
73,2334,2024-10-28 08:23:06,1
73,2349,2024-10-28 08:23:06,2
73,717,2024-10-28 08:23:06,3
73,2434,2024-10-28 08:23:06,4
73,47,2024-10-28 08:23:06,5
73,56,2024-10-28 08:23:06,6
73,2481,2024-10-28 08:23:06,7
73,1711,2024-10-28 08:23:06,8
73,1616,2024-10-28 08:23:06,9
73,698,2024-10-28 08:23:06,10
73,1817,2024-10-28 08:23:06,11
73,163,2024-10-28 08:23:06,12
73,551,2024-10-28 08:23:06,13
73,1679,2024-10-28 08:23:06,14
74,2,2020-09-07 06:29:50,1
74,1075,2020-09-07 06:29:50,2
74,1404,2020-09-07 06:29:50,3
74,216,2020-09-07 06:29:50,4
74,2379,2020-09-07 06:29:50,5
74,1480,2020-09-07 06:29:50,6
74,1763,2020-09-07 06:29:50,7
74,796,2020-09-07 06:29:50,8
74,759,2020-09-07 06:29:50,9
74,274,2020-09-07 06:29:50,10
74,1955,2020-09-07 06:29:50,11
74,1168,2020-09-07 06:29:50,12
74,2651,2020-09-07 06:29:50,13
74,162,2020-09-07 06:29:50,14
74,77,2020-09-07 06:29:50,15
74,949,2020-09-07 06:29:50,16
74,2518,2020-09-07 06:29:50,17
75,205,2022-12-21 04:55:34,1
75,346,2022-12-21 04:55:34,2
75,2355,2022-12-21 04:55:34,3
75,900,2022-12-21 04:55:34,4
75,1007,2022-12-21 04:55:34,5
75,1519,2022-12-21 04:55:34,6
75,823,2022-12-21 04:55:34,7
76,2537,2021-03-16 10:22:59,1
76,728,2021-03-16 10:22:59,2
76,551,2021-03-16 10:22:59,3
76,657,2021-03-16 10:22:59,4
76,1221,2021-03-16 10:22:59,5
76,1900,2021-03-16 10:22:59,6
76,384,2021-03-16 10:22:59,7
76,356,2021-03-16 10:22:59,8
76,2425,2021-03-16 10:22:59,9
76,911,2021-03-16 10:22:59,10
76,1566,2021-03-16 10:22:59,11
76,24,2021-03-16 10:22:59,12
76,192,2021-03-16 10:22:59,13
76,1720,2021-03-16 10:22:59,14
76,88,2021-03-16 10:22:59,15
76,2167,2021-03-16 10:22:59,16
76,589,2021-03-16 10:22:59,17
76,1890,2021-03-16 10:22:59,18
76,1991,2021-03-16 10:22:59,19
76,153,2021-03-16 10:22:59,20
76,1313,2021-03-16 10:22:59,21
76,1639,2021-03-16 10:22:59,22
77,1640,2021-02-19 18:26:02,1
77,455,2021-02-19 18:26:02,2
77,1713,2021-02-19 18:26:02,3
77,225,2021-02-19 18:26:02,4
77,1942,2021-02-19 18:26:02,5
77,1786,2021-02-19 18:26:02,6
77,532,2021-02-19 18:26:02,7
77,1602,2021-02-19 18:26:02,8
77,1153,2021-02-19 18:26:02,9
77,895,2021-02-19 18:26:02,10
77,2154,2021-02-19 18:26:02,11
77,1450,2021-02-19 18:26:02,12
77,43,2021-02-19 18:26:02,13
78,2345,2024-11-14 07:57:05,1
78,1334,2024-11-14 07:57:05,2
78,935,2024-11-14 07:57:05,3
78,1897,2024-11-14 07:57:05,4
78,711,2024-11-14 07:57:05,5
79,1112,2021-04-13 20:37:06,1
79,1736,2021-04-13 20:37:06,2
79,370,2021-04-13 20:37:06,3
79,1822,2021-04-13 20:37:06,4
79,1744,2021-04-13 20:37:06,5
79,601,2021-04-13 20:37:06,6
79,914,2021-04-13 20:37:06,7
79,456,2021-04-13 20:37:06,8
79,843,2021-04-13 20:37:06,9
79,812,2021-04-13 20:37:06,10
79,1681,2021-04-13 20:37:06,11
80,51,2020-12-29 14:03:44,1
80,2634,2020-12-29 14:03:44,2
80,2529,2020-12-29 14:03:44,3
80,1061,2020-12-29 14:03:44,4
80,1160,2020-12-29 14:03:44,5
80,382,2020-12-29 14:03:44,6
80,1783,2020-12-29 14:03:44,7
80,1228,2020-12-29 14:03:44,8
81,820,2021-11-09 10:34:18,1
81,407,2021-11-09 10:34:18,2
81,1594,2021-11-09 10:34:18,3
81,1430,2021-11-09 10:34:18,4
81,1131,2021-11-09 10:34:18,5
81,1179,2021-11-09 10:34:18,6
81,477,2021-11-09 10:34:18,7
81,806,2021-11-09 10:34:18,8
81,1884,2021-11-09 10:34:18,9
82,1901,2025-01-11 10:54:12,1
82,1925,2025-01-11 10:54:12,2
82,1591,2025-01-11 10:54:12,3
82,2144,2025-01-11 10:54:12,4
82,1483,2025-01-11 10:54:12,5
82,1953,2025-01-11 10:54:12,6
82,1722,2025-01-11 10:54:12,7
82,130,2025-01-11 10:54:12,8
82,1729,2025-01-11 10:54:12,9
82,854,2025-01-11 10:54:12,10
83,1029,2025-08-27 14:06:09,1
83,2476,2025-08-27 14:06:09,2
83,1198,2025-08-27 14:06:09,3
83,738,2025-08-27 14:06:09,4
83,2555,2025-08-27 14:06:09,5
83,185,2025-08-27 14:06:09,6
83,1137,2025-08-27 14:06:09,7
83,1756,2025-08-27 14:06:09,8
83,285,2025-08-27 14:06:09,9
83,1939,2025-08-27 14:06:09,10
83,1343,2025-08-27 14:06:09,11
83,1394,2025-08-27 14:06:09,12
83,410,2025-08-27 14:06:09,13
83,2096,2025-08-27 14:06:09,14
83,2255,2025-08-27 14:06:09,15
83,1808,2025-08-27 14:06:09,16
83,81,2025-08-27 14:06:09,17
83,355,2025-08-27 14:06:09,18
83,2026,2025-08-27 14:06:09,19
83,2539,2025-08-27 14:06:09,20
83,2522,2025-08-27 14:06:09,21
83,2313,2025-08-27 14:06:09,22
83,774,2025-08-27 14:06:09,23
83,707,2025-08-27 14:06:09,24
83,1228,2025-08-27 14:06:09,25
83,749,2025-08-27 14:06:09,26
83,169,2025-08-27 14:06:09,27
83,691,2025-08-27 14:06:09,28
83,1176,2025-08-27 14:06:09,29
83,2296,2025-08-27 14:06:09,30
84,1824,2023-06-03 15:56:07,1
84,1261,2023-06-03 15:56:07,2
84,1093,2023-06-03 15:56:07,3
84,1095,2023-06-03 15:56:07,4
84,319,2023-06-03 15:56:07,5
84,2033,2023-06-03 15:56:07,6
84,690,2023-06-03 15:56:07,7
84,898,2023-06-03 15:56:07,8
84,1101,2023-06-03 15:56:07,9
84,1415,2023-06-03 15:56:07,10
84,1755,2023-06-03 15:56:07,11
84,1374,2023-06-03 15:56:07,12
85,805,2023-12-10 08:05:24,1
85,2053,2023-12-10 08:05:24,2
85,1593,2023-12-10 08:05:24,3
85,2346,2023-12-10 08:05:24,4
85,1047,2023-12-10 08:05:24,5
85,1838,2023-12-10 08:05:24,6
85,2336,2023-12-10 08:05:24,7
85,45,2023-12-10 08:05:24,8
85,678,2023-12-10 08:05:24,9
85,1471,2023-12-10 08:05:24,10
85,1202,2023-12-10 08:05:24,11
85,2196,2023-12-10 08:05:24,12
85,1515,2023-12-10 08:05:24,13
85,924,2023-12-10 08:05:24,14
85,1551,2023-12-10 08:05:24,15
85,561,2023-12-10 08:05:24,16
85,1713,2023-12-10 08:05:24,17
85,2292,2023-12-10 08:05:24,18
85,2326,2023-12-10 08:05:24,19
85,170,2023-12-10 08:05:24,20
85,1151,2023-12-10 08:05:24,21
85,1916,2023-12-10 08:05:24,22
85,709,2023-12-10 08:05:24,23
85,811,2023-12-10 08:05:24,24
85,2113,2023-12-10 08:05:24,25
85,1778,2023-12-10 08:05:24,26
85,1091,2023-12-10 08:05:24,27
85,259,2023-12-10 08:05:24,28
85,50,2023-12-10 08:05:24,29
85,14,2023-12-10 08:05:24,30
86,1389,2021-04-23 23:41:52,1
86,931,2021-04-23 23:41:52,2
86,2052,2021-04-23 23:41:52,3
86,1382,2021-04-23 23:41:52,4
86,2564,2021-04-23 23:41:52,5
86,1282,2021-04-23 23:41:52,6
86,1974,2021-04-23 23:41:52,7
86,1098,2021-04-23 23:41:52,8
86,715,2021-04-23 23:41:52,9
86,375,2021-04-23 23:41:52,10
86,1601,2021-04-23 23:41:52,11
86,1141,2021-04-23 23:41:52,12
86,961,2021-04-23 23:41:52,13
86,1316,2021-04-23 23:41:52,14
86,2417,2021-04-23 23:41:52,15
86,2472,2021-04-23 23:41:52,16
86,66,2021-04-23 23:41:52,17
86,134,2021-04-23 23:41:52,18
86,2383,2021-04-23 23:41:52,19
86,903,2021-04-23 23:41:52,20
86,1954,2021-04-23 23:41:52,21
86,2186,2021-04-23 23:41:52,22
86,319,2021-04-23 23:41:52,23
86,1073,2021-04-23 23:41:52,24
87,1751,2025-04-17 19:13:18,1
87,205,2025-04-17 19:13:18,2
87,1249,2025-04-17 19:13:18,3
87,2002,2025-04-17 19:13:18,4
87,2653,2025-04-17 19:13:18,5
87,2602,2025-04-17 19:13:18,6
87,1682,2025-04-17 19:13:18,7
87,385,2025-04-17 19:13:18,8
87,1203,2025-04-17 19:13:18,9
87,910,2025-04-17 19:13:18,10
87,1867,2025-04-17 19:13:18,11
87,2070,2025-04-17 19:13:18,12
87,2141,2025-04-17 19:13:18,13
87,1073,2025-04-17 19:13:18,14
87,1130,2025-04-17 19:13:18,15
87,870,2025-04-17 19:13:18,16
87,1873,2025-04-17 19:13:18,17
87,210,2025-04-17 19:13:18,18
87,1623,2025-04-17 19:13:18,19
87,1537,2025-04-17 19:13:18,20
87,338,2025-04-17 19:13:18,21
87,2221,2025-04-17 19:13:18,22
87,1849,2025-04-17 19:13:18,23
87,1440,2025-04-17 19:13:18,24
87,1703,2025-04-17 19:13:18,25
87,1051,2025-04-17 19:13:18,26
88,1915,2025-08-25 05:24:59,1
88,539,2025-08-25 05:24:59,2
88,1589,2025-08-25 05:24:59,3
88,958,2025-08-25 05:24:59,4
88,1656,2025-08-25 05:24:59,5
88,2267,2025-08-25 05:24:59,6
88,276,2025-08-25 05:24:59,7
88,1507,2025-08-25 05:24:59,8
88,1217,2025-08-25 05:24:59,9
88,357,2025-08-25 05:24:59,10
88,2128,2025-08-25 05:24:59,11
88,1527,2025-08-25 05:24:59,12
88,2120,2025-08-25 05:24:59,13
88,2495,2025-08-25 05:24:59,14
88,2340,2025-08-25 05:24:59,15
88,138,2025-08-25 05:24:59,16
88,245,2025-08-25 05:24:59,17
88,611,2025-08-25 05:24:59,18
89,1948,2023-09-02 12:19:17,1
89,684,2023-09-02 12:19:17,2
89,2363,2023-09-02 12:19:17,3
89,451,2023-09-02 12:19:17,4
89,46,2023-09-02 12:19:17,5
89,2118,2023-09-02 12:19:17,6
89,1262,2023-09-02 12:19:17,7
89,1371,2023-09-02 12:19:17,8
89,168,2023-09-02 12:19:17,9
89,1862,2023-09-02 12:19:17,10
89,2303,2023-09-02 12:19:17,11
89,1578,2023-09-02 12:19:17,12
89,84,2023-09-02 12:19:17,13
89,1189,2023-09-02 12:19:17,14
89,968,2023-09-02 12:19:17,15
89,1489,2023-09-02 12:19:17,16
89,1688,2023-09-02 12:19:17,17
89,1755,2023-09-02 12:19:17,18
89,137,2023-09-02 12:19:17,19
90,150,2025-08-22 15:09:23,1
90,934,2025-08-22 15:09:23,2
90,1016,2025-08-22 15:09:23,3
90,1820,2025-08-22 15:09:23,4
90,1094,2025-08-22 15:09:23,5
90,1741,2025-08-22 15:09:23,6
90,2426,2025-08-22 15:09:23,7
90,2086,2025-08-22 15:09:23,8
90,1007,2025-08-22 15:09:23,9
90,866,2025-08-22 15:09:23,10
90,111,2025-08-22 15:09:23,11
90,1624,2025-08-22 15:09:23,12
90,1979,2025-08-22 15:09:23,13
90,2641,2025-08-22 15:09:23,14
90,1803,2025-08-22 15:09:23,15
91,865,2024-05-17 02:21:38,1
91,92,2024-05-17 02:21:38,2
91,1658,2024-05-17 02:21:38,3
91,1930,2024-05-17 02:21:38,4
91,493,2024-05-17 02:21:38,5
91,2245,2024-05-17 02:21:38,6
91,556,2024-05-17 02:21:38,7
91,750,2024-05-17 02:21:38,8
91,752,2024-05-17 02:21:38,9
91,1723,2024-05-17 02:21:38,10
91,1681,2024-05-17 02:21:38,11
91,1948,2024-05-17 02:21:38,12
91,2354,2024-05-17 02:21:38,13
91,2632,2024-05-17 02:21:38,14
91,1152,2024-05-17 02:21:38,15
91,333,2024-05-17 02:21:38,16
91,2517,2024-05-17 02:21:38,17
91,67,2024-05-17 02:21:38,18
91,2097,2024-05-17 02:21:38,19
91,1852,2024-05-17 02:21:38,20
91,2082,2024-05-17 02:21:38,21
91,2651,2024-05-17 02:21:38,22
91,2077,2024-05-17 02:21:38,23
91,1765,2024-05-17 02:21:38,24
91,1348,2024-05-17 02:21:38,25
91,894,2024-05-17 02:21:38,26
92,1350,2025-09-08 23:04:16,1
92,2449,2025-09-08 23:04:16,2
92,192,2025-09-08 23:04:16,3
92,1587,2025-09-08 23:04:16,4
92,1929,2025-09-08 23:04:16,5
92,841,2025-09-08 23:04:16,6
92,2346,2025-09-08 23:04:16,7
92,1699,2025-09-08 23:04:16,8
92,838,2025-09-08 23:04:16,9
92,1248,2025-09-08 23:04:16,10
92,693,2025-09-08 23:04:16,11
92,2110,2025-09-08 23:04:16,12
92,2531,2025-09-08 23:04:16,13
92,2064,2025-09-08 23:04:16,14
92,1973,2025-09-08 23:04:16,15
92,1638,2025-09-08 23:04:16,16
92,99,2025-09-08 23:04:16,17
92,1290,2025-09-08 23:04:16,18
92,2612,2025-09-08 23:04:16,19
92,1322,2025-09-08 23:04:16,20
92,90,2025-09-08 23:04:16,21
93,2609,2021-08-27 09:20:21,1
93,1240,2021-08-27 09:20:21,2
93,2339,2021-08-27 09:20:21,3
93,566,2021-08-27 09:20:21,4
93,570,2021-08-27 09:20:21,5
93,484,2021-08-27 09:20:21,6
93,1866,2021-08-27 09:20:21,7
93,241,2021-08-27 09:20:21,8
93,1075,2021-08-27 09:20:21,9
93,2654,2021-08-27 09:20:21,10
93,2298,2021-08-27 09:20:21,11
93,1731,2021-08-27 09:20:21,12
93,319,2021-08-27 09:20:21,13
93,2233,2021-08-27 09:20:21,14
93,1645,2021-08-27 09:20:21,15
93,1814,2021-08-27 09:20:21,16
93,122,2021-08-27 09:20:21,17
93,1668,2021-08-27 09:20:21,18
93,1601,2021-08-27 09:20:21,19
93,844,2021-08-27 09:20:21,20
93,766,2021-08-27 09:20:21,21
93,251,2021-08-27 09:20:21,22
93,286,2021-08-27 09:20:21,23
93,1648,2021-08-27 09:20:21,24
93,668,2021-08-27 09:20:21,25
93,2367,2021-08-27 09:20:21,26
94,61,2021-11-23 22:43:01,1
94,1944,2021-11-23 22:43:01,2
94,786,2021-11-23 22:43:01,3
94,2377,2021-11-23 22:43:01,4
94,2382,2021-11-23 22:43:01,5
94,727,2021-11-23 22:43:01,6
94,2085,2021-11-23 22:43:01,7
94,2522,2021-11-23 22:43:01,8
94,329,2021-11-23 22:43:01,9
94,2321,2021-11-23 22:43:01,10
94,2198,2021-11-23 22:43:01,11
94,655,2021-11-23 22:43:01,12
94,2010,2021-11-23 22:43:01,13
94,492,2021-11-23 22:43:01,14
94,2302,2021-11-23 22:43:01,15
94,631,2021-11-23 22:43:01,16
94,1715,2021-11-23 22:43:01,17
94,1323,2021-11-23 22:43:01,18
94,836,2021-11-23 22:43:01,19
94,956,2021-11-23 22:43:01,20
94,1900,2021-11-23 22:43:01,21
94,371,2021-11-23 22:43:01,22
94,1875,2021-11-23 22:43:01,23
94,25,2021-11-23 22:43:01,24
94,2187,2021-11-23 22:43:01,25
94,1733,2021-11-23 22:43:01,26
95,2502,2020-05-15 11:45:07,1
95,1075,2020-05-15 11:45:07,2
95,703,2020-05-15 11:45:07,3
95,1660,2020-05-15 11:45:07,4
95,2406,2020-05-15 11:45:07,5
95,1196,2020-05-15 11:45:07,6
95,647,2020-05-15 11:45:07,7
95,124,2020-05-15 11:45:07,8
95,845,2020-05-15 11:45:07,9
95,2423,2020-05-15 11:45:07,10
95,2194,2020-05-15 11:45:07,11
95,961,2020-05-15 11:45:07,12
95,357,2020-05-15 11:45:07,13
95,973,2020-05-15 11:45:07,14
96,1239,2021-11-28 08:10:12,1
96,2621,2021-11-28 08:10:12,2
96,2464,2021-11-28 08:10:12,3
96,79,2021-11-28 08:10:12,4
96,463,2021-11-28 08:10:12,5
96,1157,2021-11-28 08:10:12,6
96,1470,2021-11-28 08:10:12,7
96,2317,2021-11-28 08:10:12,8
96,2501,2021-11-28 08:10:12,9
96,1715,2021-11-28 08:10:12,10
96,1842,2021-11-28 08:10:12,11
96,110,2021-11-28 08:10:12,12
96,1559,2021-11-28 08:10:12,13
96,2453,2021-11-28 08:10:12,14
96,736,2021-11-28 08:10:12,15
97,2527,2020-07-18 13:30:37,1
97,1393,2020-07-18 13:30:37,2
97,2207,2020-07-18 13:30:37,3
97,1799,2020-07-18 13:30:37,4
97,778,2020-07-18 13:30:37,5
97,9,2020-07-18 13:30:37,6
97,1507,2020-07-18 13:30:37,7
98,2488,2020-09-17 01:43:04,1
98,2173,2020-09-17 01:43:04,2
98,666,2020-09-17 01:43:04,3
98,1113,2020-09-17 01:43:04,4
98,951,2020-09-17 01:43:04,5
98,2300,2020-09-17 01:43:04,6
98,2100,2020-09-17 01:43:04,7
98,1139,2020-09-17 01:43:04,8
98,1005,2020-09-17 01:43:04,9
98,223,2020-09-17 01:43:04,10
98,601,2020-09-17 01:43:04,11
98,309,2020-09-17 01:43:04,12
98,1909,2020-09-17 01:43:04,13
99,2207,2020-10-20 04:04:54,1
99,458,2020-10-20 04:04:54,2
99,1697,2020-10-20 04:04:54,3
99,1932,2020-10-20 04:04:54,4
99,2057,2020-10-20 04:04:54,5
99,23,2020-10-20 04:04:54,6
99,1583,2020-10-20 04:04:54,7
99,2597,2020-10-20 04:04:54,8
99,1544,2020-10-20 04:04:54,9
99,2626,2020-10-20 04:04:54,10
99,1111,2020-10-20 04:04:54,11
99,909,2020-10-20 04:04:54,12
99,467,2020-10-20 04:04:54,13
99,1408,2020-10-20 04:04:54,14
99,2643,2020-10-20 04:04:54,15
99,2162,2020-10-20 04:04:54,16
99,2376,2020-10-20 04:04:54,17
99,213,2020-10-20 04:04:54,18
99,422,2020-10-20 04:04:54,19
99,1555,2020-10-20 04:04:54,20
99,1035,2020-10-20 04:04:54,21
99,2380,2020-10-20 04:04:54,22
99,582,2020-10-20 04:04:54,23
99,2094,2020-10-20 04:04:54,24
99,382,2020-10-20 04:04:54,25
99,1346,2020-10-20 04:04:54,26
99,7,2020-10-20 04:04:54,27
99,819,2020-10-20 04:04:54,28
100,190,2020-08-24 23:03:42,1
100,469,2020-08-24 23:03:42,2
100,1950,2020-08-24 23:03:42,3
100,223,2020-08-24 23:03:42,4
100,2454,2020-08-24 23:03:42,5
100,640,2020-08-24 23:03:42,6
100,1689,2020-08-24 23:03:42,7
100,2584,2020-08-24 23:03:42,8
100,1223,2020-08-24 23:03:42,9
100,175,2020-08-24 23:03:42,10
100,1828,2020-08-24 23:03:42,11
100,197,2020-08-24 23:03:42,12
100,834,2020-08-24 23:03:42,13
100,128,2020-08-24 23:03:42,14
100,2102,2020-08-24 23:03:42,15
100,2577,2020-08-24 23:03:42,16
100,2210,2020-08-24 23:03:42,17
100,129,2020-08-24 23:03:42,18
100,2121,2020-08-24 23:03:42,19
101,269,2024-05-07 17:53:57,1
101,1861,2024-05-07 17:53:57,2
101,653,2024-05-07 17:53:57,3
101,1648,2024-05-07 17:53:57,4
101,616,2024-05-07 17:53:57,5
101,2166,2024-05-07 17:53:57,6
101,679,2024-05-07 17:53:57,7
101,2461,2024-05-07 17:53:57,8
101,1699,2024-05-07 17:53:57,9
101,2254,2024-05-07 17:53:57,10
101,713,2024-05-07 17:53:57,11
101,1213,2024-05-07 17:53:57,12
101,1226,2024-05-07 17:53:57,13
101,2157,2024-05-07 17:53:57,14
101,1337,2024-05-07 17:53:57,15
101,124,2024-05-07 17:53:57,16
101,79,2024-05-07 17:53:57,17
101,1875,2024-05-07 17:53:57,18
101,604,2024-05-07 17:53:57,19
101,2115,2024-05-07 17:53:57,20
101,2080,2024-05-07 17:53:57,21
101,2374,2024-05-07 17:53:57,22
101,1389,2024-05-07 17:53:57,23
101,2315,2024-05-07 17:53:57,24
101,754,2024-05-07 17:53:57,25
102,2650,2023-03-03 06:49:43,1
102,1913,2023-03-03 06:49:43,2
102,2586,2023-03-03 06:49:43,3
102,1129,2023-03-03 06:49:43,4
102,364,2023-03-03 06:49:43,5
102,309,2023-03-03 06:49:43,6
102,1717,2023-03-03 06:49:43,7
102,2212,2023-03-03 06:49:43,8
102,9,2023-03-03 06:49:43,9
102,1733,2023-03-03 06:49:43,10
102,2427,2023-03-03 06:49:43,11
102,461,2023-03-03 06:49:43,12
102,2457,2023-03-03 06:49:43,13
102,1577,2023-03-03 06:49:43,14
102,452,2023-03-03 06:49:43,15
102,703,2023-03-03 06:49:43,16
102,1935,2023-03-03 06:49:43,17
102,1664,2023-03-03 06:49:43,18
102,1606,2023-03-03 06:49:43,19
102,543,2023-03-03 06:49:43,20
102,64,2023-03-03 06:49:43,21
102,2284,2023-03-03 06:49:43,22
102,136,2023-03-03 06:49:43,23
102,2173,2023-03-03 06:49:43,24
102,547,2023-03-03 06:49:43,25
103,984,2023-09-14 20:46:33,1
103,2560,2023-09-14 20:46:33,2
103,492,2023-09-14 20:46:33,3
103,1869,2023-09-14 20:46:33,4
103,233,2023-09-14 20:46:33,5
104,718,2024-03-31 21:40:58,1
104,1726,2024-03-31 21:40:58,2
104,798,2024-03-31 21:40:58,3
104,1084,2024-03-31 21:40:58,4
104,1150,2024-03-31 21:40:58,5
104,1104,2024-03-31 21:40:58,6
104,895,2024-03-31 21:40:58,7
104,1336,2024-03-31 21:40:58,8
104,2437,2024-03-31 21:40:58,9
104,1563,2024-03-31 21:40:58,10
104,2582,2024-03-31 21:40:58,11
104,754,2024-03-31 21:40:58,12
104,2630,2024-03-31 21:40:58,13
104,1037,2024-03-31 21:40:58,14
104,1369,2024-03-31 21:40:58,15
104,2138,2024-03-31 21:40:58,16
104,1985,2024-03-31 21:40:58,17
104,25,2024-03-31 21:40:58,18
104,333,2024-03-31 21:40:58,19
104,732,2024-03-31 21:40:58,20
104,45,2024-03-31 21:40:58,21
104,1210,2024-03-31 21:40:58,22
104,585,2024-03-31 21:40:58,23
104,1222,2024-03-31 21:40:58,24
104,665,2024-03-31 21:40:58,25
105,1532,2020-01-27 05:02:28,1
105,881,2020-01-27 05:02:28,2
105,1671,2020-01-27 05:02:28,3
105,2444,2020-01-27 05:02:28,4
105,77,2020-01-27 05:02:28,5
105,2399,2020-01-27 05:02:28,6
105,369,2020-01-27 05:02:28,7
105,640,2020-01-27 05:02:28,8
105,913,2020-01-27 05:02:28,9
105,1879,2020-01-27 05:02:28,10
105,1492,2020-01-27 05:02:28,11
105,1019,2020-01-27 05:02:28,12
105,37,2020-01-27 05:02:28,13
105,749,2020-01-27 05:02:28,14
105,2259,2020-01-27 05:02:28,15
105,1091,2020-01-27 05:02:28,16
105,2335,2020-01-27 05:02:28,17
105,1849,2020-01-27 05:02:28,18
105,1660,2020-01-27 05:02:28,19
105,241,2020-01-27 05:02:28,20
105,1024,2020-01-27 05:02:28,21
105,2499,2020-01-27 05:02:28,22
105,1544,2020-01-27 05:02:28,23
105,1839,2020-01-27 05:02:28,24
105,4,2020-01-27 05:02:28,25
105,541,2020-01-27 05:02:28,26
106,1203,2020-12-06 22:27:18,1
106,993,2020-12-06 22:27:18,2
106,1538,2020-12-06 22:27:18,3
106,1304,2020-12-06 22:27:18,4
106,545,2020-12-06 22:27:18,5
106,1263,2020-12-06 22:27:18,6
106,173,2020-12-06 22:27:18,7
106,1442,2020-12-06 22:27:18,8
106,1454,2020-12-06 22:27:18,9
106,911,2020-12-06 22:27:18,10
106,1741,2020-12-06 22:27:18,11
106,1048,2020-12-06 22:27:18,12
106,2054,2020-12-06 22:27:18,13
106,325,2020-12-06 22:27:18,14
106,2183,2020-12-06 22:27:18,15
106,1801,2020-12-06 22:27:18,16
106,1505,2020-12-06 22:27:18,17
106,1141,2020-12-06 22:27:18,18
106,67,2020-12-06 22:27:18,19
106,996,2020-12-06 22:27:18,20
106,1639,2020-12-06 22:27:18,21
106,1115,2020-12-06 22:27:18,22
106,2090,2020-12-06 22:27:18,23
106,2240,2020-12-06 22:27:18,24
106,602,2020-12-06 22:27:18,25
106,487,2020-12-06 22:27:18,26
106,1443,2020-12-06 22:27:18,27
106,2335,2020-12-06 22:27:18,28
106,1851,2020-12-06 22:27:18,29
107,1019,2022-03-25 10:51:51,1
107,2121,2022-03-25 10:51:51,2
107,1514,2022-03-25 10:51:51,3
107,1133,2022-03-25 10:51:51,4
107,1639,2022-03-25 10:51:51,5
107,1684,2022-03-25 10:51:51,6
107,624,2022-03-25 10:51:51,7
107,810,2022-03-25 10:51:51,8
107,521,2022-03-25 10:51:51,9
107,946,2022-03-25 10:51:51,10
107,1753,2022-03-25 10:51:51,11
107,158,2022-03-25 10:51:51,12
107,1562,2022-03-25 10:51:51,13
107,1652,2022-03-25 10:51:51,14
107,1899,2022-03-25 10:51:51,15
107,2476,2022-03-25 10:51:51,16
107,2560,2022-03-25 10:51:51,17
107,2167,2022-03-25 10:51:51,18
107,1671,2022-03-25 10:51:51,19
107,1163,2022-03-25 10:51:51,20
108,302,2020-06-30 17:09:16,1
108,530,2020-06-30 17:09:16,2
108,1528,2020-06-30 17:09:16,3
108,2382,2020-06-30 17:09:16,4
108,1272,2020-06-30 17:09:16,5
108,2323,2020-06-30 17:09:16,6
108,1985,2020-06-30 17:09:16,7
108,714,2020-06-30 17:09:16,8
108,553,2020-06-30 17:09:16,9
108,207,2020-06-30 17:09:16,10
108,1051,2020-06-30 17:09:16,11
108,762,2020-06-30 17:09:16,12
108,2478,2020-06-30 17:09:16,13
108,2149,2020-06-30 17:09:16,14
108,1585,2020-06-30 17:09:16,15
108,756,2020-06-30 17:09:16,16
108,680,2020-06-30 17:09:16,17
108,1683,2020-06-30 17:09:16,18
108,2309,2020-06-30 17:09:16,19
108,2540,2020-06-30 17:09:16,20
108,528,2020-06-30 17:09:16,21
108,46,2020-06-30 17:09:16,22
108,1573,2020-06-30 17:09:16,23
109,1631,2021-02-18 23:20:39,1
109,298,2021-02-18 23:20:39,2
109,1859,2021-02-18 23:20:39,3
109,2332,2021-02-18 23:20:39,4
109,2390,2021-02-18 23:20:39,5
109,1672,2021-02-18 23:20:39,6
109,725,2021-02-18 23:20:39,7
109,775,2021-02-18 23:20:39,8
109,1413,2021-02-18 23:20:39,9
109,1545,2021-02-18 23:20:39,10
109,2500,2021-02-18 23:20:39,11
109,2417,2021-02-18 23:20:39,12
109,2461,2021-02-18 23:20:39,13
109,633,2021-02-18 23:20:39,14
109,2409,2021-02-18 23:20:39,15
109,2471,2021-02-18 23:20:39,16
109,2246,2021-02-18 23:20:39,17
109,1016,2021-02-18 23:20:39,18
110,1314,2020-01-03 23:34:56,1
110,2265,2020-01-03 23:34:56,2
110,1956,2020-01-03 23:34:56,3
110,1638,2020-01-03 23:34:56,4
110,2278,2020-01-03 23:34:56,5
110,2109,2020-01-03 23:34:56,6
110,1901,2020-01-03 23:34:56,7
110,2030,2020-01-03 23:34:56,8
110,1848,2020-01-03 23:34:56,9
110,2503,2020-01-03 23:34:56,10
110,768,2020-01-03 23:34:56,11
111,1777,2021-07-05 23:23:28,1
111,51,2021-07-05 23:23:28,2
111,1234,2021-07-05 23:23:28,3
111,498,2021-07-05 23:23:28,4
111,1012,2021-07-05 23:23:28,5
111,1044,2021-07-05 23:23:28,6
111,2152,2021-07-05 23:23:28,7
111,708,2021-07-05 23:23:28,8
111,201,2021-07-05 23:23:28,9
111,2144,2021-07-05 23:23:28,10
111,1031,2021-07-05 23:23:28,11
111,2491,2021-07-05 23:23:28,12
111,392,2021-07-05 23:23:28,13
111,1341,2021-07-05 23:23:28,14
111,820,2021-07-05 23:23:28,15
111,2471,2021-07-05 23:23:28,16
112,777,2023-10-06 00:06:54,1
112,2456,2023-10-06 00:06:54,2
112,347,2023-10-06 00:06:54,3
112,634,2023-10-06 00:06:54,4
112,517,2023-10-06 00:06:54,5
112,1649,2023-10-06 00:06:54,6
112,41,2023-10-06 00:06:54,7
112,121,2023-10-06 00:06:54,8
112,19,2023-10-06 00:06:54,9
112,273,2023-10-06 00:06:54,10
112,1187,2023-10-06 00:06:54,11
112,1219,2023-10-06 00:06:54,12
112,204,2023-10-06 00:06:54,13
112,1911,2023-10-06 00:06:54,14
112,1634,2023-10-06 00:06:54,15
112,602,2023-10-06 00:06:54,16
112,2527,2023-10-06 00:06:54,17
112,276,2023-10-06 00:06:54,18
112,1250,2023-10-06 00:06:54,19
112,930,2023-10-06 00:06:54,20
112,139,2023-10-06 00:06:54,21
113,2311,2024-02-01 16:19:04,1
113,290,2024-02-01 16:19:04,2
113,892,2024-02-01 16:19:04,3
113,1231,2024-02-01 16:19:04,4
113,485,2024-02-01 16:19:04,5
113,69,2024-02-01 16:19:04,6
113,837,2024-02-01 16:19:04,7
113,2116,2024-02-01 16:19:04,8
113,2355,2024-02-01 16:19:04,9
113,2031,2024-02-01 16:19:04,10
113,1317,2024-02-01 16:19:04,11
113,624,2024-02-01 16:19:04,12
113,2604,2024-02-01 16:19:04,13
113,2227,2024-02-01 16:19:04,14
114,543,2024-06-06 00:14:38,1
114,136,2024-06-06 00:14:38,2
114,2423,2024-06-06 00:14:38,3
114,2511,2024-06-06 00:14:38,4
114,2213,2024-06-06 00:14:38,5
114,1781,2024-06-06 00:14:38,6
114,2640,2024-06-06 00:14:38,7
114,1341,2024-06-06 00:14:38,8
114,1572,2024-06-06 00:14:38,9
114,1218,2024-06-06 00:14:38,10
114,655,2024-06-06 00:14:38,11
114,555,2024-06-06 00:14:38,12
114,1216,2024-06-06 00:14:38,13
114,47,2024-06-06 00:14:38,14
114,1350,2024-06-06 00:14:38,15
114,2544,2024-06-06 00:14:38,16
114,620,2024-06-06 00:14:38,17
114,228,2024-06-06 00:14:38,18
114,2125,2024-06-06 00:14:38,19
114,749,2024-06-06 00:14:38,20
115,1380,2023-04-19 14:15:32,1
115,951,2023-04-19 14:15:32,2
115,127,2023-04-19 14:15:32,3
115,2336,2023-04-19 14:15:32,4
115,1985,2023-04-19 14:15:32,5
115,1748,2023-04-19 14:15:32,6
115,1754,2023-04-19 14:15:32,7
115,2493,2023-04-19 14:15:32,8
115,420,2023-04-19 14:15:32,9
115,2550,2023-04-19 14:15:32,10
115,1070,2023-04-19 14:15:32,11
115,2289,2023-04-19 14:15:32,12
116,1642,2023-05-25 13:39:06,1
116,513,2023-05-25 13:39:06,2
116,2329,2023-05-25 13:39:06,3
116,2234,2023-05-25 13:39:06,4
116,140,2023-05-25 13:39:06,5
116,1516,2023-05-25 13:39:06,6
116,1648,2023-05-25 13:39:06,7
116,2188,2023-05-25 13:39:06,8
116,540,2023-05-25 13:39:06,9
116,18,2023-05-25 13:39:06,10
116,349,2023-05-25 13:39:06,11
116,1941,2023-05-25 13:39:06,12
116,1493,2023-05-25 13:39:06,13
116,1008,2023-05-25 13:39:06,14
116,2573,2023-05-25 13:39:06,15
116,12,2023-05-25 13:39:06,16
116,1838,2023-05-25 13:39:06,17
116,2522,2023-05-25 13:39:06,18
116,1674,2023-05-25 13:39:06,19
116,1676,2023-05-25 13:39:06,20
116,412,2023-05-25 13:39:06,21
116,2156,2023-05-25 13:39:06,22
116,1764,2023-05-25 13:39:06,23
116,2343,2023-05-25 13:39:06,24
117,1968,2021-01-03 22:47:15,1
117,627,2021-01-03 22:47:15,2
117,2630,2021-01-03 22:47:15,3
117,1190,2021-01-03 22:47:15,4
117,28,2021-01-03 22:47:15,5
117,1269,2021-01-03 22:47:15,6
117,1016,2021-01-03 22:47:15,7
117,1259,2021-01-03 22:47:15,8
117,2011,2021-01-03 22:47:15,9
117,1056,2021-01-03 22:47:15,10
117,494,2021-01-03 22:47:15,11
117,670,2021-01-03 22:47:15,12
117,1303,2021-01-03 22:47:15,13
117,924,2021-01-03 22:47:15,14
117,298,2021-01-03 22:47:15,15
118,796,2021-02-05 17:23:40,1
118,1975,2021-02-05 17:23:40,2
118,2535,2021-02-05 17:23:40,3
118,1294,2021-02-05 17:23:40,4
118,1658,2021-02-05 17:23:40,5
118,398,2021-02-05 17:23:40,6
118,53,2021-02-05 17:23:40,7
118,213,2021-02-05 17:23:40,8
118,2033,2021-02-05 17:23:40,9
118,2008,2021-02-05 17:23:40,10
118,2032,2021-02-05 17:23:40,11
118,805,2021-02-05 17:23:40,12
118,2632,2021-02-05 17:23:40,13
118,695,2021-02-05 17:23:40,14
118,301,2021-02-05 17:23:40,15
118,1433,2021-02-05 17:23:40,16
118,255,2021-02-05 17:23:40,17
118,925,2021-02-05 17:23:40,18
118,1717,2021-02-05 17:23:40,19
118,353,2021-02-05 17:23:40,20
118,2358,2021-02-05 17:23:40,21
118,735,2021-02-05 17:23:40,22
118,185,2021-02-05 17:23:40,23
118,601,2021-02-05 17:23:40,24
118,1367,2021-02-05 17:23:40,25
118,2548,2021-02-05 17:23:40,26
119,2392,2020-12-13 07:53:40,1
119,2448,2020-12-13 07:53:40,2
119,291,2020-12-13 07:53:40,3
119,2420,2020-12-13 07:53:40,4
119,813,2020-12-13 07:53:40,5
119,2113,2020-12-13 07:53:40,6
119,1984,2020-12-13 07:53:40,7
119,793,2020-12-13 07:53:40,8
119,861,2020-12-13 07:53:40,9
119,1883,2020-12-13 07:53:40,10
119,166,2020-12-13 07:53:40,11
119,778,2020-12-13 07:53:40,12
119,1222,2020-12-13 07:53:40,13
119,754,2020-12-13 07:53:40,14
119,1204,2020-12-13 07:53:40,15
119,1272,2020-12-13 07:53:40,16
119,1127,2020-12-13 07:53:40,17
119,1838,2020-12-13 07:53:40,18
119,1174,2020-12-13 07:53:40,19
119,2253,2020-12-13 07:53:40,20
119,2495,2020-12-13 07:53:40,21
119,1,2020-12-13 07:53:40,22
119,1110,2020-12-13 07:53:40,23
119,2021,2020-12-13 07:53:40,24
119,1767,2020-12-13 07:53:40,25
119,106,2020-12-13 07:53:40,26
119,1819,2020-12-13 07:53:40,27
119,2190,2020-12-13 07:53:40,28
120,528,2023-09-16 23:22:05,1
120,924,2023-09-16 23:22:05,2
120,1292,2023-09-16 23:22:05,3
120,270,2023-09-16 23:22:05,4
120,22,2023-09-16 23:22:05,5
120,1927,2023-09-16 23:22:05,6
120,1694,2023-09-16 23:22:05,7
120,1317,2023-09-16 23:22:05,8
120,313,2023-09-16 23:22:05,9
120,2492,2023-09-16 23:22:05,10
120,293,2023-09-16 23:22:05,11
120,1931,2023-09-16 23:22:05,12
120,2580,2023-09-16 23:22:05,13
120,140,2023-09-16 23:22:05,14
120,2283,2023-09-16 23:22:05,15
120,1464,2023-09-16 23:22:05,16
120,368,2023-09-16 23:22:05,17
120,1980,2023-09-16 23:22:05,18
121,979,2020-08-21 08:08:20,1
121,682,2020-08-21 08:08:20,2
121,2205,2020-08-21 08:08:20,3
121,2430,2020-08-21 08:08:20,4
121,1422,2020-08-21 08:08:20,5
121,322,2020-08-21 08:08:20,6
121,1098,2020-08-21 08:08:20,7
121,1441,2020-08-21 08:08:20,8
121,1571,2020-08-21 08:08:20,9
121,789,2020-08-21 08:08:20,10
121,1048,2020-08-21 08:08:20,11
121,152,2020-08-21 08:08:20,12
121,2479,2020-08-21 08:08:20,13
121,301,2020-08-21 08:08:20,14
121,2287,2020-08-21 08:08:20,15
121,1451,2020-08-21 08:08:20,16
121,2085,2020-08-21 08:08:20,17
121,6,2020-08-21 08:08:20,18
121,1411,2020-08-21 08:08:20,19
121,1419,2020-08-21 08:08:20,20
121,2231,2020-08-21 08:08:20,21
121,324,2020-08-21 08:08:20,22
121,391,2020-08-21 08:08:20,23
121,1315,2020-08-21 08:08:20,24
121,1851,2020-08-21 08:08:20,25
121,1068,2020-08-21 08:08:20,26
121,1112,2020-08-21 08:08:20,27
122,2537,2020-02-23 03:38:47,1
122,1608,2020-02-23 03:38:47,2
122,1499,2020-02-23 03:38:47,3
122,1020,2020-02-23 03:38:47,4
122,2467,2020-02-23 03:38:47,5
122,480,2020-02-23 03:38:47,6
122,1632,2020-02-23 03:38:47,7
122,193,2020-02-23 03:38:47,8
122,2649,2020-02-23 03:38:47,9
122,2015,2020-02-23 03:38:47,10
122,1937,2020-02-23 03:38:47,11
122,12,2020-02-23 03:38:47,12
122,208,2020-02-23 03:38:47,13
122,1168,2020-02-23 03:38:47,14
122,47,2020-02-23 03:38:47,15
122,2408,2020-02-23 03:38:47,16
122,1007,2020-02-23 03:38:47,17
122,52,2020-02-23 03:38:47,18
122,1276,2020-02-23 03:38:47,19
122,1307,2020-02-23 03:38:47,20
122,1277,2020-02-23 03:38:47,21
122,481,2020-02-23 03:38:47,22
122,2211,2020-02-23 03:38:47,23
122,1132,2020-02-23 03:38:47,24
122,76,2020-02-23 03:38:47,25
122,1019,2020-02-23 03:38:47,26
122,2475,2020-02-23 03:38:47,27
123,2237,2020-05-21 06:38:53,1
123,613,2020-05-21 06:38:53,2
123,730,2020-05-21 06:38:53,3
123,334,2020-05-21 06:38:53,4
123,2211,2020-05-21 06:38:53,5
123,99,2020-05-21 06:38:53,6
123,857,2020-05-21 06:38:53,7
123,2411,2020-05-21 06:38:53,8
123,1568,2020-05-21 06:38:53,9
123,1613,2020-05-21 06:38:53,10
123,657,2020-05-21 06:38:53,11
123,164,2020-05-21 06:38:53,12
123,978,2020-05-21 06:38:53,13
123,2105,2020-05-21 06:38:53,14
123,1523,2020-05-21 06:38:53,15
123,2229,2020-05-21 06:38:53,16
123,2272,2020-05-21 06:38:53,17
123,1636,2020-05-21 06:38:53,18
123,1142,2020-05-21 06:38:53,19
123,2574,2020-05-21 06:38:53,20
123,87,2020-05-21 06:38:53,21
123,1822,2020-05-21 06:38:53,22
123,2188,2020-05-21 06:38:53,23
123,2214,2020-05-21 06:38:53,24
123,51,2020-05-21 06:38:53,25
123,621,2020-05-21 06:38:53,26
123,1605,2020-05-21 06:38:53,27
123,1318,2020-05-21 06:38:53,28
123,645,2020-05-21 06:38:53,29
123,2491,2020-05-21 06:38:53,30
124,1385,2022-02-24 20:14:55,1
124,371,2022-02-24 20:14:55,2
124,1566,2022-02-24 20:14:55,3
124,1158,2022-02-24 20:14:55,4
124,1792,2022-02-24 20:14:55,5
124,2459,2022-02-24 20:14:55,6
124,847,2022-02-24 20:14:55,7
124,835,2022-02-24 20:14:55,8
124,970,2022-02-24 20:14:55,9
124,1404,2022-02-24 20:14:55,10
124,1711,2022-02-24 20:14:55,11
124,542,2022-02-24 20:14:55,12
124,820,2022-02-24 20:14:55,13
124,228,2022-02-24 20:14:55,14
124,778,2022-02-24 20:14:55,15
124,2478,2022-02-24 20:14:55,16
124,1919,2022-02-24 20:14:55,17
124,1229,2022-02-24 20:14:55,18
124,1080,2022-02-24 20:14:55,19
124,85,2022-02-24 20:14:55,20
124,2061,2022-02-24 20:14:55,21
124,2078,2022-02-24 20:14:55,22
124,219,2022-02-24 20:14:55,23
124,1770,2022-02-24 20:14:55,24
124,1997,2022-02-24 20:14:55,25
124,175,2022-02-24 20:14:55,26
124,2071,2022-02-24 20:14:55,27
125,2479,2020-12-16 08:35:02,1
125,2288,2020-12-16 08:35:02,2
125,1979,2020-12-16 08:35:02,3
125,175,2020-12-16 08:35:02,4
125,2444,2020-12-16 08:35:02,5
125,689,2020-12-16 08:35:02,6
125,169,2020-12-16 08:35:02,7
125,482,2020-12-16 08:35:02,8
125,2456,2020-12-16 08:35:02,9
125,2520,2020-12-16 08:35:02,10
125,380,2020-12-16 08:35:02,11
125,2216,2020-12-16 08:35:02,12
125,2578,2020-12-16 08:35:02,13
125,1156,2020-12-16 08:35:02,14
125,911,2020-12-16 08:35:02,15
125,324,2020-12-16 08:35:02,16
125,377,2020-12-16 08:35:02,17
125,818,2020-12-16 08:35:02,18
125,595,2020-12-16 08:35:02,19
125,1597,2020-12-16 08:35:02,20
125,1551,2020-12-16 08:35:02,21
125,411,2020-12-16 08:35:02,22
125,395,2020-12-16 08:35:02,23
125,1374,2020-12-16 08:35:02,24
125,2201,2020-12-16 08:35:02,25
125,1130,2020-12-16 08:35:02,26
125,2268,2020-12-16 08:35:02,27
125,1387,2020-12-16 08:35:02,28
126,193,2024-02-17 16:46:39,1
126,1405,2024-02-17 16:46:39,2
126,668,2024-02-17 16:46:39,3
126,1636,2024-02-17 16:46:39,4
126,988,2024-02-17 16:46:39,5
126,764,2024-02-17 16:46:39,6
126,489,2024-02-17 16:46:39,7
126,457,2024-02-17 16:46:39,8
126,2434,2024-02-17 16:46:39,9
126,1652,2024-02-17 16:46:39,10
126,133,2024-02-17 16:46:39,11
126,1210,2024-02-17 16:46:39,12
126,1863,2024-02-17 16:46:39,13
126,651,2024-02-17 16:46:39,14
126,602,2024-02-17 16:46:39,15
126,75,2024-02-17 16:46:39,16
126,1285,2024-02-17 16:46:39,17
126,926,2024-02-17 16:46:39,18
126,2461,2024-02-17 16:46:39,19
126,1927,2024-02-17 16:46:39,20
126,29,2024-02-17 16:46:39,21
126,1950,2024-02-17 16:46:39,22
127,1117,2025-12-14 21:06:45,1
127,1489,2025-12-14 21:06:45,2
127,1141,2025-12-14 21:06:45,3
127,1214,2025-12-14 21:06:45,4
127,1968,2025-12-14 21:06:45,5
127,233,2025-12-14 21:06:45,6
127,2179,2025-12-14 21:06:45,7
127,564,2025-12-14 21:06:45,8
127,2624,2025-12-14 21:06:45,9
127,806,2025-12-14 21:06:45,10
127,328,2025-12-14 21:06:45,11
127,1818,2025-12-14 21:06:45,12
127,261,2025-12-14 21:06:45,13
127,1185,2025-12-14 21:06:45,14
127,1600,2025-12-14 21:06:45,15
127,301,2025-12-14 21:06:45,16
127,2530,2025-12-14 21:06:45,17
127,2345,2025-12-14 21:06:45,18
127,1389,2025-12-14 21:06:45,19
127,999,2025-12-14 21:06:45,20
128,1116,2020-10-06 18:26:09,1
128,1726,2020-10-06 18:26:09,2
128,1991,2020-10-06 18:26:09,3
128,1588,2020-10-06 18:26:09,4
128,1672,2020-10-06 18:26:09,5
128,542,2020-10-06 18:26:09,6
128,1669,2020-10-06 18:26:09,7
128,737,2020-10-06 18:26:09,8
128,1017,2020-10-06 18:26:09,9
128,1339,2020-10-06 18:26:09,10
128,2361,2020-10-06 18:26:09,11
128,1540,2020-10-06 18:26:09,12
128,12,2020-10-06 18:26:09,13
128,1489,2020-10-06 18:26:09,14
128,951,2020-10-06 18:26:09,15
128,56,2020-10-06 18:26:09,16
128,565,2020-10-06 18:26:09,17
128,1575,2020-10-06 18:26:09,18
128,302,2020-10-06 18:26:09,19
128,2190,2020-10-06 18:26:09,20
128,1234,2020-10-06 18:26:09,21
128,68,2020-10-06 18:26:09,22
128,532,2020-10-06 18:26:09,23
129,1992,2021-04-21 16:08:26,1
129,2276,2021-04-21 16:08:26,2
129,1837,2021-04-21 16:08:26,3
129,25,2021-04-21 16:08:26,4
129,886,2021-04-21 16:08:26,5
129,1591,2021-04-21 16:08:26,6
129,2118,2021-04-21 16:08:26,7
129,1644,2021-04-21 16:08:26,8
129,199,2021-04-21 16:08:26,9
129,1355,2021-04-21 16:08:26,10
129,213,2021-04-21 16:08:26,11
129,1612,2021-04-21 16:08:26,12
129,969,2021-04-21 16:08:26,13
129,171,2021-04-21 16:08:26,14
129,1623,2021-04-21 16:08:26,15
129,1622,2021-04-21 16:08:26,16
130,1778,2025-01-01 05:57:57,1
130,35,2025-01-01 05:57:57,2
130,1520,2025-01-01 05:57:57,3
130,181,2025-01-01 05:57:57,4
130,530,2025-01-01 05:57:57,5
130,2175,2025-01-01 05:57:57,6
130,2626,2025-01-01 05:57:57,7
130,360,2025-01-01 05:57:57,8
130,2651,2025-01-01 05:57:57,9
130,2594,2025-01-01 05:57:57,10
130,1757,2025-01-01 05:57:57,11
130,1090,2025-01-01 05:57:57,12
131,2556,2025-03-19 10:04:36,1
131,2233,2025-03-19 10:04:36,2
131,2408,2025-03-19 10:04:36,3
131,495,2025-03-19 10:04:36,4
131,45,2025-03-19 10:04:36,5
132,2403,2025-11-15 18:56:47,1
132,180,2025-11-15 18:56:47,2
132,2427,2025-11-15 18:56:47,3
132,485,2025-11-15 18:56:47,4
132,676,2025-11-15 18:56:47,5
132,241,2025-11-15 18:56:47,6
132,972,2025-11-15 18:56:47,7
132,2618,2025-11-15 18:56:47,8
132,119,2025-11-15 18:56:47,9
132,587,2025-11-15 18:56:47,10
132,1495,2025-11-15 18:56:47,11
133,96,2024-05-14 23:17:55,1
133,2492,2024-05-14 23:17:55,2
133,1075,2024-05-14 23:17:55,3
133,1389,2024-05-14 23:17:55,4
133,648,2024-05-14 23:17:55,5
133,820,2024-05-14 23:17:55,6
133,1885,2024-05-14 23:17:55,7
133,1520,2024-05-14 23:17:55,8
133,2329,2024-05-14 23:17:55,9
134,2448,2020-12-10 12:49:51,1
134,1502,2020-12-10 12:49:51,2
134,948,2020-12-10 12:49:51,3
134,460,2020-12-10 12:49:51,4
134,2354,2020-12-10 12:49:51,5
134,765,2020-12-10 12:49:51,6
134,1608,2020-12-10 12:49:51,7
134,171,2020-12-10 12:49:51,8
134,203,2020-12-10 12:49:51,9
134,2553,2020-12-10 12:49:51,10
134,2185,2020-12-10 12:49:51,11
134,1763,2020-12-10 12:49:51,12
134,177,2020-12-10 12:49:51,13
134,545,2020-12-10 12:49:51,14
134,1899,2020-12-10 12:49:51,15
134,1429,2020-12-10 12:49:51,16
134,2020,2020-12-10 12:49:51,17
134,1210,2020-12-10 12:49:51,18
134,1318,2020-12-10 12:49:51,19
135,1120,2020-06-26 03:12:06,1
135,2582,2020-06-26 03:12:06,2
135,2419,2020-06-26 03:12:06,3
135,562,2020-06-26 03:12:06,4
135,180,2020-06-26 03:12:06,5
135,1307,2020-06-26 03:12:06,6
135,1171,2020-06-26 03:12:06,7
135,2281,2020-06-26 03:12:06,8
135,2478,2020-06-26 03:12:06,9
135,1154,2020-06-26 03:12:06,10
135,1169,2020-06-26 03:12:06,11
135,1350,2020-06-26 03:12:06,12
135,923,2020-06-26 03:12:06,13
136,371,2023-06-27 06:29:38,1
136,510,2023-06-27 06:29:38,2
136,2284,2023-06-27 06:29:38,3
136,67,2023-06-27 06:29:38,4
136,2584,2023-06-27 06:29:38,5
136,2299,2023-06-27 06:29:38,6
136,495,2023-06-27 06:29:38,7
136,2245,2023-06-27 06:29:38,8
136,2439,2023-06-27 06:29:38,9
136,1595,2023-06-27 06:29:38,10
136,1425,2023-06-27 06:29:38,11
136,2578,2023-06-27 06:29:38,12
136,1436,2023-06-27 06:29:38,13
136,2169,2023-06-27 06:29:38,14
136,866,2023-06-27 06:29:38,15
136,1161,2023-06-27 06:29:38,16
136,1160,2023-06-27 06:29:38,17
136,1353,2023-06-27 06:29:38,18
136,1631,2023-06-27 06:29:38,19
136,1664,2023-06-27 06:29:38,20
136,643,2023-06-27 06:29:38,21
137,2446,2025-11-08 03:04:59,1
137,1520,2025-11-08 03:04:59,2
137,612,2025-11-08 03:04:59,3
137,506,2025-11-08 03:04:59,4
137,2021,2025-11-08 03:04:59,5
137,2526,2025-11-08 03:04:59,6
137,2028,2025-11-08 03:04:59,7
137,215,2025-11-08 03:04:59,8
137,1290,2025-11-08 03:04:59,9
137,1669,2025-11-08 03:04:59,10
138,50,2020-01-07 14:53:43,1
138,962,2020-01-07 14:53:43,2
138,1673,2020-01-07 14:53:43,3
138,421,2020-01-07 14:53:43,4
138,1721,2020-01-07 14:53:43,5
138,572,2020-01-07 14:53:43,6
138,1269,2020-01-07 14:53:43,7
138,2220,2020-01-07 14:53:43,8
138,1733,2020-01-07 14:53:43,9
138,125,2020-01-07 14:53:43,10
138,1834,2020-01-07 14:53:43,11
138,43,2020-01-07 14:53:43,12
138,1214,2020-01-07 14:53:43,13
138,1839,2020-01-07 14:53:43,14
138,2623,2020-01-07 14:53:43,15
138,632,2020-01-07 14:53:43,16
138,1727,2020-01-07 14:53:43,17
139,66,2022-12-16 16:29:47,1
139,537,2022-12-16 16:29:47,2
139,806,2022-12-16 16:29:47,3
139,1448,2022-12-16 16:29:47,4
139,258,2022-12-16 16:29:47,5
139,1500,2022-12-16 16:29:47,6
139,2065,2022-12-16 16:29:47,7
139,1496,2022-12-16 16:29:47,8
139,112,2022-12-16 16:29:47,9
139,291,2022-12-16 16:29:47,10
139,1534,2022-12-16 16:29:47,11
139,816,2022-12-16 16:29:47,12
139,18,2022-12-16 16:29:47,13
139,278,2022-12-16 16:29:47,14
139,1808,2022-12-16 16:29:47,15
139,944,2022-12-16 16:29:47,16
139,2601,2022-12-16 16:29:47,17
140,1734,2024-08-02 08:45:02,1
140,2036,2024-08-02 08:45:02,2
140,385,2024-08-02 08:45:02,3
140,1295,2024-08-02 08:45:02,4
140,222,2024-08-02 08:45:02,5
140,1421,2024-08-02 08:45:02,6
140,2157,2024-08-02 08:45:02,7
141,2344,2024-08-17 01:28:45,1
141,254,2024-08-17 01:28:45,2
141,1530,2024-08-17 01:28:45,3
141,529,2024-08-17 01:28:45,4
141,735,2024-08-17 01:28:45,5
141,1048,2024-08-17 01:28:45,6
141,1238,2024-08-17 01:28:45,7
141,308,2024-08-17 01:28:45,8
141,857,2024-08-17 01:28:45,9
141,1005,2024-08-17 01:28:45,10
141,2420,2024-08-17 01:28:45,11
141,1337,2024-08-17 01:28:45,12
141,1260,2024-08-17 01:28:45,13
141,1812,2024-08-17 01:28:45,14
141,2324,2024-08-17 01:28:45,15
141,1087,2024-08-17 01:28:45,16
141,232,2024-08-17 01:28:45,17
141,1538,2024-08-17 01:28:45,18
141,1083,2024-08-17 01:28:45,19
142,1497,2020-01-12 22:59:26,1
142,876,2020-01-12 22:59:26,2
142,398,2020-01-12 22:59:26,3
142,1311,2020-01-12 22:59:26,4
142,1916,2020-01-12 22:59:26,5
142,2391,2020-01-12 22:59:26,6
142,223,2020-01-12 22:59:26,7
142,1308,2020-01-12 22:59:26,8
142,1886,2020-01-12 22:59:26,9
142,505,2020-01-12 22:59:26,10
142,2346,2020-01-12 22:59:26,11
142,328,2020-01-12 22:59:26,12
142,2634,2020-01-12 22:59:26,13
142,2150,2020-01-12 22:59:26,14
142,2611,2020-01-12 22:59:26,15
142,2358,2020-01-12 22:59:26,16
142,2178,2020-01-12 22:59:26,17
142,1630,2020-01-12 22:59:26,18
142,1781,2020-01-12 22:59:26,19
142,1231,2020-01-12 22:59:26,20
142,1658,2020-01-12 22:59:26,21
142,2379,2020-01-12 22:59:26,22
142,880,2020-01-12 22:59:26,23
142,1760,2020-01-12 22:59:26,24
142,1353,2020-01-12 22:59:26,25
142,1591,2020-01-12 22:59:26,26
142,2269,2020-01-12 22:59:26,27
142,963,2020-01-12 22:59:26,28
143,1321,2022-10-11 19:51:14,1
143,2488,2022-10-11 19:51:14,2
143,2028,2022-10-11 19:51:14,3
143,1081,2022-10-11 19:51:14,4
143,2570,2022-10-11 19:51:14,5
143,2292,2022-10-11 19:51:14,6
143,1885,2022-10-11 19:51:14,7
143,1622,2022-10-11 19:51:14,8
143,2241,2022-10-11 19:51:14,9
143,29,2022-10-11 19:51:14,10
143,1533,2022-10-11 19:51:14,11
144,1920,2022-01-28 22:13:29,1
144,202,2022-01-28 22:13:29,2
144,761,2022-01-28 22:13:29,3
144,995,2022-01-28 22:13:29,4
144,1959,2022-01-28 22:13:29,5
144,1942,2022-01-28 22:13:29,6
144,364,2022-01-28 22:13:29,7
144,2221,2022-01-28 22:13:29,8
144,1087,2022-01-28 22:13:29,9
144,1001,2022-01-28 22:13:29,10
144,25,2022-01-28 22:13:29,11
144,2632,2022-01-28 22:13:29,12
144,411,2022-01-28 22:13:29,13
144,2309,2022-01-28 22:13:29,14
144,672,2022-01-28 22:13:29,15
144,105,2022-01-28 22:13:29,16
144,2472,2022-01-28 22:13:29,17
144,1475,2022-01-28 22:13:29,18
144,1772,2022-01-28 22:13:29,19
144,2003,2022-01-28 22:13:29,20
144,991,2022-01-28 22:13:29,21
144,889,2022-01-28 22:13:29,22
144,777,2022-01-28 22:13:29,23
144,589,2022-01-28 22:13:29,24
144,2473,2022-01-28 22:13:29,25
144,1963,2022-01-28 22:13:29,26
145,546,2021-12-30 22:38:35,1
145,862,2021-12-30 22:38:35,2
145,2317,2021-12-30 22:38:35,3
145,1659,2021-12-30 22:38:35,4
145,1185,2021-12-30 22:38:35,5
145,1062,2021-12-30 22:38:35,6
145,164,2021-12-30 22:38:35,7
145,763,2021-12-30 22:38:35,8
145,2297,2021-12-30 22:38:35,9
145,547,2021-12-30 22:38:35,10
145,1320,2021-12-30 22:38:35,11
146,672,2020-01-06 22:29:39,1
146,1618,2020-01-06 22:29:39,2
146,1885,2020-01-06 22:29:39,3
146,1541,2020-01-06 22:29:39,4
146,2529,2020-01-06 22:29:39,5
146,2432,2020-01-06 22:29:39,6
146,766,2020-01-06 22:29:39,7
146,1058,2020-01-06 22:29:39,8
146,678,2020-01-06 22:29:39,9
146,1800,2020-01-06 22:29:39,10
146,1940,2020-01-06 22:29:39,11
146,970,2020-01-06 22:29:39,12
147,654,2025-11-10 23:56:59,1
147,917,2025-11-10 23:56:59,2
147,2192,2025-11-10 23:56:59,3
147,1386,2025-11-10 23:56:59,4
147,577,2025-11-10 23:56:59,5
147,192,2025-11-10 23:56:59,6
147,560,2025-11-10 23:56:59,7
147,977,2025-11-10 23:56:59,8
147,747,2025-11-10 23:56:59,9
147,89,2025-11-10 23:56:59,10
147,2357,2025-11-10 23:56:59,11
147,385,2025-11-10 23:56:59,12
147,1030,2025-11-10 23:56:59,13
147,1,2025-11-10 23:56:59,14
147,268,2025-11-10 23:56:59,15
147,1734,2025-11-10 23:56:59,16
147,2527,2025-11-10 23:56:59,17
147,774,2025-11-10 23:56:59,18
147,934,2025-11-10 23:56:59,19
147,718,2025-11-10 23:56:59,20
147,2115,2025-11-10 23:56:59,21
147,1143,2025-11-10 23:56:59,22
147,1202,2025-11-10 23:56:59,23
147,567,2025-11-10 23:56:59,24
148,1217,2025-03-28 16:08:49,1
148,2027,2025-03-28 16:08:49,2
148,290,2025-03-28 16:08:49,3
148,2477,2025-03-28 16:08:49,4
148,2421,2025-03-28 16:08:49,5
148,2152,2025-03-28 16:08:49,6
148,612,2025-03-28 16:08:49,7
148,2491,2025-03-28 16:08:49,8
148,38,2025-03-28 16:08:49,9
148,1980,2025-03-28 16:08:49,10
148,1358,2025-03-28 16:08:49,11
149,345,2024-10-20 00:17:22,1
149,1345,2024-10-20 00:17:22,2
149,1101,2024-10-20 00:17:22,3
149,1402,2024-10-20 00:17:22,4
149,520,2024-10-20 00:17:22,5
149,1594,2024-10-20 00:17:22,6
149,236,2024-10-20 00:17:22,7
149,1813,2024-10-20 00:17:22,8
149,1326,2024-10-20 00:17:22,9
149,1788,2024-10-20 00:17:22,10
149,2329,2024-10-20 00:17:22,11
149,2496,2024-10-20 00:17:22,12
149,2550,2024-10-20 00:17:22,13
149,285,2024-10-20 00:17:22,14
149,827,2024-10-20 00:17:22,15
150,906,2020-07-13 00:26:35,1
150,510,2020-07-13 00:26:35,2
150,121,2020-07-13 00:26:35,3
150,16,2020-07-13 00:26:35,4
150,1612,2020-07-13 00:26:35,5
150,1165,2020-07-13 00:26:35,6
150,1008,2020-07-13 00:26:35,7
150,875,2020-07-13 00:26:35,8
150,634,2020-07-13 00:26:35,9
150,755,2020-07-13 00:26:35,10
150,1772,2020-07-13 00:26:35,11
150,2562,2020-07-13 00:26:35,12
150,617,2020-07-13 00:26:35,13
150,526,2020-07-13 00:26:35,14
150,2019,2020-07-13 00:26:35,15
150,1841,2020-07-13 00:26:35,16
150,1915,2020-07-13 00:26:35,17
150,1913,2020-07-13 00:26:35,18
150,895,2020-07-13 00:26:35,19
150,835,2020-07-13 00:26:35,20
150,309,2020-07-13 00:26:35,21
150,1697,2020-07-13 00:26:35,22
151,2074,2023-05-21 21:03:09,1
151,139,2023-05-21 21:03:09,2
151,1632,2023-05-21 21:03:09,3
151,1646,2023-05-21 21:03:09,4
151,1224,2023-05-21 21:03:09,5
151,1959,2023-05-21 21:03:09,6
151,116,2023-05-21 21:03:09,7
151,1815,2023-05-21 21:03:09,8
151,15,2023-05-21 21:03:09,9
151,850,2023-05-21 21:03:09,10
151,2288,2023-05-21 21:03:09,11
151,1481,2023-05-21 21:03:09,12
151,215,2023-05-21 21:03:09,13
151,976,2023-05-21 21:03:09,14
151,1551,2023-05-21 21:03:09,15
151,142,2023-05-21 21:03:09,16
151,1373,2023-05-21 21:03:09,17
151,2517,2023-05-21 21:03:09,18
151,1283,2023-05-21 21:03:09,19
151,695,2023-05-21 21:03:09,20
151,2556,2023-05-21 21:03:09,21
151,2063,2023-05-21 21:03:09,22
151,1247,2023-05-21 21:03:09,23
151,555,2023-05-21 21:03:09,24
151,2582,2023-05-21 21:03:09,25
151,1179,2023-05-21 21:03:09,26
151,348,2023-05-21 21:03:09,27
151,154,2023-05-21 21:03:09,28
152,1938,2021-05-24 13:46:38,1
152,1219,2021-05-24 13:46:38,2
152,220,2021-05-24 13:46:38,3
152,542,2021-05-24 13:46:38,4
152,2032,2021-05-24 13:46:38,5
152,1107,2021-05-24 13:46:38,6
152,76,2021-05-24 13:46:38,7
152,2655,2021-05-24 13:46:38,8
152,1780,2021-05-24 13:46:38,9
152,1939,2021-05-24 13:46:38,10
152,1503,2021-05-24 13:46:38,11
152,2074,2021-05-24 13:46:38,12
152,685,2021-05-24 13:46:38,13
152,1754,2021-05-24 13:46:38,14
152,1858,2021-05-24 13:46:38,15
152,1722,2021-05-24 13:46:38,16
152,565,2021-05-24 13:46:38,17
152,1521,2021-05-24 13:46:38,18
152,2332,2021-05-24 13:46:38,19
152,10,2021-05-24 13:46:38,20
152,1761,2021-05-24 13:46:38,21
152,655,2021-05-24 13:46:38,22
152,57,2021-05-24 13:46:38,23
152,164,2021-05-24 13:46:38,24
152,1004,2021-05-24 13:46:38,25
153,1659,2023-09-17 01:31:54,1
153,782,2023-09-17 01:31:54,2
153,2083,2023-09-17 01:31:54,3
153,1462,2023-09-17 01:31:54,4
153,2599,2023-09-17 01:31:54,5
153,1653,2023-09-17 01:31:54,6
153,1075,2023-09-17 01:31:54,7
153,1687,2023-09-17 01:31:54,8
153,291,2023-09-17 01:31:54,9
153,1159,2023-09-17 01:31:54,10
153,2350,2023-09-17 01:31:54,11
153,1835,2023-09-17 01:31:54,12
153,1095,2023-09-17 01:31:54,13
153,1291,2023-09-17 01:31:54,14
153,2438,2023-09-17 01:31:54,15
153,1990,2023-09-17 01:31:54,16
153,2645,2023-09-17 01:31:54,17
153,2402,2023-09-17 01:31:54,18
153,856,2023-09-17 01:31:54,19
153,428,2023-09-17 01:31:54,20
153,2142,2023-09-17 01:31:54,21
153,892,2023-09-17 01:31:54,22
153,2405,2023-09-17 01:31:54,23
153,2338,2023-09-17 01:31:54,24
153,1985,2023-09-17 01:31:54,25
153,2353,2023-09-17 01:31:54,26
153,2219,2023-09-17 01:31:54,27
154,1138,2021-12-06 16:40:04,1
154,2451,2021-12-06 16:40:04,2
154,317,2021-12-06 16:40:04,3
154,1056,2021-12-06 16:40:04,4
154,2453,2021-12-06 16:40:04,5
154,2073,2021-12-06 16:40:04,6
154,1751,2021-12-06 16:40:04,7
154,141,2021-12-06 16:40:04,8
154,2414,2021-12-06 16:40:04,9
154,2541,2021-12-06 16:40:04,10
154,1291,2021-12-06 16:40:04,11
154,1285,2021-12-06 16:40:04,12
154,59,2021-12-06 16:40:04,13
154,1156,2021-12-06 16:40:04,14
154,2447,2021-12-06 16:40:04,15
154,851,2021-12-06 16:40:04,16
154,586,2021-12-06 16:40:04,17
154,1708,2021-12-06 16:40:04,18
154,1788,2021-12-06 16:40:04,19
154,1215,2021-12-06 16:40:04,20
154,887,2021-12-06 16:40:04,21
154,523,2021-12-06 16:40:04,22
154,540,2021-12-06 16:40:04,23
154,912,2021-12-06 16:40:04,24
154,2419,2021-12-06 16:40:04,25
154,1054,2021-12-06 16:40:04,26
154,1561,2021-12-06 16:40:04,27
155,536,2021-10-04 12:48:21,1
155,414,2021-10-04 12:48:21,2
155,643,2021-10-04 12:48:21,3
155,2245,2021-10-04 12:48:21,4
155,2400,2021-10-04 12:48:21,5
155,2186,2021-10-04 12:48:21,6
155,306,2021-10-04 12:48:21,7
155,428,2021-10-04 12:48:21,8
156,2523,2023-04-12 06:51:43,1
156,1181,2023-04-12 06:51:43,2
156,2304,2023-04-12 06:51:43,3
156,1391,2023-04-12 06:51:43,4
156,934,2023-04-12 06:51:43,5
156,1031,2023-04-12 06:51:43,6
156,67,2023-04-12 06:51:43,7
156,17,2023-04-12 06:51:43,8
156,300,2023-04-12 06:51:43,9
156,748,2023-04-12 06:51:43,10
156,1845,2023-04-12 06:51:43,11
156,1790,2023-04-12 06:51:43,12
156,670,2023-04-12 06:51:43,13
156,564,2023-04-12 06:51:43,14
156,791,2023-04-12 06:51:43,15
157,2176,2021-10-28 09:32:43,1
157,1246,2021-10-28 09:32:43,2
157,2039,2021-10-28 09:32:43,3
157,1230,2021-10-28 09:32:43,4
157,708,2021-10-28 09:32:43,5
157,2610,2021-10-28 09:32:43,6
157,662,2021-10-28 09:32:43,7
157,1397,2021-10-28 09:32:43,8
157,1629,2021-10-28 09:32:43,9
157,1889,2021-10-28 09:32:43,10
157,2065,2021-10-28 09:32:43,11
157,2014,2021-10-28 09:32:43,12
157,264,2021-10-28 09:32:43,13
157,2103,2021-10-28 09:32:43,14
157,2053,2021-10-28 09:32:43,15
157,2156,2021-10-28 09:32:43,16
157,579,2021-10-28 09:32:43,17
157,528,2021-10-28 09:32:43,18
157,840,2021-10-28 09:32:43,19
157,1845,2021-10-28 09:32:43,20
157,2154,2021-10-28 09:32:43,21
157,2634,2021-10-28 09:32:43,22
157,2237,2021-10-28 09:32:43,23
158,1979,2023-06-20 02:04:35,1
158,237,2023-06-20 02:04:35,2
158,1351,2023-06-20 02:04:35,3
158,2240,2023-06-20 02:04:35,4
158,1189,2023-06-20 02:04:35,5
158,277,2023-06-20 02:04:35,6
158,1589,2023-06-20 02:04:35,7
158,2139,2023-06-20 02:04:35,8
158,203,2023-06-20 02:04:35,9
158,1575,2023-06-20 02:04:35,10
158,316,2023-06-20 02:04:35,11
158,819,2023-06-20 02:04:35,12
158,1047,2023-06-20 02:04:35,13
158,2358,2023-06-20 02:04:35,14
158,2632,2023-06-20 02:04:35,15
158,1516,2023-06-20 02:04:35,16
158,1642,2023-06-20 02:04:35,17
158,1254,2023-06-20 02:04:35,18
158,1916,2023-06-20 02:04:35,19
158,2356,2023-06-20 02:04:35,20
158,2456,2023-06-20 02:04:35,21
158,2198,2023-06-20 02:04:35,22
158,1111,2023-06-20 02:04:35,23
158,1604,2023-06-20 02:04:35,24
158,101,2023-06-20 02:04:35,25
159,1330,2020-09-15 19:25:53,1
159,2111,2020-09-15 19:25:53,2
159,1755,2020-09-15 19:25:53,3
159,1818,2020-09-15 19:25:53,4
159,2554,2020-09-15 19:25:53,5
159,1104,2020-09-15 19:25:53,6
159,2324,2020-09-15 19:25:53,7
159,1585,2020-09-15 19:25:53,8
159,790,2020-09-15 19:25:53,9
159,2219,2020-09-15 19:25:53,10
159,989,2020-09-15 19:25:53,11
159,16,2020-09-15 19:25:53,12
159,2544,2020-09-15 19:25:53,13
159,1822,2020-09-15 19:25:53,14
159,632,2020-09-15 19:25:53,15
159,825,2020-09-15 19:25:53,16
159,1618,2020-09-15 19:25:53,17
159,489,2020-09-15 19:25:53,18
159,208,2020-09-15 19:25:53,19
159,2225,2020-09-15 19:25:53,20
159,244,2020-09-15 19:25:53,21
159,2351,2020-09-15 19:25:53,22
159,577,2020-09-15 19:25:53,23
159,1709,2020-09-15 19:25:53,24
159,343,2020-09-15 19:25:53,25
159,1574,2020-09-15 19:25:53,26
159,1642,2020-09-15 19:25:53,27
159,543,2020-09-15 19:25:53,28
159,31,2020-09-15 19:25:53,29
160,1715,2025-05-26 21:00:45,1
160,1322,2025-05-26 21:00:45,2
160,1460,2025-05-26 21:00:45,3
160,1306,2025-05-26 21:00:45,4
160,1842,2025-05-26 21:00:45,5
160,2075,2025-05-26 21:00:45,6
160,1665,2025-05-26 21:00:45,7
160,1138,2025-05-26 21:00:45,8
161,2045,2023-06-04 11:51:49,1
161,2142,2023-06-04 11:51:49,2
161,1633,2023-06-04 11:51:49,3
161,1321,2023-06-04 11:51:49,4
161,1343,2023-06-04 11:51:49,5
161,1469,2023-06-04 11:51:49,6
161,2022,2023-06-04 11:51:49,7
161,1443,2023-06-04 11:51:49,8
161,410,2023-06-04 11:51:49,9
161,706,2023-06-04 11:51:49,10
161,1044,2023-06-04 11:51:49,11
161,1927,2023-06-04 11:51:49,12
161,1766,2023-06-04 11:51:49,13
161,1125,2023-06-04 11:51:49,14
161,24,2023-06-04 11:51:49,15
162,215,2023-11-14 05:59:52,1
162,1583,2023-11-14 05:59:52,2
162,2146,2023-11-14 05:59:52,3
162,1829,2023-11-14 05:59:52,4
162,1383,2023-11-14 05:59:52,5
163,1700,2023-09-10 13:22:13,1
163,2175,2023-09-10 13:22:13,2
163,544,2023-09-10 13:22:13,3
163,1193,2023-09-10 13:22:13,4
163,236,2023-09-10 13:22:13,5
163,1464,2023-09-10 13:22:13,6
163,293,2023-09-10 13:22:13,7
163,1699,2023-09-10 13:22:13,8
163,1568,2023-09-10 13:22:13,9
163,1446,2023-09-10 13:22:13,10
163,1046,2023-09-10 13:22:13,11
163,1332,2023-09-10 13:22:13,12
163,437,2023-09-10 13:22:13,13
163,631,2023-09-10 13:22:13,14
163,718,2023-09-10 13:22:13,15
163,1052,2023-09-10 13:22:13,16
163,1240,2023-09-10 13:22:13,17
163,1066,2023-09-10 13:22:13,18
163,282,2023-09-10 13:22:13,19
163,2099,2023-09-10 13:22:13,20
163,2412,2023-09-10 13:22:13,21
164,1935,2020-12-03 14:17:21,1
164,1213,2020-12-03 14:17:21,2
164,21,2020-12-03 14:17:21,3
164,589,2020-12-03 14:17:21,4
164,827,2020-12-03 14:17:21,5
164,826,2020-12-03 14:17:21,6
164,2168,2020-12-03 14:17:21,7
164,1666,2020-12-03 14:17:21,8
164,2189,2020-12-03 14:17:21,9
164,1745,2020-12-03 14:17:21,10
164,70,2020-12-03 14:17:21,11
164,2100,2020-12-03 14:17:21,12
164,956,2020-12-03 14:17:21,13
164,1304,2020-12-03 14:17:21,14
164,1925,2020-12-03 14:17:21,15
164,172,2020-12-03 14:17:21,16
164,261,2020-12-03 14:17:21,17
164,1854,2020-12-03 14:17:21,18
164,82,2020-12-03 14:17:21,19
164,1005,2020-12-03 14:17:21,20
164,1673,2020-12-03 14:17:21,21
164,795,2020-12-03 14:17:21,22
164,187,2020-12-03 14:17:21,23
164,2549,2020-12-03 14:17:21,24
165,1097,2021-08-12 21:52:35,1
165,631,2021-08-12 21:52:35,2
165,870,2021-08-12 21:52:35,3
165,2100,2021-08-12 21:52:35,4
165,2634,2021-08-12 21:52:35,5
165,1685,2021-08-12 21:52:35,6
165,249,2021-08-12 21:52:35,7
165,711,2021-08-12 21:52:35,8
165,186,2021-08-12 21:52:35,9
165,1364,2021-08-12 21:52:35,10
165,199,2021-08-12 21:52:35,11
165,2215,2021-08-12 21:52:35,12
165,2505,2021-08-12 21:52:35,13
165,2191,2021-08-12 21:52:35,14
166,125,2021-05-02 07:40:44,1
166,2494,2021-05-02 07:40:44,2
166,1139,2021-05-02 07:40:44,3
166,284,2021-05-02 07:40:44,4
166,871,2021-05-02 07:40:44,5
166,1103,2021-05-02 07:40:44,6
166,2370,2021-05-02 07:40:44,7
166,50,2021-05-02 07:40:44,8
166,2392,2021-05-02 07:40:44,9
166,1775,2021-05-02 07:40:44,10
166,2614,2021-05-02 07:40:44,11
166,272,2021-05-02 07:40:44,12
167,1949,2025-03-06 09:27:53,1
167,2443,2025-03-06 09:27:53,2
167,1986,2025-03-06 09:27:53,3
167,2359,2025-03-06 09:27:53,4
167,1995,2025-03-06 09:27:53,5
167,553,2025-03-06 09:27:53,6
167,1118,2025-03-06 09:27:53,7
167,1379,2025-03-06 09:27:53,8
167,627,2025-03-06 09:27:53,9
167,2275,2025-03-06 09:27:53,10
167,1101,2025-03-06 09:27:53,11
167,449,2025-03-06 09:27:53,12
167,860,2025-03-06 09:27:53,13
167,1486,2025-03-06 09:27:53,14
167,1595,2025-03-06 09:27:53,15
167,2497,2025-03-06 09:27:53,16
167,1108,2025-03-06 09:27:53,17
167,2158,2025-03-06 09:27:53,18
167,54,2025-03-06 09:27:53,19
167,1224,2025-03-06 09:27:53,20
167,1302,2025-03-06 09:27:53,21
167,174,2025-03-06 09:27:53,22
167,1901,2025-03-06 09:27:53,23
167,839,2025-03-06 09:27:53,24
168,1547,2025-09-22 00:31:23,1
168,2016,2025-09-22 00:31:23,2
168,1226,2025-09-22 00:31:23,3
168,2087,2025-09-22 00:31:23,4
168,59,2025-09-22 00:31:23,5
168,2348,2025-09-22 00:31:23,6
168,1319,2025-09-22 00:31:23,7
168,2041,2025-09-22 00:31:23,8
168,2623,2025-09-22 00:31:23,9
168,2618,2025-09-22 00:31:23,10
168,913,2025-09-22 00:31:23,11
168,1029,2025-09-22 00:31:23,12
168,78,2025-09-22 00:31:23,13
168,1380,2025-09-22 00:31:23,14
168,2395,2025-09-22 00:31:23,15
168,2573,2025-09-22 00:31:23,16
169,2247,2021-11-26 08:09:59,1
169,185,2021-11-26 08:09:59,2
169,575,2021-11-26 08:09:59,3
169,1771,2021-11-26 08:09:59,4
169,5,2021-11-26 08:09:59,5
169,691,2021-11-26 08:09:59,6
169,2528,2021-11-26 08:09:59,7
169,1028,2021-11-26 08:09:59,8
169,1108,2021-11-26 08:09:59,9
169,603,2021-11-26 08:09:59,10
169,182,2021-11-26 08:09:59,11
169,956,2021-11-26 08:09:59,12
169,369,2021-11-26 08:09:59,13
169,1450,2021-11-26 08:09:59,14
169,2173,2021-11-26 08:09:59,15
169,2460,2021-11-26 08:09:59,16
169,574,2021-11-26 08:09:59,17
169,1361,2021-11-26 08:09:59,18
169,2133,2021-11-26 08:09:59,19
169,1149,2021-11-26 08:09:59,20
169,2501,2021-11-26 08:09:59,21
169,72,2021-11-26 08:09:59,22
169,1920,2021-11-26 08:09:59,23
169,784,2021-11-26 08:09:59,24
169,1279,2021-11-26 08:09:59,25
169,630,2021-11-26 08:09:59,26
169,168,2021-11-26 08:09:59,27
169,932,2021-11-26 08:09:59,28
169,395,2021-11-26 08:09:59,29
170,1803,2023-12-03 13:06:32,1
170,1884,2023-12-03 13:06:32,2
170,1930,2023-12-03 13:06:32,3
170,1171,2023-12-03 13:06:32,4
170,2182,2023-12-03 13:06:32,5
170,1790,2023-12-03 13:06:32,6
170,1886,2023-12-03 13:06:32,7
170,1486,2023-12-03 13:06:32,8
170,2498,2023-12-03 13:06:32,9
170,1497,2023-12-03 13:06:32,10
170,466,2023-12-03 13:06:32,11
170,1265,2023-12-03 13:06:32,12
170,274,2023-12-03 13:06:32,13
170,2104,2023-12-03 13:06:32,14
170,1743,2023-12-03 13:06:32,15
170,1095,2023-12-03 13:06:32,16
170,2141,2023-12-03 13:06:32,17
170,652,2023-12-03 13:06:32,18
170,826,2023-12-03 13:06:32,19
170,16,2023-12-03 13:06:32,20
170,2052,2023-12-03 13:06:32,21
170,2139,2023-12-03 13:06:32,22
170,529,2023-12-03 13:06:32,23
171,1311,2024-06-29 13:00:08,1
171,2628,2024-06-29 13:00:08,2
171,2130,2024-06-29 13:00:08,3
171,1624,2024-06-29 13:00:08,4
171,2107,2024-06-29 13:00:08,5
171,1133,2024-06-29 13:00:08,6
171,435,2024-06-29 13:00:08,7
171,2337,2024-06-29 13:00:08,8
171,1722,2024-06-29 13:00:08,9
171,652,2024-06-29 13:00:08,10
171,1003,2024-06-29 13:00:08,11
171,2649,2024-06-29 13:00:08,12
171,901,2024-06-29 13:00:08,13
171,690,2024-06-29 13:00:08,14
171,1759,2024-06-29 13:00:08,15
171,128,2024-06-29 13:00:08,16
171,2634,2024-06-29 13:00:08,17
171,1477,2024-06-29 13:00:08,18
171,2248,2024-06-29 13:00:08,19
171,1544,2024-06-29 13:00:08,20
171,2551,2024-06-29 13:00:08,21
171,1147,2024-06-29 13:00:08,22
171,679,2024-06-29 13:00:08,23
171,1882,2024-06-29 13:00:08,24
172,1969,2023-06-15 14:04:27,1
172,1199,2023-06-15 14:04:27,2
172,2115,2023-06-15 14:04:27,3
172,860,2023-06-15 14:04:27,4
172,405,2023-06-15 14:04:27,5
172,1817,2023-06-15 14:04:27,6
172,789,2023-06-15 14:04:27,7
172,11,2023-06-15 14:04:27,8
172,1573,2023-06-15 14:04:27,9
172,1651,2023-06-15 14:04:27,10
172,745,2023-06-15 14:04:27,11
172,2419,2023-06-15 14:04:27,12
172,876,2023-06-15 14:04:27,13
172,2631,2023-06-15 14:04:27,14
172,355,2023-06-15 14:04:27,15
172,1522,2023-06-15 14:04:27,16
172,378,2023-06-15 14:04:27,17
172,2170,2023-06-15 14:04:27,18
173,370,2023-04-13 03:36:27,1
173,1920,2023-04-13 03:36:27,2
173,2216,2023-04-13 03:36:27,3
173,2051,2023-04-13 03:36:27,4
173,613,2023-04-13 03:36:27,5
173,1208,2023-04-13 03:36:27,6
173,601,2023-04-13 03:36:27,7
173,1563,2023-04-13 03:36:27,8
173,1482,2023-04-13 03:36:27,9
173,1393,2023-04-13 03:36:27,10
173,2307,2023-04-13 03:36:27,11
173,1280,2023-04-13 03:36:27,12
173,1698,2023-04-13 03:36:27,13
173,2552,2023-04-13 03:36:27,14
173,2248,2023-04-13 03:36:27,15
173,2432,2023-04-13 03:36:27,16
173,96,2023-04-13 03:36:27,17
173,1722,2023-04-13 03:36:27,18
173,626,2023-04-13 03:36:27,19
173,965,2023-04-13 03:36:27,20
173,547,2023-04-13 03:36:27,21
173,1885,2023-04-13 03:36:27,22
173,592,2023-04-13 03:36:27,23
173,902,2023-04-13 03:36:27,24
173,1941,2023-04-13 03:36:27,25
173,488,2023-04-13 03:36:27,26
173,1845,2023-04-13 03:36:27,27
173,2559,2023-04-13 03:36:27,28
173,2059,2023-04-13 03:36:27,29
173,2373,2023-04-13 03:36:27,30
174,621,2020-05-14 23:46:26,1
174,702,2020-05-14 23:46:26,2
174,934,2020-05-14 23:46:26,3
174,1932,2020-05-14 23:46:26,4
174,2348,2020-05-14 23:46:26,5
175,148,2023-02-24 06:39:11,1
175,1755,2023-02-24 06:39:11,2
175,1296,2023-02-24 06:39:11,3
175,1118,2023-02-24 06:39:11,4
175,2221,2023-02-24 06:39:11,5
175,2572,2023-02-24 06:39:11,6
176,1836,2021-06-03 00:00:47,1
176,228,2021-06-03 00:00:47,2
176,2262,2021-06-03 00:00:47,3
176,1150,2021-06-03 00:00:47,4
176,1909,2021-06-03 00:00:47,5
176,1830,2021-06-03 00:00:47,6
176,2380,2021-06-03 00:00:47,7
176,1323,2021-06-03 00:00:47,8
176,1063,2021-06-03 00:00:47,9
176,290,2021-06-03 00:00:47,10
176,2569,2021-06-03 00:00:47,11
176,1824,2021-06-03 00:00:47,12
176,1724,2021-06-03 00:00:47,13
176,2034,2021-06-03 00:00:47,14
176,1286,2021-06-03 00:00:47,15
176,830,2021-06-03 00:00:47,16
176,2431,2021-06-03 00:00:47,17
176,2150,2021-06-03 00:00:47,18
176,318,2021-06-03 00:00:47,19
176,2231,2021-06-03 00:00:47,20
176,2216,2021-06-03 00:00:47,21
176,2558,2021-06-03 00:00:47,22
176,163,2021-06-03 00:00:47,23
176,1854,2021-06-03 00:00:47,24
176,861,2021-06-03 00:00:47,25
177,2107,2024-06-11 19:21:38,1
177,272,2024-06-11 19:21:38,2
177,1445,2024-06-11 19:21:38,3
177,2389,2024-06-11 19:21:38,4
177,266,2024-06-11 19:21:38,5
177,1313,2024-06-11 19:21:38,6
177,2024,2024-06-11 19:21:38,7
177,2468,2024-06-11 19:21:38,8
177,238,2024-06-11 19:21:38,9
177,2285,2024-06-11 19:21:38,10
177,2380,2024-06-11 19:21:38,11
177,1240,2024-06-11 19:21:38,12
177,1514,2024-06-11 19:21:38,13
177,2089,2024-06-11 19:21:38,14
177,2493,2024-06-11 19:21:38,15
177,2569,2024-06-11 19:21:38,16
177,1600,2024-06-11 19:21:38,17
177,687,2024-06-11 19:21:38,18
177,1659,2024-06-11 19:21:38,19
178,861,2022-04-07 16:18:05,1
178,2071,2022-04-07 16:18:05,2
178,1080,2022-04-07 16:18:05,3
178,2255,2022-04-07 16:18:05,4
178,2097,2022-04-07 16:18:05,5
178,1816,2022-04-07 16:18:05,6
178,1684,2022-04-07 16:18:05,7
178,842,2022-04-07 16:18:05,8
178,2151,2022-04-07 16:18:05,9
178,94,2022-04-07 16:18:05,10
178,638,2022-04-07 16:18:05,11
178,70,2022-04-07 16:18:05,12
178,1962,2022-04-07 16:18:05,13
178,1633,2022-04-07 16:18:05,14
178,325,2022-04-07 16:18:05,15
178,619,2022-04-07 16:18:05,16
178,975,2022-04-07 16:18:05,17
178,2432,2022-04-07 16:18:05,18
178,1635,2022-04-07 16:18:05,19
178,446,2022-04-07 16:18:05,20
178,739,2022-04-07 16:18:05,21
178,470,2022-04-07 16:18:05,22
179,2469,2025-04-13 21:47:09,1
179,115,2025-04-13 21:47:09,2
179,2589,2025-04-13 21:47:09,3
179,1367,2025-04-13 21:47:09,4
179,362,2025-04-13 21:47:09,5
179,2242,2025-04-13 21:47:09,6
179,2240,2025-04-13 21:47:09,7
179,409,2025-04-13 21:47:09,8
179,634,2025-04-13 21:47:09,9
179,2323,2025-04-13 21:47:09,10
179,2651,2025-04-13 21:47:09,11
179,2212,2025-04-13 21:47:09,12
179,2143,2025-04-13 21:47:09,13
179,2637,2025-04-13 21:47:09,14
179,1586,2025-04-13 21:47:09,15
179,403,2025-04-13 21:47:09,16
179,2093,2025-04-13 21:47:09,17
179,549,2025-04-13 21:47:09,18
179,109,2025-04-13 21:47:09,19
179,2001,2025-04-13 21:47:09,20
179,29,2025-04-13 21:47:09,21
179,1646,2025-04-13 21:47:09,22
179,1590,2025-04-13 21:47:09,23
179,2442,2025-04-13 21:47:09,24
179,151,2025-04-13 21:47:09,25
180,193,2025-02-27 22:44:29,1
180,1863,2025-02-27 22:44:29,2
180,2401,2025-02-27 22:44:29,3
180,541,2025-02-27 22:44:29,4
180,899,2025-02-27 22:44:29,5
180,1971,2025-02-27 22:44:29,6
180,602,2025-02-27 22:44:29,7
180,2415,2025-02-27 22:44:29,8
181,590,2020-12-28 19:39:52,1
181,1588,2020-12-28 19:39:52,2
181,2267,2020-12-28 19:39:52,3
181,2486,2020-12-28 19:39:52,4
181,947,2020-12-28 19:39:52,5
181,918,2020-12-28 19:39:52,6
181,1126,2020-12-28 19:39:52,7
181,2095,2020-12-28 19:39:52,8
181,1789,2020-12-28 19:39:52,9
181,1245,2020-12-28 19:39:52,10
181,2489,2020-12-28 19:39:52,11
181,1861,2020-12-28 19:39:52,12
181,190,2020-12-28 19:39:52,13
181,994,2020-12-28 19:39:52,14
181,1296,2020-12-28 19:39:52,15
181,182,2020-12-28 19:39:52,16
181,1724,2020-12-28 19:39:52,17
181,2011,2020-12-28 19:39:52,18
181,1344,2020-12-28 19:39:52,19
181,1886,2020-12-28 19:39:52,20
181,2094,2020-12-28 19:39:52,21
181,2516,2020-12-28 19:39:52,22
182,2125,2022-12-30 16:37:11,1
182,923,2022-12-30 16:37:11,2
182,783,2022-12-30 16:37:11,3
182,1386,2022-12-30 16:37:11,4
182,1452,2022-12-30 16:37:11,5
182,1828,2022-12-30 16:37:11,6
182,55,2022-12-30 16:37:11,7
182,1995,2022-12-30 16:37:11,8
182,1812,2022-12-30 16:37:11,9
182,968,2022-12-30 16:37:11,10
182,416,2022-12-30 16:37:11,11
182,700,2022-12-30 16:37:11,12
182,894,2022-12-30 16:37:11,13
182,411,2022-12-30 16:37:11,14
182,1323,2022-12-30 16:37:11,15
182,1349,2022-12-30 16:37:11,16
182,1394,2022-12-30 16:37:11,17
182,2590,2022-12-30 16:37:11,18
183,1304,2024-07-14 17:19:52,1
183,1803,2024-07-14 17:19:52,2
183,135,2024-07-14 17:19:52,3
183,1465,2024-07-14 17:19:52,4
183,521,2024-07-14 17:19:52,5
183,2637,2024-07-14 17:19:52,6
184,2150,2024-08-07 21:12:34,1
184,1960,2024-08-07 21:12:34,2
184,2531,2024-08-07 21:12:34,3
184,2472,2024-08-07 21:12:34,4
184,912,2024-08-07 21:12:34,5
184,2116,2024-08-07 21:12:34,6
184,1122,2024-08-07 21:12:34,7
185,1148,2022-12-23 05:40:47,1
185,1079,2022-12-23 05:40:47,2
185,184,2022-12-23 05:40:47,3
185,1275,2022-12-23 05:40:47,4
185,1506,2022-12-23 05:40:47,5
185,2086,2022-12-23 05:40:47,6
185,2202,2022-12-23 05:40:47,7
185,858,2022-12-23 05:40:47,8
185,429,2022-12-23 05:40:47,9
185,313,2022-12-23 05:40:47,10
185,1276,2022-12-23 05:40:47,11
185,262,2022-12-23 05:40:47,12
185,1264,2022-12-23 05:40:47,13
185,1980,2022-12-23 05:40:47,14
185,211,2022-12-23 05:40:47,15
185,420,2022-12-23 05:40:47,16
185,625,2022-12-23 05:40:47,17
185,930,2022-12-23 05:40:47,18
185,2655,2022-12-23 05:40:47,19
185,1322,2022-12-23 05:40:47,20
185,202,2022-12-23 05:40:47,21
185,813,2022-12-23 05:40:47,22
185,1641,2022-12-23 05:40:47,23
185,2195,2022-12-23 05:40:47,24
185,1819,2022-12-23 05:40:47,25
185,467,2022-12-23 05:40:47,26
185,1329,2022-12-23 05:40:47,27
186,1612,2021-07-07 15:11:16,1
186,2187,2021-07-07 15:11:16,2
186,2465,2021-07-07 15:11:16,3
186,306,2021-07-07 15:11:16,4
186,154,2021-07-07 15:11:16,5
186,2388,2021-07-07 15:11:16,6
186,2617,2021-07-07 15:11:16,7
186,1794,2021-07-07 15:11:16,8
186,1845,2021-07-07 15:11:16,9
186,2531,2021-07-07 15:11:16,10
186,1829,2021-07-07 15:11:16,11
186,2203,2021-07-07 15:11:16,12
186,219,2021-07-07 15:11:16,13
186,583,2021-07-07 15:11:16,14
186,951,2021-07-07 15:11:16,15
186,1240,2021-07-07 15:11:16,16
186,2571,2021-07-07 15:11:16,17
186,1094,2021-07-07 15:11:16,18
186,1463,2021-07-07 15:11:16,19
186,1747,2021-07-07 15:11:16,20
186,2099,2021-07-07 15:11:16,21
186,1196,2021-07-07 15:11:16,22
186,1079,2021-07-07 15:11:16,23
186,1688,2021-07-07 15:11:16,24
186,1938,2021-07-07 15:11:16,25
187,1202,2020-02-21 16:29:32,1
187,102,2020-02-21 16:29:32,2
187,950,2020-02-21 16:29:32,3
187,1734,2020-02-21 16:29:32,4
187,1751,2020-02-21 16:29:32,5
187,1222,2020-02-21 16:29:32,6
187,89,2020-02-21 16:29:32,7
187,272,2020-02-21 16:29:32,8
187,1770,2020-02-21 16:29:32,9
187,893,2020-02-21 16:29:32,10
187,552,2020-02-21 16:29:32,11
187,2512,2020-02-21 16:29:32,12
187,1308,2020-02-21 16:29:32,13
187,1966,2020-02-21 16:29:32,14
187,896,2020-02-21 16:29:32,15
187,2043,2020-02-21 16:29:32,16
187,2073,2020-02-21 16:29:32,17
187,854,2020-02-21 16:29:32,18
187,488,2020-02-21 16:29:32,19
187,1455,2020-02-21 16:29:32,20
187,2386,2020-02-21 16:29:32,21
187,2041,2020-02-21 16:29:32,22
187,1500,2020-02-21 16:29:32,23
188,657,2025-12-19 11:16:24,1
188,2464,2025-12-19 11:16:24,2
188,604,2025-12-19 11:16:24,3
188,1799,2025-12-19 11:16:24,4
188,957,2025-12-19 11:16:24,5
188,428,2025-12-19 11:16:24,6
188,2086,2025-12-19 11:16:24,7
188,1612,2025-12-19 11:16:24,8
188,2292,2025-12-19 11:16:24,9
188,854,2025-12-19 11:16:24,10
188,155,2025-12-19 11:16:24,11
188,560,2025-12-19 11:16:24,12
188,2314,2025-12-19 11:16:24,13
188,364,2025-12-19 11:16:24,14
188,1358,2025-12-19 11:16:24,15
188,2291,2025-12-19 11:16:24,16
188,1509,2025-12-19 11:16:24,17
188,1247,2025-12-19 11:16:24,18
188,2632,2025-12-19 11:16:24,19
189,929,2023-02-19 07:44:58,1
189,718,2023-02-19 07:44:58,2
189,1230,2023-02-19 07:44:58,3
189,371,2023-02-19 07:44:58,4
189,1540,2023-02-19 07:44:58,5
189,1528,2023-02-19 07:44:58,6
189,283,2023-02-19 07:44:58,7
189,2253,2023-02-19 07:44:58,8
189,1422,2023-02-19 07:44:58,9
189,2568,2023-02-19 07:44:58,10
190,1042,2023-04-09 12:19:32,1
190,2202,2023-04-09 12:19:32,2
190,1014,2023-04-09 12:19:32,3
190,2389,2023-04-09 12:19:32,4
190,1773,2023-04-09 12:19:32,5
190,1594,2023-04-09 12:19:32,6
190,99,2023-04-09 12:19:32,7
190,1912,2023-04-09 12:19:32,8
190,850,2023-04-09 12:19:32,9
190,1229,2023-04-09 12:19:32,10
190,1195,2023-04-09 12:19:32,11
190,1575,2023-04-09 12:19:32,12
190,1929,2023-04-09 12:19:32,13
190,1043,2023-04-09 12:19:32,14
190,1593,2023-04-09 12:19:32,15
190,724,2023-04-09 12:19:32,16
190,502,2023-04-09 12:19:32,17
190,1415,2023-04-09 12:19:32,18
190,2590,2023-04-09 12:19:32,19
190,2345,2023-04-09 12:19:32,20
190,1462,2023-04-09 12:19:32,21
190,2232,2023-04-09 12:19:32,22
190,1161,2023-04-09 12:19:32,23
190,338,2023-04-09 12:19:32,24
190,2569,2023-04-09 12:19:32,25
190,1995,2023-04-09 12:19:32,26
190,1097,2023-04-09 12:19:32,27
190,2498,2023-04-09 12:19:32,28
191,1740,2025-03-15 06:51:09,1
191,261,2025-03-15 06:51:09,2
191,1811,2025-03-15 06:51:09,3
191,13,2025-03-15 06:51:09,4
191,1380,2025-03-15 06:51:09,5
191,54,2025-03-15 06:51:09,6
191,662,2025-03-15 06:51:09,7
191,679,2025-03-15 06:51:09,8
192,2104,2024-11-20 16:10:42,1
192,386,2024-11-20 16:10:42,2
192,1657,2024-11-20 16:10:42,3
192,2313,2024-11-20 16:10:42,4
192,2261,2024-11-20 16:10:42,5
192,295,2024-11-20 16:10:42,6
192,2645,2024-11-20 16:10:42,7
193,406,2021-03-05 21:18:10,1
193,934,2021-03-05 21:18:10,2
193,1229,2021-03-05 21:18:10,3
193,1121,2021-03-05 21:18:10,4
193,1965,2021-03-05 21:18:10,5
193,1584,2021-03-05 21:18:10,6
193,240,2021-03-05 21:18:10,7
193,2420,2021-03-05 21:18:10,8
193,1046,2021-03-05 21:18:10,9
193,2304,2021-03-05 21:18:10,10
193,834,2021-03-05 21:18:10,11
193,1995,2021-03-05 21:18:10,12
193,1843,2021-03-05 21:18:10,13
193,1179,2021-03-05 21:18:10,14
194,527,2021-09-26 05:46:59,1
194,2423,2021-09-26 05:46:59,2
194,514,2021-09-26 05:46:59,3
194,2196,2021-09-26 05:46:59,4
194,1660,2021-09-26 05:46:59,5
195,2609,2025-01-16 22:27:14,1
195,989,2025-01-16 22:27:14,2
195,825,2025-01-16 22:27:14,3
195,118,2025-01-16 22:27:14,4
195,621,2025-01-16 22:27:14,5
195,1740,2025-01-16 22:27:14,6
195,2599,2025-01-16 22:27:14,7
195,1425,2025-01-16 22:27:14,8
195,122,2025-01-16 22:27:14,9
195,2356,2025-01-16 22:27:14,10
195,2646,2025-01-16 22:27:14,11
195,2397,2025-01-16 22:27:14,12
195,1575,2025-01-16 22:27:14,13
195,767,2025-01-16 22:27:14,14
196,2285,2022-12-02 23:53:30,1
196,773,2022-12-02 23:53:30,2
196,1703,2022-12-02 23:53:30,3
196,1545,2022-12-02 23:53:30,4
196,1854,2022-12-02 23:53:30,5
196,1883,2022-12-02 23:53:30,6
196,505,2022-12-02 23:53:30,7
196,2457,2022-12-02 23:53:30,8
197,1547,2025-02-14 10:01:18,1
197,1702,2025-02-14 10:01:18,2
197,1696,2025-02-14 10:01:18,3
197,1784,2025-02-14 10:01:18,4
197,320,2025-02-14 10:01:18,5
197,7,2025-02-14 10:01:18,6
197,572,2025-02-14 10:01:18,7
197,1284,2025-02-14 10:01:18,8
197,1615,2025-02-14 10:01:18,9
197,986,2025-02-14 10:01:18,10
197,1139,2025-02-14 10:01:18,11
197,713,2025-02-14 10:01:18,12
197,132,2025-02-14 10:01:18,13
197,551,2025-02-14 10:01:18,14
197,525,2025-02-14 10:01:18,15
197,548,2025-02-14 10:01:18,16
197,902,2025-02-14 10:01:18,17
197,1101,2025-02-14 10:01:18,18
197,2514,2025-02-14 10:01:18,19
197,2411,2025-02-14 10:01:18,20
197,2230,2025-02-14 10:01:18,21
197,163,2025-02-14 10:01:18,22
197,297,2025-02-14 10:01:18,23
197,856,2025-02-14 10:01:18,24
197,1793,2025-02-14 10:01:18,25
197,1735,2025-02-14 10:01:18,26
197,2269,2025-02-14 10:01:18,27
197,905,2025-02-14 10:01:18,28
198,2000,2023-09-13 23:31:55,1
198,1467,2023-09-13 23:31:55,2
198,2529,2023-09-13 23:31:55,3
198,67,2023-09-13 23:31:55,4
198,385,2023-09-13 23:31:55,5
198,1943,2023-09-13 23:31:55,6
198,1853,2023-09-13 23:31:55,7
198,2517,2023-09-13 23:31:55,8
198,296,2023-09-13 23:31:55,9
198,1342,2023-09-13 23:31:55,10
198,614,2023-09-13 23:31:55,11
198,2604,2023-09-13 23:31:55,12
198,1247,2023-09-13 23:31:55,13
198,1131,2023-09-13 23:31:55,14
198,1654,2023-09-13 23:31:55,15
198,493,2023-09-13 23:31:55,16
198,1124,2023-09-13 23:31:55,17
198,1204,2023-09-13 23:31:55,18
199,2527,2020-01-29 01:30:32,1
199,673,2020-01-29 01:30:32,2
199,866,2020-01-29 01:30:32,3
199,1005,2020-01-29 01:30:32,4
199,1436,2020-01-29 01:30:32,5
200,1876,2021-02-28 02:27:09,1
200,1246,2021-02-28 02:27:09,2
200,1620,2021-02-28 02:27:09,3
200,1477,2021-02-28 02:27:09,4
200,1779,2021-02-28 02:27:09,5
200,1259,2021-02-28 02:27:09,6
200,574,2021-02-28 02:27:09,7
201,1544,2020-03-10 19:50:36,1
201,216,2020-03-10 19:50:36,2
201,451,2020-03-10 19:50:36,3
201,2252,2020-03-10 19:50:36,4
201,1572,2020-03-10 19:50:36,5
201,1009,2020-03-10 19:50:36,6
201,2006,2020-03-10 19:50:36,7
201,526,2020-03-10 19:50:36,8
201,1555,2020-03-10 19:50:36,9
201,894,2020-03-10 19:50:36,10
201,273,2020-03-10 19:50:36,11
201,2325,2020-03-10 19:50:36,12
201,2395,2020-03-10 19:50:36,13
201,1462,2020-03-10 19:50:36,14
201,2634,2020-03-10 19:50:36,15
201,1563,2020-03-10 19:50:36,16
201,2509,2020-03-10 19:50:36,17
201,2596,2020-03-10 19:50:36,18
201,1372,2020-03-10 19:50:36,19
201,1459,2020-03-10 19:50:36,20
201,2387,2020-03-10 19:50:36,21
201,647,2020-03-10 19:50:36,22
201,2619,2020-03-10 19:50:36,23
201,749,2020-03-10 19:50:36,24
201,1991,2020-03-10 19:50:36,25
201,1797,2020-03-10 19:50:36,26
201,1539,2020-03-10 19:50:36,27
201,1077,2020-03-10 19:50:36,28
201,380,2020-03-10 19:50:36,29
201,1224,2020-03-10 19:50:36,30
202,185,2025-05-03 06:27:09,1
202,108,2025-05-03 06:27:09,2
202,887,2025-05-03 06:27:09,3
202,2243,2025-05-03 06:27:09,4
202,1325,2025-05-03 06:27:09,5
202,11,2025-05-03 06:27:09,6
202,733,2025-05-03 06:27:09,7
202,1371,2025-05-03 06:27:09,8
202,1407,2025-05-03 06:27:09,9
202,261,2025-05-03 06:27:09,10
202,854,2025-05-03 06:27:09,11
202,1111,2025-05-03 06:27:09,12
202,1182,2025-05-03 06:27:09,13
202,1048,2025-05-03 06:27:09,14
202,2251,2025-05-03 06:27:09,15
202,1636,2025-05-03 06:27:09,16
202,1971,2025-05-03 06:27:09,17
202,577,2025-05-03 06:27:09,18
202,740,2025-05-03 06:27:09,19
202,2185,2025-05-03 06:27:09,20
202,2196,2025-05-03 06:27:09,21
202,937,2025-05-03 06:27:09,22
202,2346,2025-05-03 06:27:09,23
202,4,2025-05-03 06:27:09,24
203,1921,2023-07-04 01:22:27,1
203,988,2023-07-04 01:22:27,2
203,957,2023-07-04 01:22:27,3
203,271,2023-07-04 01:22:27,4
203,1036,2023-07-04 01:22:27,5
203,1480,2023-07-04 01:22:27,6
203,1131,2023-07-04 01:22:27,7
203,1549,2023-07-04 01:22:27,8
203,343,2023-07-04 01:22:27,9
203,1532,2023-07-04 01:22:27,10
203,1976,2023-07-04 01:22:27,11
203,1198,2023-07-04 01:22:27,12
203,2377,2023-07-04 01:22:27,13
203,811,2023-07-04 01:22:27,14
204,1465,2022-08-04 02:07:13,1
204,381,2022-08-04 02:07:13,2
204,469,2022-08-04 02:07:13,3
204,1068,2022-08-04 02:07:13,4
204,2410,2022-08-04 02:07:13,5
204,1876,2022-08-04 02:07:13,6
204,2155,2022-08-04 02:07:13,7
204,2118,2022-08-04 02:07:13,8
204,1912,2022-08-04 02:07:13,9
205,1298,2024-11-18 15:34:26,1
205,876,2024-11-18 15:34:26,2
205,261,2024-11-18 15:34:26,3
205,549,2024-11-18 15:34:26,4
205,34,2024-11-18 15:34:26,5
205,1186,2024-11-18 15:34:26,6
205,58,2024-11-18 15:34:26,7
205,2389,2024-11-18 15:34:26,8
205,1320,2024-11-18 15:34:26,9
205,1170,2024-11-18 15:34:26,10
205,999,2024-11-18 15:34:26,11
205,1806,2024-11-18 15:34:26,12
205,2030,2024-11-18 15:34:26,13
205,1784,2024-11-18 15:34:26,14
205,1741,2024-11-18 15:34:26,15
205,389,2024-11-18 15:34:26,16
205,2105,2024-11-18 15:34:26,17
205,796,2024-11-18 15:34:26,18
205,213,2024-11-18 15:34:26,19
205,2165,2024-11-18 15:34:26,20
205,1532,2024-11-18 15:34:26,21
205,2057,2024-11-18 15:34:26,22
205,212,2024-11-18 15:34:26,23
206,410,2024-02-14 01:48:35,1
206,2196,2024-02-14 01:48:35,2
206,1968,2024-02-14 01:48:35,3
206,997,2024-02-14 01:48:35,4
206,352,2024-02-14 01:48:35,5
206,1279,2024-02-14 01:48:35,6
207,2386,2020-01-12 22:52:15,1
207,346,2020-01-12 22:52:15,2
207,1330,2020-01-12 22:52:15,3
207,378,2020-01-12 22:52:15,4
207,266,2020-01-12 22:52:15,5
207,1025,2020-01-12 22:52:15,6
207,938,2020-01-12 22:52:15,7
207,1775,2020-01-12 22:52:15,8
207,1972,2020-01-12 22:52:15,9
207,2191,2020-01-12 22:52:15,10
207,1690,2020-01-12 22:52:15,11
208,2586,2022-08-11 19:05:46,1
208,426,2022-08-11 19:05:46,2
208,61,2022-08-11 19:05:46,3
208,1991,2022-08-11 19:05:46,4
208,2247,2022-08-11 19:05:46,5
208,318,2022-08-11 19:05:46,6
208,2248,2022-08-11 19:05:46,7
208,1869,2022-08-11 19:05:46,8
208,399,2022-08-11 19:05:46,9
208,186,2022-08-11 19:05:46,10
209,1661,2024-03-27 07:50:50,1
209,2585,2024-03-27 07:50:50,2
209,2149,2024-03-27 07:50:50,3
209,1312,2024-03-27 07:50:50,4
209,1734,2024-03-27 07:50:50,5
209,1234,2024-03-27 07:50:50,6
209,528,2024-03-27 07:50:50,7
209,1355,2024-03-27 07:50:50,8
209,1861,2024-03-27 07:50:50,9
209,217,2024-03-27 07:50:50,10
209,1666,2024-03-27 07:50:50,11
209,2631,2024-03-27 07:50:50,12
209,2245,2024-03-27 07:50:50,13
209,10,2024-03-27 07:50:50,14
209,585,2024-03-27 07:50:50,15
209,1753,2024-03-27 07:50:50,16
209,2369,2024-03-27 07:50:50,17
209,811,2024-03-27 07:50:50,18
209,1002,2024-03-27 07:50:50,19
209,296,2024-03-27 07:50:50,20
209,1525,2024-03-27 07:50:50,21
209,1079,2024-03-27 07:50:50,22
209,735,2024-03-27 07:50:50,23
209,804,2024-03-27 07:50:50,24
210,1656,2022-12-29 10:47:49,1
210,137,2022-12-29 10:47:49,2
210,217,2022-12-29 10:47:49,3
210,757,2022-12-29 10:47:49,4
210,800,2022-12-29 10:47:49,5
211,758,2024-11-08 23:14:55,1
211,2058,2024-11-08 23:14:55,2
211,1769,2024-11-08 23:14:55,3
211,1374,2024-11-08 23:14:55,4
211,2651,2024-11-08 23:14:55,5
211,1373,2024-11-08 23:14:55,6
212,78,2020-08-21 20:23:11,1
212,1338,2020-08-21 20:23:11,2
212,566,2020-08-21 20:23:11,3
212,689,2020-08-21 20:23:11,4
212,1181,2020-08-21 20:23:11,5
212,392,2020-08-21 20:23:11,6
212,393,2020-08-21 20:23:11,7
212,1185,2020-08-21 20:23:11,8
212,629,2020-08-21 20:23:11,9
212,112,2020-08-21 20:23:11,10
212,1654,2020-08-21 20:23:11,11
212,1675,2020-08-21 20:23:11,12
212,1968,2020-08-21 20:23:11,13
212,151,2020-08-21 20:23:11,14
212,423,2020-08-21 20:23:11,15
212,1291,2020-08-21 20:23:11,16
212,309,2020-08-21 20:23:11,17
212,1049,2020-08-21 20:23:11,18
212,1310,2020-08-21 20:23:11,19
212,2412,2020-08-21 20:23:11,20
212,2320,2020-08-21 20:23:11,21
212,581,2020-08-21 20:23:11,22
212,79,2020-08-21 20:23:11,23
212,391,2020-08-21 20:23:11,24
212,1646,2020-08-21 20:23:11,25
212,1739,2020-08-21 20:23:11,26
212,1024,2020-08-21 20:23:11,27
213,2128,2025-03-04 19:20:42,1
213,577,2025-03-04 19:20:42,2
213,528,2025-03-04 19:20:42,3
213,556,2025-03-04 19:20:42,4
213,560,2025-03-04 19:20:42,5
213,1139,2025-03-04 19:20:42,6
213,154,2025-03-04 19:20:42,7
213,130,2025-03-04 19:20:42,8
213,1309,2025-03-04 19:20:42,9
213,951,2025-03-04 19:20:42,10
213,2405,2025-03-04 19:20:42,11
214,755,2022-07-28 02:48:31,1
214,722,2022-07-28 02:48:31,2
214,194,2022-07-28 02:48:31,3
214,1526,2022-07-28 02:48:31,4
214,1548,2022-07-28 02:48:31,5
214,573,2022-07-28 02:48:31,6
214,113,2022-07-28 02:48:31,7
214,392,2022-07-28 02:48:31,8
214,2515,2022-07-28 02:48:31,9
215,190,2022-01-23 12:29:12,1
215,310,2022-01-23 12:29:12,2
215,467,2022-01-23 12:29:12,3
215,851,2022-01-23 12:29:12,4
215,1049,2022-01-23 12:29:12,5
215,2189,2022-01-23 12:29:12,6
215,1257,2022-01-23 12:29:12,7
215,857,2022-01-23 12:29:12,8
215,916,2022-01-23 12:29:12,9
215,2359,2022-01-23 12:29:12,10
215,414,2022-01-23 12:29:12,11
215,789,2022-01-23 12:29:12,12
215,934,2022-01-23 12:29:12,13
215,2629,2022-01-23 12:29:12,14
215,714,2022-01-23 12:29:12,15
215,1490,2022-01-23 12:29:12,16
215,744,2022-01-23 12:29:12,17
215,2118,2022-01-23 12:29:12,18
215,1552,2022-01-23 12:29:12,19
215,479,2022-01-23 12:29:12,20
215,880,2022-01-23 12:29:12,21
215,649,2022-01-23 12:29:12,22
215,997,2022-01-23 12:29:12,23
215,2449,2022-01-23 12:29:12,24
215,1042,2022-01-23 12:29:12,25
215,1375,2022-01-23 12:29:12,26
215,1687,2022-01-23 12:29:12,27
215,1161,2022-01-23 12:29:12,28
215,1366,2022-01-23 12:29:12,29
216,888,2024-05-31 10:30:59,1
216,1247,2024-05-31 10:30:59,2
216,761,2024-05-31 10:30:59,3
216,2051,2024-05-31 10:30:59,4
216,1638,2024-05-31 10:30:59,5
216,1223,2024-05-31 10:30:59,6
216,1221,2024-05-31 10:30:59,7
216,2497,2024-05-31 10:30:59,8
216,1814,2024-05-31 10:30:59,9
217,21,2021-10-02 19:42:08,1
217,710,2021-10-02 19:42:08,2
217,1081,2021-10-02 19:42:08,3
217,2391,2021-10-02 19:42:08,4
217,2098,2021-10-02 19:42:08,5
217,1762,2021-10-02 19:42:08,6
217,1759,2021-10-02 19:42:08,7
217,792,2021-10-02 19:42:08,8
217,1097,2021-10-02 19:42:08,9
217,713,2021-10-02 19:42:08,10
217,224,2021-10-02 19:42:08,11
217,2390,2021-10-02 19:42:08,12
217,1461,2021-10-02 19:42:08,13
217,1014,2021-10-02 19:42:08,14
217,1792,2021-10-02 19:42:08,15
217,1859,2021-10-02 19:42:08,16
217,2608,2021-10-02 19:42:08,17
217,1940,2021-10-02 19:42:08,18
218,994,2024-12-11 17:38:40,1
218,1134,2024-12-11 17:38:40,2
218,2347,2024-12-11 17:38:40,3
218,2254,2024-12-11 17:38:40,4
218,2610,2024-12-11 17:38:40,5
218,2561,2024-12-11 17:38:40,6
218,1477,2024-12-11 17:38:40,7
218,727,2024-12-11 17:38:40,8
218,2548,2024-12-11 17:38:40,9
218,1933,2024-12-11 17:38:40,10
218,951,2024-12-11 17:38:40,11
218,1460,2024-12-11 17:38:40,12
218,1658,2024-12-11 17:38:40,13
218,378,2024-12-11 17:38:40,14
218,1371,2024-12-11 17:38:40,15
218,728,2024-12-11 17:38:40,16
218,1572,2024-12-11 17:38:40,17
218,1656,2024-12-11 17:38:40,18
218,1520,2024-12-11 17:38:40,19
218,1362,2024-12-11 17:38:40,20
218,2305,2024-12-11 17:38:40,21
218,272,2024-12-11 17:38:40,22
218,1096,2024-12-11 17:38:40,23
218,1999,2024-12-11 17:38:40,24
218,1598,2024-12-11 17:38:40,25
219,1515,2023-03-29 04:02:42,1
219,1009,2023-03-29 04:02:42,2
219,2620,2023-03-29 04:02:42,3
219,2093,2023-03-29 04:02:42,4
219,249,2023-03-29 04:02:42,5
219,2538,2023-03-29 04:02:42,6
219,1707,2023-03-29 04:02:42,7
219,1706,2023-03-29 04:02:42,8
219,1230,2023-03-29 04:02:42,9
219,432,2023-03-29 04:02:42,10
220,1937,2020-03-27 20:25:46,1
220,1514,2020-03-27 20:25:46,2
220,898,2020-03-27 20:25:46,3
220,1021,2020-03-27 20:25:46,4
220,1657,2020-03-27 20:25:46,5
220,2383,2020-03-27 20:25:46,6
220,1520,2020-03-27 20:25:46,7
220,653,2020-03-27 20:25:46,8
220,1182,2020-03-27 20:25:46,9
220,1809,2020-03-27 20:25:46,10
220,1110,2020-03-27 20:25:46,11
220,1614,2020-03-27 20:25:46,12
220,1779,2020-03-27 20:25:46,13
221,1302,2022-09-08 21:26:03,1
221,956,2022-09-08 21:26:03,2
221,1385,2022-09-08 21:26:03,3
221,854,2022-09-08 21:26:03,4
221,2299,2022-09-08 21:26:03,5
221,2378,2022-09-08 21:26:03,6
221,1671,2022-09-08 21:26:03,7
221,522,2022-09-08 21:26:03,8
221,2597,2022-09-08 21:26:03,9
221,2362,2022-09-08 21:26:03,10
221,2259,2022-09-08 21:26:03,11
221,1389,2022-09-08 21:26:03,12
221,1024,2022-09-08 21:26:03,13
221,632,2022-09-08 21:26:03,14
221,1187,2022-09-08 21:26:03,15
221,830,2022-09-08 21:26:03,16
221,1591,2022-09-08 21:26:03,17
221,2023,2022-09-08 21:26:03,18
221,2427,2022-09-08 21:26:03,19
221,618,2022-09-08 21:26:03,20
221,1220,2022-09-08 21:26:03,21
221,423,2022-09-08 21:26:03,22
221,1388,2022-09-08 21:26:03,23
221,1945,2022-09-08 21:26:03,24
221,336,2022-09-08 21:26:03,25
221,642,2022-09-08 21:26:03,26
221,2626,2022-09-08 21:26:03,27
221,1875,2022-09-08 21:26:03,28
222,1714,2021-06-01 19:27:53,1
222,805,2021-06-01 19:27:53,2
222,2562,2021-06-01 19:27:53,3
222,2241,2021-06-01 19:27:53,4
222,920,2021-06-01 19:27:53,5
222,1328,2021-06-01 19:27:53,6
222,1112,2021-06-01 19:27:53,7
222,871,2021-06-01 19:27:53,8
222,1174,2021-06-01 19:27:53,9
222,1683,2021-06-01 19:27:53,10
222,2247,2021-06-01 19:27:53,11
222,1346,2021-06-01 19:27:53,12
222,2049,2021-06-01 19:27:53,13
222,1758,2021-06-01 19:27:53,14
222,1010,2021-06-01 19:27:53,15
222,2367,2021-06-01 19:27:53,16
222,108,2021-06-01 19:27:53,17
222,1692,2021-06-01 19:27:53,18
222,415,2021-06-01 19:27:53,19
222,1611,2021-06-01 19:27:53,20
222,2206,2021-06-01 19:27:53,21
222,603,2021-06-01 19:27:53,22
222,1213,2021-06-01 19:27:53,23
222,2317,2021-06-01 19:27:53,24
222,1927,2021-06-01 19:27:53,25
223,2617,2024-05-18 08:00:29,1
223,969,2024-05-18 08:00:29,2
223,2523,2024-05-18 08:00:29,3
223,2493,2024-05-18 08:00:29,4
223,2238,2024-05-18 08:00:29,5
223,317,2024-05-18 08:00:29,6
223,1701,2024-05-18 08:00:29,7
223,394,2024-05-18 08:00:29,8
223,1452,2024-05-18 08:00:29,9
223,920,2024-05-18 08:00:29,10
223,2049,2024-05-18 08:00:29,11
223,342,2024-05-18 08:00:29,12
223,416,2024-05-18 08:00:29,13
223,1613,2024-05-18 08:00:29,14
223,2111,2024-05-18 08:00:29,15
223,806,2024-05-18 08:00:29,16
223,1892,2024-05-18 08:00:29,17
223,363,2024-05-18 08:00:29,18
223,120,2024-05-18 08:00:29,19
223,1003,2024-05-18 08:00:29,20
223,95,2024-05-18 08:00:29,21
223,2037,2024-05-18 08:00:29,22
223,853,2024-05-18 08:00:29,23
224,536,2020-01-31 19:08:57,1
224,1555,2020-01-31 19:08:57,2
224,242,2020-01-31 19:08:57,3
224,1932,2020-01-31 19:08:57,4
224,681,2020-01-31 19:08:57,5
224,17,2020-01-31 19:08:57,6
224,391,2020-01-31 19:08:57,7
224,1122,2020-01-31 19:08:57,8
224,2197,2020-01-31 19:08:57,9
224,2514,2020-01-31 19:08:57,10
224,1736,2020-01-31 19:08:57,11
224,1975,2020-01-31 19:08:57,12
224,2269,2020-01-31 19:08:57,13
224,79,2020-01-31 19:08:57,14
224,2278,2020-01-31 19:08:57,15
224,574,2020-01-31 19:08:57,16
224,1584,2020-01-31 19:08:57,17
224,1127,2020-01-31 19:08:57,18
224,2351,2020-01-31 19:08:57,19
224,852,2020-01-31 19:08:57,20
225,540,2020-04-07 13:16:54,1
225,502,2020-04-07 13:16:54,2
225,1170,2020-04-07 13:16:54,3
225,1632,2020-04-07 13:16:54,4
225,805,2020-04-07 13:16:54,5
225,2426,2020-04-07 13:16:54,6
225,1220,2020-04-07 13:16:54,7
225,1811,2020-04-07 13:16:54,8
226,754,2023-11-26 01:43:44,1
226,1325,2023-11-26 01:43:44,2
226,2632,2023-11-26 01:43:44,3
226,1139,2023-11-26 01:43:44,4
226,591,2023-11-26 01:43:44,5
226,2369,2023-11-26 01:43:44,6
226,2593,2023-11-26 01:43:44,7
226,674,2023-11-26 01:43:44,8
226,1592,2023-11-26 01:43:44,9
226,1215,2023-11-26 01:43:44,10
226,1411,2023-11-26 01:43:44,11
226,1661,2023-11-26 01:43:44,12
226,841,2023-11-26 01:43:44,13
226,784,2023-11-26 01:43:44,14
226,2449,2023-11-26 01:43:44,15
226,446,2023-11-26 01:43:44,16
226,1885,2023-11-26 01:43:44,17
227,2397,2023-05-28 10:10:32,1
227,2412,2023-05-28 10:10:32,2
227,2583,2023-05-28 10:10:32,3
227,1232,2023-05-28 10:10:32,4
227,47,2023-05-28 10:10:32,5
227,882,2023-05-28 10:10:32,6
227,1620,2023-05-28 10:10:32,7
227,2346,2023-05-28 10:10:32,8
227,1075,2023-05-28 10:10:32,9
228,328,2020-07-09 03:53:29,1
228,450,2020-07-09 03:53:29,2
228,744,2020-07-09 03:53:29,3
228,2630,2020-07-09 03:53:29,4
228,1695,2020-07-09 03:53:29,5
228,1570,2020-07-09 03:53:29,6
228,1197,2020-07-09 03:53:29,7
228,2324,2020-07-09 03:53:29,8
228,1885,2020-07-09 03:53:29,9
228,363,2020-07-09 03:53:29,10
228,2542,2020-07-09 03:53:29,11
228,1680,2020-07-09 03:53:29,12
228,1850,2020-07-09 03:53:29,13
228,105,2020-07-09 03:53:29,14
228,1687,2020-07-09 03:53:29,15
228,2256,2020-07-09 03:53:29,16
228,919,2020-07-09 03:53:29,17
228,895,2020-07-09 03:53:29,18
228,1347,2020-07-09 03:53:29,19
228,904,2020-07-09 03:53:29,20
228,2458,2020-07-09 03:53:29,21
229,135,2021-07-10 13:45:29,1
229,430,2021-07-10 13:45:29,2
229,1596,2021-07-10 13:45:29,3
229,441,2021-07-10 13:45:29,4
229,696,2021-07-10 13:45:29,5
229,1434,2021-07-10 13:45:29,6
229,2340,2021-07-10 13:45:29,7
229,113,2021-07-10 13:45:29,8
230,1644,2022-02-23 23:53:38,1
230,1012,2022-02-23 23:53:38,2
230,2326,2022-02-23 23:53:38,3
230,2465,2022-02-23 23:53:38,4
230,1115,2022-02-23 23:53:38,5
230,2397,2022-02-23 23:53:38,6
230,139,2022-02-23 23:53:38,7
230,334,2022-02-23 23:53:38,8
231,928,2020-11-20 06:44:17,1
231,949,2020-11-20 06:44:17,2
231,1115,2020-11-20 06:44:17,3
231,1114,2020-11-20 06:44:17,4
231,883,2020-11-20 06:44:17,5
231,1951,2020-11-20 06:44:17,6
231,1718,2020-11-20 06:44:17,7
231,1975,2020-11-20 06:44:17,8
231,841,2020-11-20 06:44:17,9
231,1121,2020-11-20 06:44:17,10
231,2186,2020-11-20 06:44:17,11
232,412,2020-01-02 16:37:14,1
232,1153,2020-01-02 16:37:14,2
232,187,2020-01-02 16:37:14,3
232,2308,2020-01-02 16:37:14,4
232,2235,2020-01-02 16:37:14,5
232,1087,2020-01-02 16:37:14,6
232,363,2020-01-02 16:37:14,7
232,255,2020-01-02 16:37:14,8
232,292,2020-01-02 16:37:14,9
232,1779,2020-01-02 16:37:14,10
232,2022,2020-01-02 16:37:14,11
232,2460,2020-01-02 16:37:14,12
232,887,2020-01-02 16:37:14,13
232,155,2020-01-02 16:37:14,14
232,303,2020-01-02 16:37:14,15
232,1029,2020-01-02 16:37:14,16
232,2230,2020-01-02 16:37:14,17
232,374,2020-01-02 16:37:14,18
232,425,2020-01-02 16:37:14,19
232,1641,2020-01-02 16:37:14,20
232,43,2020-01-02 16:37:14,21
232,1159,2020-01-02 16:37:14,22
232,2369,2020-01-02 16:37:14,23
232,2418,2020-01-02 16:37:14,24
232,341,2020-01-02 16:37:14,25
232,103,2020-01-02 16:37:14,26
232,195,2020-01-02 16:37:14,27
232,1277,2020-01-02 16:37:14,28
232,662,2020-01-02 16:37:14,29
232,159,2020-01-02 16:37:14,30
233,2170,2024-09-22 00:24:03,1
233,2302,2024-09-22 00:24:03,2
233,1709,2024-09-22 00:24:03,3
233,488,2024-09-22 00:24:03,4
233,1656,2024-09-22 00:24:03,5
233,2230,2024-09-22 00:24:03,6
233,136,2024-09-22 00:24:03,7
233,297,2024-09-22 00:24:03,8
233,2543,2024-09-22 00:24:03,9
234,163,2020-05-07 20:17:33,1
234,1010,2020-05-07 20:17:33,2
234,1196,2020-05-07 20:17:33,3
234,592,2020-05-07 20:17:33,4
234,500,2020-05-07 20:17:33,5
234,822,2020-05-07 20:17:33,6
234,1057,2020-05-07 20:17:33,7
234,2056,2020-05-07 20:17:33,8
234,1349,2020-05-07 20:17:33,9
234,1239,2020-05-07 20:17:33,10
234,2268,2020-05-07 20:17:33,11
234,1070,2020-05-07 20:17:33,12
234,639,2020-05-07 20:17:33,13
234,246,2020-05-07 20:17:33,14
234,859,2020-05-07 20:17:33,15
234,1308,2020-05-07 20:17:33,16
234,809,2020-05-07 20:17:33,17
234,306,2020-05-07 20:17:33,18
234,1743,2020-05-07 20:17:33,19
234,252,2020-05-07 20:17:33,20
234,1959,2020-05-07 20:17:33,21
234,2317,2020-05-07 20:17:33,22
234,394,2020-05-07 20:17:33,23
234,1990,2020-05-07 20:17:33,24
235,409,2022-08-05 23:29:26,1
235,842,2022-08-05 23:29:26,2
235,2227,2022-08-05 23:29:26,3
235,1566,2022-08-05 23:29:26,4
235,241,2022-08-05 23:29:26,5
235,328,2022-08-05 23:29:26,6
235,1327,2022-08-05 23:29:26,7
235,1969,2022-08-05 23:29:26,8
235,406,2022-08-05 23:29:26,9
235,354,2022-08-05 23:29:26,10
235,2030,2022-08-05 23:29:26,11
235,476,2022-08-05 23:29:26,12
235,833,2022-08-05 23:29:26,13
235,554,2022-08-05 23:29:26,14
235,401,2022-08-05 23:29:26,15
235,2388,2022-08-05 23:29:26,16
235,1268,2022-08-05 23:29:26,17
235,67,2022-08-05 23:29:26,18
235,555,2022-08-05 23:29:26,19
235,1243,2022-08-05 23:29:26,20
235,1901,2022-08-05 23:29:26,21
235,18,2022-08-05 23:29:26,22
235,662,2022-08-05 23:29:26,23
236,2276,2024-09-08 02:24:06,1
236,362,2024-09-08 02:24:06,2
236,1186,2024-09-08 02:24:06,3
236,377,2024-09-08 02:24:06,4
236,489,2024-09-08 02:24:06,5
236,543,2024-09-08 02:24:06,6
236,2186,2024-09-08 02:24:06,7
236,1882,2024-09-08 02:24:06,8
236,2589,2024-09-08 02:24:06,9
236,1226,2024-09-08 02:24:06,10
236,1299,2024-09-08 02:24:06,11
236,560,2024-09-08 02:24:06,12
236,1985,2024-09-08 02:24:06,13
236,308,2024-09-08 02:24:06,14
236,2489,2024-09-08 02:24:06,15
236,873,2024-09-08 02:24:06,16
236,1787,2024-09-08 02:24:06,17
236,1952,2024-09-08 02:24:06,18
236,2090,2024-09-08 02:24:06,19
236,1510,2024-09-08 02:24:06,20
236,2011,2024-09-08 02:24:06,21
237,1207,2025-01-22 14:44:35,1
237,1756,2025-01-22 14:44:35,2
237,769,2025-01-22 14:44:35,3
237,2479,2025-01-22 14:44:35,4
237,294,2025-01-22 14:44:35,5
237,979,2025-01-22 14:44:35,6
237,2270,2025-01-22 14:44:35,7
237,327,2025-01-22 14:44:35,8
237,154,2025-01-22 14:44:35,9
237,2610,2025-01-22 14:44:35,10
237,2046,2025-01-22 14:44:35,11
237,1236,2025-01-22 14:44:35,12
237,2518,2025-01-22 14:44:35,13
237,456,2025-01-22 14:44:35,14
237,1553,2025-01-22 14:44:35,15
237,501,2025-01-22 14:44:35,16
237,2366,2025-01-22 14:44:35,17
238,694,2020-11-25 06:54:42,1
238,1022,2020-11-25 06:54:42,2
238,2628,2020-11-25 06:54:42,3
238,622,2020-11-25 06:54:42,4
238,488,2020-11-25 06:54:42,5
238,1427,2020-11-25 06:54:42,6
238,1164,2020-11-25 06:54:42,7
238,197,2020-11-25 06:54:42,8
238,312,2020-11-25 06:54:42,9
238,973,2020-11-25 06:54:42,10
238,338,2020-11-25 06:54:42,11
238,1375,2020-11-25 06:54:42,12
238,893,2020-11-25 06:54:42,13
238,1358,2020-11-25 06:54:42,14
239,1684,2023-07-16 10:45:49,1
239,2445,2023-07-16 10:45:49,2
239,1775,2023-07-16 10:45:49,3
239,760,2023-07-16 10:45:49,4
239,1592,2023-07-16 10:45:49,5
239,273,2023-07-16 10:45:49,6
240,2245,2020-02-15 06:20:06,1
240,1038,2020-02-15 06:20:06,2
240,1411,2020-02-15 06:20:06,3
240,1381,2020-02-15 06:20:06,4
240,685,2020-02-15 06:20:06,5
240,1324,2020-02-15 06:20:06,6
240,719,2020-02-15 06:20:06,7
240,2036,2020-02-15 06:20:06,8
240,1278,2020-02-15 06:20:06,9
240,308,2020-02-15 06:20:06,10
240,9,2020-02-15 06:20:06,11
240,570,2020-02-15 06:20:06,12
240,2593,2020-02-15 06:20:06,13
240,1489,2020-02-15 06:20:06,14
240,1160,2020-02-15 06:20:06,15
240,1993,2020-02-15 06:20:06,16
240,267,2020-02-15 06:20:06,17
240,1911,2020-02-15 06:20:06,18
241,2224,2020-02-09 12:52:19,1
241,2447,2020-02-09 12:52:19,2
241,2514,2020-02-09 12:52:19,3
241,1131,2020-02-09 12:52:19,4
241,2133,2020-02-09 12:52:19,5
241,2154,2020-02-09 12:52:19,6
241,1471,2020-02-09 12:52:19,7
241,1745,2020-02-09 12:52:19,8
241,1600,2020-02-09 12:52:19,9
241,2477,2020-02-09 12:52:19,10
241,1157,2020-02-09 12:52:19,11
241,2076,2020-02-09 12:52:19,12
241,2336,2020-02-09 12:52:19,13
241,2449,2020-02-09 12:52:19,14
241,905,2020-02-09 12:52:19,15
241,240,2020-02-09 12:52:19,16
241,126,2020-02-09 12:52:19,17
241,1513,2020-02-09 12:52:19,18
241,435,2020-02-09 12:52:19,19
241,2421,2020-02-09 12:52:19,20
241,2576,2020-02-09 12:52:19,21
241,1396,2020-02-09 12:52:19,22
241,1773,2020-02-09 12:52:19,23
242,1425,2021-10-23 07:32:58,1
242,1647,2021-10-23 07:32:58,2
242,853,2021-10-23 07:32:58,3
242,1498,2021-10-23 07:32:58,4
242,1492,2021-10-23 07:32:58,5
242,2068,2021-10-23 07:32:58,6
242,1214,2021-10-23 07:32:58,7
242,597,2021-10-23 07:32:58,8
242,755,2021-10-23 07:32:58,9
242,1837,2021-10-23 07:32:58,10
242,2614,2021-10-23 07:32:58,11
242,354,2021-10-23 07:32:58,12
242,1867,2021-10-23 07:32:58,13
242,640,2021-10-23 07:32:58,14
242,1597,2021-10-23 07:32:58,15
242,1656,2021-10-23 07:32:58,16
242,546,2021-10-23 07:32:58,17
242,1482,2021-10-23 07:32:58,18
242,1660,2021-10-23 07:32:58,19
243,107,2022-12-07 14:36:30,1
243,1061,2022-12-07 14:36:30,2
243,1568,2022-12-07 14:36:30,3
243,33,2022-12-07 14:36:30,4
243,1952,2022-12-07 14:36:30,5
243,93,2022-12-07 14:36:30,6
243,176,2022-12-07 14:36:30,7
243,340,2022-12-07 14:36:30,8
243,1205,2022-12-07 14:36:30,9
243,1125,2022-12-07 14:36:30,10
243,456,2022-12-07 14:36:30,11
243,912,2022-12-07 14:36:30,12
243,21,2022-12-07 14:36:30,13
243,1549,2022-12-07 14:36:30,14
243,2086,2022-12-07 14:36:30,15
243,1725,2022-12-07 14:36:30,16
244,1068,2020-11-12 08:26:12,1
244,166,2020-11-12 08:26:12,2
244,2097,2020-11-12 08:26:12,3
244,1824,2020-11-12 08:26:12,4
244,421,2020-11-12 08:26:12,5
244,22,2020-11-12 08:26:12,6
244,15,2020-11-12 08:26:12,7
244,2614,2020-11-12 08:26:12,8
244,1687,2020-11-12 08:26:12,9
244,1676,2020-11-12 08:26:12,10
245,2456,2023-01-10 17:09:12,1
245,242,2023-01-10 17:09:12,2
245,1114,2023-01-10 17:09:12,3
245,411,2023-01-10 17:09:12,4
245,1991,2023-01-10 17:09:12,5
245,556,2023-01-10 17:09:12,6
245,2197,2023-01-10 17:09:12,7
245,577,2023-01-10 17:09:12,8
245,32,2023-01-10 17:09:12,9
245,1933,2023-01-10 17:09:12,10
245,1670,2023-01-10 17:09:12,11
245,691,2023-01-10 17:09:12,12
245,788,2023-01-10 17:09:12,13
245,2055,2023-01-10 17:09:12,14
245,456,2023-01-10 17:09:12,15
245,499,2023-01-10 17:09:12,16
245,1439,2023-01-10 17:09:12,17
245,661,2023-01-10 17:09:12,18
245,574,2023-01-10 17:09:12,19
245,940,2023-01-10 17:09:12,20
245,586,2023-01-10 17:09:12,21
245,2262,2023-01-10 17:09:12,22
246,742,2020-02-23 17:02:29,1
246,717,2020-02-23 17:02:29,2
246,2278,2020-02-23 17:02:29,3
246,635,2020-02-23 17:02:29,4
246,1163,2020-02-23 17:02:29,5
246,54,2020-02-23 17:02:29,6
246,2196,2020-02-23 17:02:29,7
246,1138,2020-02-23 17:02:29,8
246,1930,2020-02-23 17:02:29,9
247,638,2023-04-18 14:49:45,1
247,2155,2023-04-18 14:49:45,2
247,789,2023-04-18 14:49:45,3
247,1467,2023-04-18 14:49:45,4
247,2483,2023-04-18 14:49:45,5
247,2421,2023-04-18 14:49:45,6
247,2440,2023-04-18 14:49:45,7
247,1218,2023-04-18 14:49:45,8
247,131,2023-04-18 14:49:45,9
247,6,2023-04-18 14:49:45,10
247,1118,2023-04-18 14:49:45,11
247,378,2023-04-18 14:49:45,12
247,160,2023-04-18 14:49:45,13
247,2271,2023-04-18 14:49:45,14
247,1098,2023-04-18 14:49:45,15
248,2480,2022-03-22 01:59:15,1
248,475,2022-03-22 01:59:15,2
248,935,2022-03-22 01:59:15,3
248,1528,2022-03-22 01:59:15,4
248,417,2022-03-22 01:59:15,5
248,473,2022-03-22 01:59:15,6
248,1009,2022-03-22 01:59:15,7
248,1422,2022-03-22 01:59:15,8
248,122,2022-03-22 01:59:15,9
248,1288,2022-03-22 01:59:15,10
248,796,2022-03-22 01:59:15,11
248,1306,2022-03-22 01:59:15,12
248,1815,2022-03-22 01:59:15,13
248,597,2022-03-22 01:59:15,14
248,675,2022-03-22 01:59:15,15
248,2635,2022-03-22 01:59:15,16
248,2174,2022-03-22 01:59:15,17
248,2426,2022-03-22 01:59:15,18
248,538,2022-03-22 01:59:15,19
249,1789,2021-08-18 05:22:53,1
249,1185,2021-08-18 05:22:53,2
249,482,2021-08-18 05:22:53,3
249,2620,2021-08-18 05:22:53,4
249,1473,2021-08-18 05:22:53,5
250,2280,2024-08-08 22:53:57,1
250,168,2024-08-08 22:53:57,2
250,2453,2024-08-08 22:53:57,3
250,1903,2024-08-08 22:53:57,4
250,2148,2024-08-08 22:53:57,5
250,985,2024-08-08 22:53:57,6
250,120,2024-08-08 22:53:57,7
250,523,2024-08-08 22:53:57,8
250,2214,2024-08-08 22:53:57,9
250,71,2024-08-08 22:53:57,10
250,299,2024-08-08 22:53:57,11
250,98,2024-08-08 22:53:57,12
250,1230,2024-08-08 22:53:57,13
250,420,2024-08-08 22:53:57,14
250,2548,2024-08-08 22:53:57,15
250,1179,2024-08-08 22:53:57,16
250,1350,2024-08-08 22:53:57,17
250,994,2024-08-08 22:53:57,18
250,1235,2024-08-08 22:53:57,19
250,317,2024-08-08 22:53:57,20
251,1364,2023-09-04 03:44:53,1
251,518,2023-09-04 03:44:53,2
251,2092,2023-09-04 03:44:53,3
251,392,2023-09-04 03:44:53,4
251,1076,2023-09-04 03:44:53,5
251,1180,2023-09-04 03:44:53,6
251,1924,2023-09-04 03:44:53,7
251,2277,2023-09-04 03:44:53,8
251,1680,2023-09-04 03:44:53,9
251,1861,2023-09-04 03:44:53,10
251,1179,2023-09-04 03:44:53,11
251,2576,2023-09-04 03:44:53,12
251,528,2023-09-04 03:44:53,13
251,2256,2023-09-04 03:44:53,14
251,150,2023-09-04 03:44:53,15
251,718,2023-09-04 03:44:53,16
251,349,2023-09-04 03:44:53,17
251,2628,2023-09-04 03:44:53,18
251,2089,2023-09-04 03:44:53,19
251,2276,2023-09-04 03:44:53,20
251,2500,2023-09-04 03:44:53,21
251,915,2023-09-04 03:44:53,22
251,93,2023-09-04 03:44:53,23
251,1580,2023-09-04 03:44:53,24
252,1411,2020-06-09 21:28:02,1
252,2039,2020-06-09 21:28:02,2
252,2291,2020-06-09 21:28:02,3
252,2632,2020-06-09 21:28:02,4
252,103,2020-06-09 21:28:02,5
252,932,2020-06-09 21:28:02,6
252,1904,2020-06-09 21:28:02,7
252,2287,2020-06-09 21:28:02,8
252,2397,2020-06-09 21:28:02,9
252,473,2020-06-09 21:28:02,10
252,598,2020-06-09 21:28:02,11
252,399,2020-06-09 21:28:02,12
253,2542,2025-07-23 18:00:49,1
253,1822,2025-07-23 18:00:49,2
253,1027,2025-07-23 18:00:49,3
253,982,2025-07-23 18:00:49,4
253,1649,2025-07-23 18:00:49,5
253,2443,2025-07-23 18:00:49,6
253,2359,2025-07-23 18:00:49,7
253,57,2025-07-23 18:00:49,8
253,1307,2025-07-23 18:00:49,9
253,1360,2025-07-23 18:00:49,10
253,2264,2025-07-23 18:00:49,11
253,1324,2025-07-23 18:00:49,12
254,2020,2021-05-18 07:15:31,1
254,1525,2021-05-18 07:15:31,2
254,2427,2021-05-18 07:15:31,3
254,2344,2021-05-18 07:15:31,4
254,1254,2021-05-18 07:15:31,5
254,86,2021-05-18 07:15:31,6
254,2232,2021-05-18 07:15:31,7
254,1140,2021-05-18 07:15:31,8
254,765,2021-05-18 07:15:31,9
254,2359,2021-05-18 07:15:31,10
254,3,2021-05-18 07:15:31,11
254,1717,2021-05-18 07:15:31,12
254,2469,2021-05-18 07:15:31,13
254,1761,2021-05-18 07:15:31,14
254,2321,2021-05-18 07:15:31,15
254,2612,2021-05-18 07:15:31,16
255,1221,2020-04-18 11:47:04,1
255,1472,2020-04-18 11:47:04,2
255,628,2020-04-18 11:47:04,3
255,2130,2020-04-18 11:47:04,4
255,2490,2020-04-18 11:47:04,5
255,2226,2020-04-18 11:47:04,6
256,61,2025-05-14 12:30:50,1
256,1546,2025-05-14 12:30:50,2
256,274,2025-05-14 12:30:50,3
256,199,2025-05-14 12:30:50,4
256,1592,2025-05-14 12:30:50,5
256,1359,2025-05-14 12:30:50,6
256,1722,2025-05-14 12:30:50,7
256,1883,2025-05-14 12:30:50,8
256,986,2025-05-14 12:30:50,9
256,957,2025-05-14 12:30:50,10
256,1853,2025-05-14 12:30:50,11
256,1120,2025-05-14 12:30:50,12
256,1521,2025-05-14 12:30:50,13
256,1819,2025-05-14 12:30:50,14
256,178,2025-05-14 12:30:50,15
256,340,2025-05-14 12:30:50,16
256,1635,2025-05-14 12:30:50,17
256,1304,2025-05-14 12:30:50,18
257,1820,2023-08-21 21:37:16,1
257,1698,2023-08-21 21:37:16,2
257,382,2023-08-21 21:37:16,3
257,913,2023-08-21 21:37:16,4
257,1714,2023-08-21 21:37:16,5
257,2295,2023-08-21 21:37:16,6
257,284,2023-08-21 21:37:16,7
257,1225,2023-08-21 21:37:16,8
257,2408,2023-08-21 21:37:16,9
258,240,2020-05-27 21:43:09,1
258,574,2020-05-27 21:43:09,2
258,1466,2020-05-27 21:43:09,3
258,901,2020-05-27 21:43:09,4
258,2602,2020-05-27 21:43:09,5
258,84,2020-05-27 21:43:09,6
258,2098,2020-05-27 21:43:09,7
258,1149,2020-05-27 21:43:09,8
258,797,2020-05-27 21:43:09,9
258,1962,2020-05-27 21:43:09,10
258,1633,2020-05-27 21:43:09,11
258,2523,2020-05-27 21:43:09,12
258,2515,2020-05-27 21:43:09,13
258,659,2020-05-27 21:43:09,14
258,2623,2020-05-27 21:43:09,15
258,2511,2020-05-27 21:43:09,16
258,1630,2020-05-27 21:43:09,17
258,1212,2020-05-27 21:43:09,18
258,1104,2020-05-27 21:43:09,19
258,1235,2020-05-27 21:43:09,20
258,1884,2020-05-27 21:43:09,21
258,2044,2020-05-27 21:43:09,22
259,1324,2022-07-30 10:31:03,1
259,38,2022-07-30 10:31:03,2
259,2178,2022-07-30 10:31:03,3
259,1156,2022-07-30 10:31:03,4
259,755,2022-07-30 10:31:03,5
259,985,2022-07-30 10:31:03,6
259,577,2022-07-30 10:31:03,7
259,1027,2022-07-30 10:31:03,8
259,714,2022-07-30 10:31:03,9
259,871,2022-07-30 10:31:03,10
260,2099,2025-02-11 15:35:05,1
260,20,2025-02-11 15:35:05,2
260,131,2025-02-11 15:35:05,3
260,1122,2025-02-11 15:35:05,4
260,328,2025-02-11 15:35:05,5
260,1862,2025-02-11 15:35:05,6
260,517,2025-02-11 15:35:05,7
260,1261,2025-02-11 15:35:05,8
260,454,2025-02-11 15:35:05,9
260,1356,2025-02-11 15:35:05,10
260,1401,2025-02-11 15:35:05,11
260,1011,2025-02-11 15:35:05,12
260,1632,2025-02-11 15:35:05,13
260,2460,2025-02-11 15:35:05,14
261,1342,2023-05-07 05:37:55,1
261,2190,2023-05-07 05:37:55,2
261,1385,2023-05-07 05:37:55,3
261,1292,2023-05-07 05:37:55,4
261,1879,2023-05-07 05:37:55,5
261,1155,2023-05-07 05:37:55,6
261,2396,2023-05-07 05:37:55,7
261,118,2023-05-07 05:37:55,8
262,714,2023-08-03 22:05:13,1
262,2044,2023-08-03 22:05:13,2
262,2307,2023-08-03 22:05:13,3
262,1552,2023-08-03 22:05:13,4
262,62,2023-08-03 22:05:13,5
262,665,2023-08-03 22:05:13,6
262,1137,2023-08-03 22:05:13,7
262,674,2023-08-03 22:05:13,8
262,1512,2023-08-03 22:05:13,9
262,1853,2023-08-03 22:05:13,10
262,252,2023-08-03 22:05:13,11
262,980,2023-08-03 22:05:13,12
262,873,2023-08-03 22:05:13,13
262,908,2023-08-03 22:05:13,14
262,592,2023-08-03 22:05:13,15
262,2542,2023-08-03 22:05:13,16
262,1385,2023-08-03 22:05:13,17
263,2457,2023-03-08 16:15:24,1
263,1193,2023-03-08 16:15:24,2
263,1470,2023-03-08 16:15:24,3
263,743,2023-03-08 16:15:24,4
263,911,2023-03-08 16:15:24,5
263,339,2023-03-08 16:15:24,6
263,1320,2023-03-08 16:15:24,7
263,2622,2023-03-08 16:15:24,8
263,2203,2023-03-08 16:15:24,9
263,571,2023-03-08 16:15:24,10
263,2152,2023-03-08 16:15:24,11
263,1585,2023-03-08 16:15:24,12
263,928,2023-03-08 16:15:24,13
263,189,2023-03-08 16:15:24,14
263,1145,2023-03-08 16:15:24,15
263,83,2023-03-08 16:15:24,16
263,573,2023-03-08 16:15:24,17
263,2479,2023-03-08 16:15:24,18
263,1783,2023-03-08 16:15:24,19
263,1607,2023-03-08 16:15:24,20
263,753,2023-03-08 16:15:24,21
263,2529,2023-03-08 16:15:24,22
263,2458,2023-03-08 16:15:24,23
263,372,2023-03-08 16:15:24,24
263,1813,2023-03-08 16:15:24,25
263,647,2023-03-08 16:15:24,26
264,1989,2020-04-29 23:40:06,1
264,1211,2020-04-29 23:40:06,2
264,643,2020-04-29 23:40:06,3
264,2459,2020-04-29 23:40:06,4
264,569,2020-04-29 23:40:06,5
264,537,2020-04-29 23:40:06,6
264,109,2020-04-29 23:40:06,7
264,1238,2020-04-29 23:40:06,8
265,1669,2020-12-28 23:24:46,1
265,1901,2020-12-28 23:24:46,2
265,2219,2020-12-28 23:24:46,3
265,725,2020-12-28 23:24:46,4
265,489,2020-12-28 23:24:46,5
265,1472,2020-12-28 23:24:46,6
265,987,2020-12-28 23:24:46,7
266,722,2025-03-14 04:28:36,1
266,1664,2025-03-14 04:28:36,2
266,1567,2025-03-14 04:28:36,3
266,2475,2025-03-14 04:28:36,4
266,860,2025-03-14 04:28:36,5
266,1945,2025-03-14 04:28:36,6
266,21,2025-03-14 04:28:36,7
266,1623,2025-03-14 04:28:36,8
266,907,2025-03-14 04:28:36,9
266,517,2025-03-14 04:28:36,10
266,1454,2025-03-14 04:28:36,11
266,136,2025-03-14 04:28:36,12
266,883,2025-03-14 04:28:36,13
266,497,2025-03-14 04:28:36,14
266,945,2025-03-14 04:28:36,15
266,2402,2025-03-14 04:28:36,16
266,643,2025-03-14 04:28:36,17
266,2049,2025-03-14 04:28:36,18
266,185,2025-03-14 04:28:36,19
266,1238,2025-03-14 04:28:36,20
266,2178,2025-03-14 04:28:36,21
266,1468,2025-03-14 04:28:36,22
266,32,2025-03-14 04:28:36,23
267,620,2021-03-01 10:01:06,1
267,185,2021-03-01 10:01:06,2
267,1713,2021-03-01 10:01:06,3
267,391,2021-03-01 10:01:06,4
267,2397,2021-03-01 10:01:06,5
267,200,2021-03-01 10:01:06,6
267,436,2021-03-01 10:01:06,7
267,2362,2021-03-01 10:01:06,8
267,981,2021-03-01 10:01:06,9
267,2634,2021-03-01 10:01:06,10
268,867,2021-07-07 20:03:40,1
268,1531,2021-07-07 20:03:40,2
268,2536,2021-07-07 20:03:40,3
268,925,2021-07-07 20:03:40,4
268,2005,2021-07-07 20:03:40,5
268,2475,2021-07-07 20:03:40,6
268,1996,2021-07-07 20:03:40,7
268,348,2021-07-07 20:03:40,8
268,2473,2021-07-07 20:03:40,9
268,254,2021-07-07 20:03:40,10
268,9,2021-07-07 20:03:40,11
268,239,2021-07-07 20:03:40,12
269,89,2021-01-23 00:02:22,1
269,753,2021-01-23 00:02:22,2
269,2383,2021-01-23 00:02:22,3
269,2655,2021-01-23 00:02:22,4
269,1400,2021-01-23 00:02:22,5
269,1763,2021-01-23 00:02:22,6
269,408,2021-01-23 00:02:22,7
269,1544,2021-01-23 00:02:22,8
269,599,2021-01-23 00:02:22,9
269,755,2021-01-23 00:02:22,10
269,1395,2021-01-23 00:02:22,11
269,1543,2021-01-23 00:02:22,12
269,1151,2021-01-23 00:02:22,13
269,2017,2021-01-23 00:02:22,14
269,263,2021-01-23 00:02:22,15
269,2106,2021-01-23 00:02:22,16
269,1510,2021-01-23 00:02:22,17
269,1450,2021-01-23 00:02:22,18
269,2457,2021-01-23 00:02:22,19
269,1267,2021-01-23 00:02:22,20
269,11,2021-01-23 00:02:22,21
269,1842,2021-01-23 00:02:22,22
269,2374,2021-01-23 00:02:22,23
269,2547,2021-01-23 00:02:22,24
269,585,2021-01-23 00:02:22,25
270,2,2022-10-27 19:41:57,1
270,1171,2022-10-27 19:41:57,2
270,1410,2022-10-27 19:41:57,3
270,890,2022-10-27 19:41:57,4
270,560,2022-10-27 19:41:57,5
270,960,2022-10-27 19:41:57,6
270,340,2022-10-27 19:41:57,7
270,1578,2022-10-27 19:41:57,8
270,2571,2022-10-27 19:41:57,9
270,1920,2022-10-27 19:41:57,10
270,1907,2022-10-27 19:41:57,11
270,2190,2022-10-27 19:41:57,12
271,310,2023-09-27 17:13:25,1
271,1167,2023-09-27 17:13:25,2
271,1358,2023-09-27 17:13:25,3
271,1544,2023-09-27 17:13:25,4
271,1187,2023-09-27 17:13:25,5
271,1807,2023-09-27 17:13:25,6
271,1180,2023-09-27 17:13:25,7
271,1004,2023-09-27 17:13:25,8
271,1819,2023-09-27 17:13:25,9
271,53,2023-09-27 17:13:25,10
271,485,2023-09-27 17:13:25,11
271,2519,2023-09-27 17:13:25,12
271,1212,2023-09-27 17:13:25,13
271,1445,2023-09-27 17:13:25,14
271,803,2023-09-27 17:13:25,15
271,2517,2023-09-27 17:13:25,16
271,428,2023-09-27 17:13:25,17
271,329,2023-09-27 17:13:25,18
271,1849,2023-09-27 17:13:25,19
271,2044,2023-09-27 17:13:25,20
271,1753,2023-09-27 17:13:25,21
271,1724,2023-09-27 17:13:25,22
271,1754,2023-09-27 17:13:25,23
271,1393,2023-09-27 17:13:25,24
271,240,2023-09-27 17:13:25,25
271,1412,2023-09-27 17:13:25,26
271,725,2023-09-27 17:13:25,27
271,1929,2023-09-27 17:13:25,28
271,2655,2023-09-27 17:13:25,29
272,1713,2022-03-14 12:05:23,1
272,275,2022-03-14 12:05:23,2
272,513,2022-03-14 12:05:23,3
272,109,2022-03-14 12:05:23,4
272,2358,2022-03-14 12:05:23,5
272,656,2022-03-14 12:05:23,6
272,2269,2022-03-14 12:05:23,7
272,355,2022-03-14 12:05:23,8
272,2655,2022-03-14 12:05:23,9
272,1316,2022-03-14 12:05:23,10
272,1953,2022-03-14 12:05:23,11
272,2243,2022-03-14 12:05:23,12
272,226,2022-03-14 12:05:23,13
272,1667,2022-03-14 12:05:23,14
272,304,2022-03-14 12:05:23,15
272,2560,2022-03-14 12:05:23,16
272,246,2022-03-14 12:05:23,17
272,639,2022-03-14 12:05:23,18
272,541,2022-03-14 12:05:23,19
272,1008,2022-03-14 12:05:23,20
272,284,2022-03-14 12:05:23,21
272,467,2022-03-14 12:05:23,22
272,1601,2022-03-14 12:05:23,23
272,1960,2022-03-14 12:05:23,24
272,2565,2022-03-14 12:05:23,25
272,2241,2022-03-14 12:05:23,26
272,1810,2022-03-14 12:05:23,27
272,99,2022-03-14 12:05:23,28
272,1583,2022-03-14 12:05:23,29
273,1958,2024-02-01 13:14:36,1
273,2592,2024-02-01 13:14:36,2
273,1752,2024-02-01 13:14:36,3
273,838,2024-02-01 13:14:36,4
273,1374,2024-02-01 13:14:36,5
273,1008,2024-02-01 13:14:36,6
273,555,2024-02-01 13:14:36,7
273,620,2024-02-01 13:14:36,8
273,813,2024-02-01 13:14:36,9
273,1992,2024-02-01 13:14:36,10
273,505,2024-02-01 13:14:36,11
273,2209,2024-02-01 13:14:36,12
273,1458,2024-02-01 13:14:36,13
273,2400,2024-02-01 13:14:36,14
273,637,2024-02-01 13:14:36,15
273,294,2024-02-01 13:14:36,16
273,566,2024-02-01 13:14:36,17
273,1551,2024-02-01 13:14:36,18
273,2605,2024-02-01 13:14:36,19
273,2117,2024-02-01 13:14:36,20
273,1166,2024-02-01 13:14:36,21
273,2651,2024-02-01 13:14:36,22
273,2100,2024-02-01 13:14:36,23
273,1506,2024-02-01 13:14:36,24
273,1697,2024-02-01 13:14:36,25
274,2040,2024-08-08 09:35:35,1
274,344,2024-08-08 09:35:35,2
274,341,2024-08-08 09:35:35,3
274,1172,2024-08-08 09:35:35,4
274,624,2024-08-08 09:35:35,5
274,2484,2024-08-08 09:35:35,6
274,1277,2024-08-08 09:35:35,7
274,789,2024-08-08 09:35:35,8
274,89,2024-08-08 09:35:35,9
274,165,2024-08-08 09:35:35,10
274,119,2024-08-08 09:35:35,11
274,1003,2024-08-08 09:35:35,12
275,1379,2022-10-08 20:29:00,1
275,1007,2022-10-08 20:29:00,2
275,2334,2022-10-08 20:29:00,3
275,2204,2022-10-08 20:29:00,4
275,2313,2022-10-08 20:29:00,5
275,609,2022-10-08 20:29:00,6
275,997,2022-10-08 20:29:00,7
275,300,2022-10-08 20:29:00,8
275,849,2022-10-08 20:29:00,9
275,587,2022-10-08 20:29:00,10
275,1064,2022-10-08 20:29:00,11
275,1792,2022-10-08 20:29:00,12
275,1412,2022-10-08 20:29:00,13
275,2456,2022-10-08 20:29:00,14
275,2566,2022-10-08 20:29:00,15
275,2058,2022-10-08 20:29:00,16
275,1557,2022-10-08 20:29:00,17
275,2510,2022-10-08 20:29:00,18
275,855,2022-10-08 20:29:00,19
276,1961,2021-11-23 07:57:20,1
276,2193,2021-11-23 07:57:20,2
276,1057,2021-11-23 07:57:20,3
276,424,2021-11-23 07:57:20,4
276,2011,2021-11-23 07:57:20,5
276,2269,2021-11-23 07:57:20,6
276,827,2021-11-23 07:57:20,7
276,2036,2021-11-23 07:57:20,8
276,1691,2021-11-23 07:57:20,9
277,2336,2021-06-14 09:59:20,1
277,294,2021-06-14 09:59:20,2
277,1397,2021-06-14 09:59:20,3
277,862,2021-06-14 09:59:20,4
277,2146,2021-06-14 09:59:20,5
277,572,2021-06-14 09:59:20,6
277,169,2021-06-14 09:59:20,7
277,387,2021-06-14 09:59:20,8
277,403,2021-06-14 09:59:20,9
277,1126,2021-06-14 09:59:20,10
277,125,2021-06-14 09:59:20,11
277,1589,2021-06-14 09:59:20,12
277,1447,2021-06-14 09:59:20,13
277,671,2021-06-14 09:59:20,14
277,1753,2021-06-14 09:59:20,15
278,1200,2024-07-18 06:04:42,1
278,754,2024-07-18 06:04:42,2
278,1766,2024-07-18 06:04:42,3
278,1824,2024-07-18 06:04:42,4
278,903,2024-07-18 06:04:42,5
278,1511,2024-07-18 06:04:42,6
278,261,2024-07-18 06:04:42,7
278,592,2024-07-18 06:04:42,8
278,1999,2024-07-18 06:04:42,9
278,750,2024-07-18 06:04:42,10
278,1146,2024-07-18 06:04:42,11
278,1295,2024-07-18 06:04:42,12
278,1415,2024-07-18 06:04:42,13
278,904,2024-07-18 06:04:42,14
278,1020,2024-07-18 06:04:42,15
278,2003,2024-07-18 06:04:42,16
278,1497,2024-07-18 06:04:42,17
279,1607,2020-01-19 23:20:39,1
279,1287,2020-01-19 23:20:39,2
279,1581,2020-01-19 23:20:39,3
279,2514,2020-01-19 23:20:39,4
279,1923,2020-01-19 23:20:39,5
279,1683,2020-01-19 23:20:39,6
279,1066,2020-01-19 23:20:39,7
279,2167,2020-01-19 23:20:39,8
279,1808,2020-01-19 23:20:39,9
279,2095,2020-01-19 23:20:39,10
279,1203,2020-01-19 23:20:39,11
279,2412,2020-01-19 23:20:39,12
279,1745,2020-01-19 23:20:39,13
279,655,2020-01-19 23:20:39,14
279,675,2020-01-19 23:20:39,15
279,1142,2020-01-19 23:20:39,16
279,2367,2020-01-19 23:20:39,17
279,1180,2020-01-19 23:20:39,18
279,1506,2020-01-19 23:20:39,19
279,493,2020-01-19 23:20:39,20
279,89,2020-01-19 23:20:39,21
279,1257,2020-01-19 23:20:39,22
279,1667,2020-01-19 23:20:39,23
279,2562,2020-01-19 23:20:39,24
279,566,2020-01-19 23:20:39,25
279,1290,2020-01-19 23:20:39,26
280,1693,2022-06-12 03:18:22,1
280,2370,2022-06-12 03:18:22,2
280,531,2022-06-12 03:18:22,3
280,2325,2022-06-12 03:18:22,4
280,1716,2022-06-12 03:18:22,5
281,1570,2022-12-16 06:15:12,1
281,2187,2022-12-16 06:15:12,2
281,1368,2022-12-16 06:15:12,3
281,450,2022-12-16 06:15:12,4
281,586,2022-12-16 06:15:12,5
281,223,2022-12-16 06:15:12,6
281,1728,2022-12-16 06:15:12,7
281,518,2022-12-16 06:15:12,8
281,1833,2022-12-16 06:15:12,9
281,1712,2022-12-16 06:15:12,10
281,2017,2022-12-16 06:15:12,11
281,735,2022-12-16 06:15:12,12
281,2447,2022-12-16 06:15:12,13
281,948,2022-12-16 06:15:12,14
281,1309,2022-12-16 06:15:12,15
282,90,2025-12-19 12:52:56,1
282,2515,2025-12-19 12:52:56,2
282,1806,2025-12-19 12:52:56,3
282,2394,2025-12-19 12:52:56,4
282,883,2025-12-19 12:52:56,5
282,1055,2025-12-19 12:52:56,6
282,1104,2025-12-19 12:52:56,7
282,568,2025-12-19 12:52:56,8
282,299,2025-12-19 12:52:56,9
282,537,2025-12-19 12:52:56,10
282,2358,2025-12-19 12:52:56,11
282,452,2025-12-19 12:52:56,12
282,1234,2025-12-19 12:52:56,13
282,1791,2025-12-19 12:52:56,14
282,1521,2025-12-19 12:52:56,15
282,18,2025-12-19 12:52:56,16
282,763,2025-12-19 12:52:56,17
282,604,2025-12-19 12:52:56,18
282,803,2025-12-19 12:52:56,19
282,1199,2025-12-19 12:52:56,20
282,2022,2025-12-19 12:52:56,21
282,1891,2025-12-19 12:52:56,22
282,2254,2025-12-19 12:52:56,23
282,26,2025-12-19 12:52:56,24
282,1176,2025-12-19 12:52:56,25
282,1413,2025-12-19 12:52:56,26
282,2019,2025-12-19 12:52:56,27
283,2324,2020-06-24 02:15:11,1
283,1900,2020-06-24 02:15:11,2
283,561,2020-06-24 02:15:11,3
283,1531,2020-06-24 02:15:11,4
283,477,2020-06-24 02:15:11,5
283,2129,2020-06-24 02:15:11,6
283,1194,2020-06-24 02:15:11,7
283,213,2020-06-24 02:15:11,8
283,1880,2020-06-24 02:15:11,9
283,100,2020-06-24 02:15:11,10
283,834,2020-06-24 02:15:11,11
283,943,2020-06-24 02:15:11,12
283,2503,2020-06-24 02:15:11,13
283,2170,2020-06-24 02:15:11,14
283,549,2020-06-24 02:15:11,15
283,384,2020-06-24 02:15:11,16
283,1199,2020-06-24 02:15:11,17
283,1855,2020-06-24 02:15:11,18
283,2276,2020-06-24 02:15:11,19
283,590,2020-06-24 02:15:11,20
283,996,2020-06-24 02:15:11,21
283,791,2020-06-24 02:15:11,22
283,1822,2020-06-24 02:15:11,23
283,2643,2020-06-24 02:15:11,24
283,640,2020-06-24 02:15:11,25
283,230,2020-06-24 02:15:11,26
283,2325,2020-06-24 02:15:11,27
283,1105,2020-06-24 02:15:11,28
284,263,2023-05-10 07:35:07,1
284,1617,2023-05-10 07:35:07,2
284,2000,2023-05-10 07:35:07,3
284,1640,2023-05-10 07:35:07,4
284,1824,2023-05-10 07:35:07,5
284,49,2023-05-10 07:35:07,6
284,1620,2023-05-10 07:35:07,7
284,808,2023-05-10 07:35:07,8
284,1668,2023-05-10 07:35:07,9
284,2582,2023-05-10 07:35:07,10
284,900,2023-05-10 07:35:07,11
284,576,2023-05-10 07:35:07,12
284,2131,2023-05-10 07:35:07,13
284,1747,2023-05-10 07:35:07,14
284,822,2023-05-10 07:35:07,15
285,463,2021-07-28 06:17:12,1
285,276,2021-07-28 06:17:12,2
285,567,2021-07-28 06:17:12,3
285,621,2021-07-28 06:17:12,4
285,111,2021-07-28 06:17:12,5
286,2122,2022-01-05 19:13:01,1
286,1197,2022-01-05 19:13:01,2
286,2062,2022-01-05 19:13:01,3
286,1100,2022-01-05 19:13:01,4
286,519,2022-01-05 19:13:01,5
286,1589,2022-01-05 19:13:01,6
287,2225,2021-03-20 20:45:02,1
287,834,2021-03-20 20:45:02,2
287,839,2021-03-20 20:45:02,3
287,871,2021-03-20 20:45:02,4
287,1733,2021-03-20 20:45:02,5
287,1849,2021-03-20 20:45:02,6
287,2361,2021-03-20 20:45:02,7
287,1561,2021-03-20 20:45:02,8
287,94,2021-03-20 20:45:02,9
287,2087,2021-03-20 20:45:02,10
287,682,2021-03-20 20:45:02,11
287,2213,2021-03-20 20:45:02,12
287,2480,2021-03-20 20:45:02,13
288,2043,2024-03-16 20:02:12,1
288,2614,2024-03-16 20:02:12,2
288,352,2024-03-16 20:02:12,3
288,848,2024-03-16 20:02:12,4
288,1562,2024-03-16 20:02:12,5
288,36,2024-03-16 20:02:12,6
288,1375,2024-03-16 20:02:12,7
288,2622,2024-03-16 20:02:12,8
288,1038,2024-03-16 20:02:12,9
288,2485,2024-03-16 20:02:12,10
288,1172,2024-03-16 20:02:12,11
288,1782,2024-03-16 20:02:12,12
288,2456,2024-03-16 20:02:12,13
288,546,2024-03-16 20:02:12,14
288,99,2024-03-16 20:02:12,15
288,2304,2024-03-16 20:02:12,16
288,1518,2024-03-16 20:02:12,17
289,1147,2022-04-21 00:51:02,1
289,2328,2022-04-21 00:51:02,2
289,213,2022-04-21 00:51:02,3
289,466,2022-04-21 00:51:02,4
289,770,2022-04-21 00:51:02,5
289,597,2022-04-21 00:51:02,6
289,1072,2022-04-21 00:51:02,7
289,2547,2022-04-21 00:51:02,8
289,1514,2022-04-21 00:51:02,9
289,384,2022-04-21 00:51:02,10
289,2310,2022-04-21 00:51:02,11
289,882,2022-04-21 00:51:02,12
289,1533,2022-04-21 00:51:02,13
289,205,2022-04-21 00:51:02,14
289,4,2022-04-21 00:51:02,15
289,318,2022-04-21 00:51:02,16
289,444,2022-04-21 00:51:02,17
289,1360,2022-04-21 00:51:02,18
290,1604,2022-02-04 11:28:54,1
290,450,2022-02-04 11:28:54,2
290,1947,2022-02-04 11:28:54,3
290,1414,2022-02-04 11:28:54,4
290,2174,2022-02-04 11:28:54,5
290,2631,2022-02-04 11:28:54,6
290,246,2022-02-04 11:28:54,7
290,2216,2022-02-04 11:28:54,8
290,200,2022-02-04 11:28:54,9
290,888,2022-02-04 11:28:54,10
290,2146,2022-02-04 11:28:54,11
290,2088,2022-02-04 11:28:54,12
290,2364,2022-02-04 11:28:54,13
290,2618,2022-02-04 11:28:54,14
291,147,2024-09-22 10:52:50,1
291,1171,2024-09-22 10:52:50,2
291,1046,2024-09-22 10:52:50,3
291,2614,2024-09-22 10:52:50,4
291,280,2024-09-22 10:52:50,5
291,251,2024-09-22 10:52:50,6
291,1155,2024-09-22 10:52:50,7
291,252,2024-09-22 10:52:50,8
291,1114,2024-09-22 10:52:50,9
291,992,2024-09-22 10:52:50,10
291,262,2024-09-22 10:52:50,11
291,1428,2024-09-22 10:52:50,12
291,1662,2024-09-22 10:52:50,13
291,1577,2024-09-22 10:52:50,14
291,2085,2024-09-22 10:52:50,15
291,1393,2024-09-22 10:52:50,16
291,311,2024-09-22 10:52:50,17
291,875,2024-09-22 10:52:50,18
291,1353,2024-09-22 10:52:50,19
291,783,2024-09-22 10:52:50,20
291,2140,2024-09-22 10:52:50,21
291,2599,2024-09-22 10:52:50,22
291,423,2024-09-22 10:52:50,23
291,1125,2024-09-22 10:52:50,24
291,2110,2024-09-22 10:52:50,25
291,2645,2024-09-22 10:52:50,26
291,890,2024-09-22 10:52:50,27
291,1956,2024-09-22 10:52:50,28
291,1271,2024-09-22 10:52:50,29
292,1310,2025-09-28 11:36:32,1
292,1443,2025-09-28 11:36:32,2
292,2072,2025-09-28 11:36:32,3
292,205,2025-09-28 11:36:32,4
292,808,2025-09-28 11:36:32,5
292,173,2025-09-28 11:36:32,6
292,2558,2025-09-28 11:36:32,7
292,2619,2025-09-28 11:36:32,8
292,50,2025-09-28 11:36:32,9
292,423,2025-09-28 11:36:32,10
292,1652,2025-09-28 11:36:32,11
292,2115,2025-09-28 11:36:32,12
292,1302,2025-09-28 11:36:32,13
292,1563,2025-09-28 11:36:32,14
292,1155,2025-09-28 11:36:32,15
292,1833,2025-09-28 11:36:32,16
292,451,2025-09-28 11:36:32,17
292,1995,2025-09-28 11:36:32,18
292,1847,2025-09-28 11:36:32,19
293,1075,2022-10-05 21:10:39,1
293,148,2022-10-05 21:10:39,2
293,374,2022-10-05 21:10:39,3
293,2492,2022-10-05 21:10:39,4
293,153,2022-10-05 21:10:39,5
293,634,2022-10-05 21:10:39,6
293,1895,2022-10-05 21:10:39,7
293,421,2022-10-05 21:10:39,8
293,1659,2022-10-05 21:10:39,9
293,2484,2022-10-05 21:10:39,10
293,2160,2022-10-05 21:10:39,11
293,2289,2022-10-05 21:10:39,12
293,2646,2022-10-05 21:10:39,13
293,837,2022-10-05 21:10:39,14
293,1982,2022-10-05 21:10:39,15
293,422,2022-10-05 21:10:39,16
293,1786,2022-10-05 21:10:39,17
293,383,2022-10-05 21:10:39,18
293,438,2022-10-05 21:10:39,19
293,1499,2022-10-05 21:10:39,20
293,2114,2022-10-05 21:10:39,21
293,1595,2022-10-05 21:10:39,22
294,2120,2024-12-20 20:11:35,1
294,1731,2024-12-20 20:11:35,2
294,463,2024-12-20 20:11:35,3
294,349,2024-12-20 20:11:35,4
294,2330,2024-12-20 20:11:35,5
294,2340,2024-12-20 20:11:35,6
294,1926,2024-12-20 20:11:35,7
294,1579,2024-12-20 20:11:35,8
294,1797,2024-12-20 20:11:35,9
294,1460,2024-12-20 20:11:35,10
294,2373,2024-12-20 20:11:35,11
294,2136,2024-12-20 20:11:35,12
294,828,2024-12-20 20:11:35,13
294,816,2024-12-20 20:11:35,14
294,655,2024-12-20 20:11:35,15
294,1696,2024-12-20 20:11:35,16
294,269,2024-12-20 20:11:35,17
294,1952,2024-12-20 20:11:35,18
295,1315,2025-10-17 15:00:44,1
295,116,2025-10-17 15:00:44,2
295,1364,2025-10-17 15:00:44,3
295,2197,2025-10-17 15:00:44,4
295,850,2025-10-17 15:00:44,5
295,1536,2025-10-17 15:00:44,6
296,1047,2021-03-10 18:54:51,1
296,1461,2021-03-10 18:54:51,2
296,2637,2021-03-10 18:54:51,3
296,2209,2021-03-10 18:54:51,4
296,275,2021-03-10 18:54:51,5
296,2409,2021-03-10 18:54:51,6
296,1425,2021-03-10 18:54:51,7
296,1729,2021-03-10 18:54:51,8
296,1341,2021-03-10 18:54:51,9
296,1802,2021-03-10 18:54:51,10
296,615,2021-03-10 18:54:51,11
297,1514,2023-06-15 15:32:09,1
297,1012,2023-06-15 15:32:09,2
297,1494,2023-06-15 15:32:09,3
297,981,2023-06-15 15:32:09,4
297,1014,2023-06-15 15:32:09,5
297,2370,2023-06-15 15:32:09,6
297,2431,2023-06-15 15:32:09,7
297,2086,2023-06-15 15:32:09,8
297,669,2023-06-15 15:32:09,9
297,1157,2023-06-15 15:32:09,10
297,653,2023-06-15 15:32:09,11
297,1589,2023-06-15 15:32:09,12
297,1640,2023-06-15 15:32:09,13
297,582,2023-06-15 15:32:09,14
297,387,2023-06-15 15:32:09,15
297,1918,2023-06-15 15:32:09,16
297,1975,2023-06-15 15:32:09,17
297,1373,2023-06-15 15:32:09,18
297,2292,2023-06-15 15:32:09,19
297,178,2023-06-15 15:32:09,20
297,273,2023-06-15 15:32:09,21
297,1353,2023-06-15 15:32:09,22
298,1097,2024-02-29 01:23:16,1
298,1743,2024-02-29 01:23:16,2
298,1753,2024-02-29 01:23:16,3
298,2245,2024-02-29 01:23:16,4
298,1987,2024-02-29 01:23:16,5
298,2478,2024-02-29 01:23:16,6
298,853,2024-02-29 01:23:16,7
298,18,2024-02-29 01:23:16,8
298,830,2024-02-29 01:23:16,9
298,27,2024-02-29 01:23:16,10
298,622,2024-02-29 01:23:16,11
298,2112,2024-02-29 01:23:16,12
298,1397,2024-02-29 01:23:16,13
298,838,2024-02-29 01:23:16,14
298,646,2024-02-29 01:23:16,15
298,1893,2024-02-29 01:23:16,16
298,733,2024-02-29 01:23:16,17
298,1962,2024-02-29 01:23:16,18
298,1574,2024-02-29 01:23:16,19
298,1762,2024-02-29 01:23:16,20
298,2427,2024-02-29 01:23:16,21
298,2295,2024-02-29 01:23:16,22
299,2652,2020-09-18 01:59:03,1
299,910,2020-09-18 01:59:03,2
299,1045,2020-09-18 01:59:03,3
299,1298,2020-09-18 01:59:03,4
299,286,2020-09-18 01:59:03,5
299,2614,2020-09-18 01:59:03,6
299,1520,2020-09-18 01:59:03,7
299,251,2020-09-18 01:59:03,8
299,675,2020-09-18 01:59:03,9
299,1311,2020-09-18 01:59:03,10
299,516,2020-09-18 01:59:03,11
299,2122,2020-09-18 01:59:03,12
299,1519,2020-09-18 01:59:03,13
299,1229,2020-09-18 01:59:03,14
299,1747,2020-09-18 01:59:03,15
299,437,2020-09-18 01:59:03,16
299,978,2020-09-18 01:59:03,17
299,19,2020-09-18 01:59:03,18
299,2230,2020-09-18 01:59:03,19
299,1914,2020-09-18 01:59:03,20
299,781,2020-09-18 01:59:03,21
299,32,2020-09-18 01:59:03,22
299,2193,2020-09-18 01:59:03,23
299,2312,2020-09-18 01:59:03,24
299,1933,2020-09-18 01:59:03,25
299,513,2020-09-18 01:59:03,26
299,33,2020-09-18 01:59:03,27
299,2617,2020-09-18 01:59:03,28
299,1871,2020-09-18 01:59:03,29
299,917,2020-09-18 01:59:03,30
300,684,2020-06-19 01:38:42,1
300,1982,2020-06-19 01:38:42,2
300,1947,2020-06-19 01:38:42,3
300,1922,2020-06-19 01:38:42,4
300,1868,2020-06-19 01:38:42,5
300,475,2020-06-19 01:38:42,6
300,496,2020-06-19 01:38:42,7
300,2054,2020-06-19 01:38:42,8
300,1199,2020-06-19 01:38:42,9
300,575,2020-06-19 01:38:42,10
300,1307,2020-06-19 01:38:42,11
300,526,2020-06-19 01:38:42,12
300,1970,2020-06-19 01:38:42,13
300,2065,2020-06-19 01:38:42,14
300,1598,2020-06-19 01:38:42,15
300,813,2020-06-19 01:38:42,16
300,5,2020-06-19 01:38:42,17
300,2469,2020-06-19 01:38:42,18
300,252,2020-06-19 01:38:42,19
300,36,2020-06-19 01:38:42,20
300,1813,2020-06-19 01:38:42,21
300,340,2020-06-19 01:38:42,22
301,300,2025-06-01 06:11:04,1
301,197,2025-06-01 06:11:04,2
301,580,2025-06-01 06:11:04,3
301,1142,2025-06-01 06:11:04,4
301,577,2025-06-01 06:11:04,5
301,793,2025-06-01 06:11:04,6
301,1210,2025-06-01 06:11:04,7
301,1189,2025-06-01 06:11:04,8
301,2003,2025-06-01 06:11:04,9
302,213,2022-08-16 12:27:28,1
302,1429,2022-08-16 12:27:28,2
302,1981,2022-08-16 12:27:28,3
302,1832,2022-08-16 12:27:28,4
302,1924,2022-08-16 12:27:28,5
302,385,2022-08-16 12:27:28,6
302,2536,2022-08-16 12:27:28,7
302,1750,2022-08-16 12:27:28,8
302,493,2022-08-16 12:27:28,9
302,2375,2022-08-16 12:27:28,10
302,2387,2022-08-16 12:27:28,11
303,1945,2022-03-13 14:12:33,1
303,444,2022-03-13 14:12:33,2
303,1541,2022-03-13 14:12:33,3
303,1495,2022-03-13 14:12:33,4
303,2499,2022-03-13 14:12:33,5
303,1780,2022-03-13 14:12:33,6
303,1434,2022-03-13 14:12:33,7
303,1634,2022-03-13 14:12:33,8
303,1650,2022-03-13 14:12:33,9
303,1865,2022-03-13 14:12:33,10
303,1666,2022-03-13 14:12:33,11
303,1213,2022-03-13 14:12:33,12
303,167,2022-03-13 14:12:33,13
303,2488,2022-03-13 14:12:33,14
303,2497,2022-03-13 14:12:33,15
303,1547,2022-03-13 14:12:33,16
303,2147,2022-03-13 14:12:33,17
303,961,2022-03-13 14:12:33,18
303,798,2022-03-13 14:12:33,19
303,1178,2022-03-13 14:12:33,20
303,1090,2022-03-13 14:12:33,21
303,66,2022-03-13 14:12:33,22
303,72,2022-03-13 14:12:33,23
303,2520,2022-03-13 14:12:33,24
303,1502,2022-03-13 14:12:33,25
304,662,2022-08-12 14:41:29,1
304,1154,2022-08-12 14:41:29,2
304,567,2022-08-12 14:41:29,3
304,1556,2022-08-12 14:41:29,4
304,1494,2022-08-12 14:41:29,5
304,804,2022-08-12 14:41:29,6
304,1880,2022-08-12 14:41:29,7
304,2557,2022-08-12 14:41:29,8
304,821,2022-08-12 14:41:29,9
305,747,2021-12-16 13:59:03,1
305,521,2021-12-16 13:59:03,2
305,362,2021-12-16 13:59:03,3
305,2374,2021-12-16 13:59:03,4
305,312,2021-12-16 13:59:03,5
305,1059,2021-12-16 13:59:03,6
305,999,2021-12-16 13:59:03,7
305,2555,2021-12-16 13:59:03,8
305,55,2021-12-16 13:59:03,9
305,1879,2021-12-16 13:59:03,10
305,88,2021-12-16 13:59:03,11
305,1483,2021-12-16 13:59:03,12
305,1166,2021-12-16 13:59:03,13
305,1959,2021-12-16 13:59:03,14
305,997,2021-12-16 13:59:03,15
305,1726,2021-12-16 13:59:03,16
305,206,2021-12-16 13:59:03,17
305,468,2021-12-16 13:59:03,18
305,1371,2021-12-16 13:59:03,19
305,2019,2021-12-16 13:59:03,20
305,2624,2021-12-16 13:59:03,21
305,2404,2021-12-16 13:59:03,22
305,469,2021-12-16 13:59:03,23
305,339,2021-12-16 13:59:03,24
305,1347,2021-12-16 13:59:03,25
305,153,2021-12-16 13:59:03,26
305,394,2021-12-16 13:59:03,27
306,284,2023-01-12 23:39:50,1
306,1626,2023-01-12 23:39:50,2
306,621,2023-01-12 23:39:50,3
306,1717,2023-01-12 23:39:50,4
306,37,2023-01-12 23:39:50,5
306,126,2023-01-12 23:39:50,6
307,134,2022-07-13 11:54:49,1
307,552,2022-07-13 11:54:49,2
307,1644,2022-07-13 11:54:49,3
307,1429,2022-07-13 11:54:49,4
307,2296,2022-07-13 11:54:49,5
307,2343,2022-07-13 11:54:49,6
307,856,2022-07-13 11:54:49,7
307,1072,2022-07-13 11:54:49,8
307,1920,2022-07-13 11:54:49,9
307,1378,2022-07-13 11:54:49,10
307,2449,2022-07-13 11:54:49,11
307,1867,2022-07-13 11:54:49,12
307,2279,2022-07-13 11:54:49,13
307,833,2022-07-13 11:54:49,14
307,904,2022-07-13 11:54:49,15
307,1306,2022-07-13 11:54:49,16
307,1184,2022-07-13 11:54:49,17
307,2080,2022-07-13 11:54:49,18
307,2050,2022-07-13 11:54:49,19
307,848,2022-07-13 11:54:49,20
307,1468,2022-07-13 11:54:49,21
308,366,2020-12-14 09:23:24,1
308,2459,2020-12-14 09:23:24,2
308,766,2020-12-14 09:23:24,3
308,442,2020-12-14 09:23:24,4
308,1162,2020-12-14 09:23:24,5
308,2337,2020-12-14 09:23:24,6
308,1651,2020-12-14 09:23:24,7
308,1934,2020-12-14 09:23:24,8
308,2336,2020-12-14 09:23:24,9
308,374,2020-12-14 09:23:24,10
308,1033,2020-12-14 09:23:24,11
308,1575,2020-12-14 09:23:24,12
308,994,2020-12-14 09:23:24,13
308,2070,2020-12-14 09:23:24,14
308,1693,2020-12-14 09:23:24,15
308,2596,2020-12-14 09:23:24,16
308,1587,2020-12-14 09:23:24,17
308,984,2020-12-14 09:23:24,18
308,639,2020-12-14 09:23:24,19
308,94,2020-12-14 09:23:24,20
309,376,2021-01-04 23:26:02,1
309,2027,2021-01-04 23:26:02,2
309,569,2021-01-04 23:26:02,3
309,1670,2021-01-04 23:26:02,4
309,1734,2021-01-04 23:26:02,5
309,1495,2021-01-04 23:26:02,6
309,600,2021-01-04 23:26:02,7
309,2124,2021-01-04 23:26:02,8
309,582,2021-01-04 23:26:02,9
309,1272,2021-01-04 23:26:02,10
309,1610,2021-01-04 23:26:02,11
310,1365,2022-07-21 22:31:07,1
310,1081,2022-07-21 22:31:07,2
310,2426,2022-07-21 22:31:07,3
310,682,2022-07-21 22:31:07,4
310,2041,2022-07-21 22:31:07,5
310,527,2022-07-21 22:31:07,6
310,1189,2022-07-21 22:31:07,7
310,11,2022-07-21 22:31:07,8
310,162,2022-07-21 22:31:07,9
310,141,2022-07-21 22:31:07,10
310,579,2022-07-21 22:31:07,11
310,86,2022-07-21 22:31:07,12
310,2237,2022-07-21 22:31:07,13
310,1603,2022-07-21 22:31:07,14
310,204,2022-07-21 22:31:07,15
310,354,2022-07-21 22:31:07,16
310,1246,2022-07-21 22:31:07,17
310,1545,2022-07-21 22:31:07,18
310,72,2022-07-21 22:31:07,19
310,1310,2022-07-21 22:31:07,20
310,353,2022-07-21 22:31:07,21
310,2414,2022-07-21 22:31:07,22
311,2292,2021-09-11 15:14:05,1
311,1385,2021-09-11 15:14:05,2
311,1147,2021-09-11 15:14:05,3
311,854,2021-09-11 15:14:05,4
311,587,2021-09-11 15:14:05,5
312,470,2025-02-16 13:31:00,1
312,1642,2025-02-16 13:31:00,2
312,832,2025-02-16 13:31:00,3
312,234,2025-02-16 13:31:00,4
312,2642,2025-02-16 13:31:00,5
312,812,2025-02-16 13:31:00,6
312,961,2025-02-16 13:31:00,7
312,1312,2025-02-16 13:31:00,8
312,1724,2025-02-16 13:31:00,9
312,890,2025-02-16 13:31:00,10
312,1563,2025-02-16 13:31:00,11
312,2451,2025-02-16 13:31:00,12
312,823,2025-02-16 13:31:00,13
312,53,2025-02-16 13:31:00,14
312,367,2025-02-16 13:31:00,15
312,239,2025-02-16 13:31:00,16
312,233,2025-02-16 13:31:00,17
312,155,2025-02-16 13:31:00,18
312,2414,2025-02-16 13:31:00,19
312,215,2025-02-16 13:31:00,20
313,2438,2022-11-01 17:52:19,1
313,2412,2022-11-01 17:52:19,2
313,962,2022-11-01 17:52:19,3
313,271,2022-11-01 17:52:19,4
313,2266,2022-11-01 17:52:19,5
313,1817,2022-11-01 17:52:19,6
313,2135,2022-11-01 17:52:19,7
313,467,2022-11-01 17:52:19,8
313,15,2022-11-01 17:52:19,9
313,1269,2022-11-01 17:52:19,10
313,2178,2022-11-01 17:52:19,11
313,184,2022-11-01 17:52:19,12
313,711,2022-11-01 17:52:19,13
313,2158,2022-11-01 17:52:19,14
313,2637,2022-11-01 17:52:19,15
313,945,2022-11-01 17:52:19,16
313,1376,2022-11-01 17:52:19,17
313,1142,2022-11-01 17:52:19,18
313,265,2022-11-01 17:52:19,19
313,1373,2022-11-01 17:52:19,20
313,2228,2022-11-01 17:52:19,21
314,737,2024-05-05 05:00:08,1
314,2560,2024-05-05 05:00:08,2
314,208,2024-05-05 05:00:08,3
314,2547,2024-05-05 05:00:08,4
314,943,2024-05-05 05:00:08,5
314,203,2024-05-05 05:00:08,6
314,1076,2024-05-05 05:00:08,7
314,904,2024-05-05 05:00:08,8
314,2595,2024-05-05 05:00:08,9
314,1817,2024-05-05 05:00:08,10
314,1709,2024-05-05 05:00:08,11
314,1740,2024-05-05 05:00:08,12
314,363,2024-05-05 05:00:08,13
314,994,2024-05-05 05:00:08,14
314,1711,2024-05-05 05:00:08,15
314,1614,2024-05-05 05:00:08,16
314,698,2024-05-05 05:00:08,17
314,2187,2024-05-05 05:00:08,18
314,2633,2024-05-05 05:00:08,19
314,102,2024-05-05 05:00:08,20
314,2097,2024-05-05 05:00:08,21
314,338,2024-05-05 05:00:08,22
314,575,2024-05-05 05:00:08,23
314,562,2024-05-05 05:00:08,24
315,2602,2021-08-29 13:49:50,1
315,1758,2021-08-29 13:49:50,2
315,2130,2021-08-29 13:49:50,3
315,274,2021-08-29 13:49:50,4
315,1429,2021-08-29 13:49:50,5
315,2344,2021-08-29 13:49:50,6
315,1242,2021-08-29 13:49:50,7
315,1880,2021-08-29 13:49:50,8
315,1051,2021-08-29 13:49:50,9
315,1876,2021-08-29 13:49:50,10
315,16,2021-08-29 13:49:50,11
315,1424,2021-08-29 13:49:50,12
315,903,2021-08-29 13:49:50,13
315,302,2021-08-29 13:49:50,14
315,362,2021-08-29 13:49:50,15
315,149,2021-08-29 13:49:50,16
315,2247,2021-08-29 13:49:50,17
315,869,2021-08-29 13:49:50,18
315,1002,2021-08-29 13:49:50,19
315,35,2021-08-29 13:49:50,20
315,2511,2021-08-29 13:49:50,21
315,1773,2021-08-29 13:49:50,22
315,2037,2021-08-29 13:49:50,23
315,831,2021-08-29 13:49:50,24
315,2477,2021-08-29 13:49:50,25
315,1835,2021-08-29 13:49:50,26
316,2064,2021-11-07 14:20:59,1
316,1189,2021-11-07 14:20:59,2
316,572,2021-11-07 14:20:59,3
316,388,2021-11-07 14:20:59,4
316,2285,2021-11-07 14:20:59,5
316,2395,2021-11-07 14:20:59,6
316,512,2021-11-07 14:20:59,7
316,1264,2021-11-07 14:20:59,8
316,574,2021-11-07 14:20:59,9
316,1730,2021-11-07 14:20:59,10
316,2484,2021-11-07 14:20:59,11
316,954,2021-11-07 14:20:59,12
316,1944,2021-11-07 14:20:59,13
316,1672,2021-11-07 14:20:59,14
316,1459,2021-11-07 14:20:59,15
316,2653,2021-11-07 14:20:59,16
316,118,2021-11-07 14:20:59,17
316,426,2021-11-07 14:20:59,18
316,1662,2021-11-07 14:20:59,19
316,1990,2021-11-07 14:20:59,20
316,1750,2021-11-07 14:20:59,21
316,1962,2021-11-07 14:20:59,22
316,403,2021-11-07 14:20:59,23
316,2086,2021-11-07 14:20:59,24
317,1961,2025-11-08 17:23:44,1
317,1631,2025-11-08 17:23:44,2
317,514,2025-11-08 17:23:44,3
317,2175,2025-11-08 17:23:44,4
317,2223,2025-11-08 17:23:44,5
317,888,2025-11-08 17:23:44,6
317,1676,2025-11-08 17:23:44,7
317,968,2025-11-08 17:23:44,8
317,1772,2025-11-08 17:23:44,9
317,2232,2025-11-08 17:23:44,10
317,2155,2025-11-08 17:23:44,11
317,1465,2025-11-08 17:23:44,12
317,101,2025-11-08 17:23:44,13
317,360,2025-11-08 17:23:44,14
317,1625,2025-11-08 17:23:44,15
317,2621,2025-11-08 17:23:44,16
317,662,2025-11-08 17:23:44,17
317,1884,2025-11-08 17:23:44,18
317,1645,2025-11-08 17:23:44,19
317,705,2025-11-08 17:23:44,20
318,651,2025-02-09 20:30:55,1
318,754,2025-02-09 20:30:55,2
318,1742,2025-02-09 20:30:55,3
318,1771,2025-02-09 20:30:55,4
318,1782,2025-02-09 20:30:55,5
318,1819,2025-02-09 20:30:55,6
318,2109,2025-02-09 20:30:55,7
318,46,2025-02-09 20:30:55,8
318,2335,2025-02-09 20:30:55,9
318,798,2025-02-09 20:30:55,10
318,1834,2025-02-09 20:30:55,11
318,2637,2025-02-09 20:30:55,12
318,1627,2025-02-09 20:30:55,13
318,351,2025-02-09 20:30:55,14
318,1619,2025-02-09 20:30:55,15
318,1331,2025-02-09 20:30:55,16
318,693,2025-02-09 20:30:55,17
318,768,2025-02-09 20:30:55,18
318,2255,2025-02-09 20:30:55,19
318,2625,2025-02-09 20:30:55,20
318,2467,2025-02-09 20:30:55,21
318,2203,2025-02-09 20:30:55,22
318,2496,2025-02-09 20:30:55,23
319,1900,2020-04-26 07:19:24,1
319,1194,2020-04-26 07:19:24,2
319,2379,2020-04-26 07:19:24,3
319,2391,2020-04-26 07:19:24,4
319,991,2020-04-26 07:19:24,5
320,1303,2024-04-21 04:09:09,1
320,2317,2024-04-21 04:09:09,2
320,2194,2024-04-21 04:09:09,3
320,435,2024-04-21 04:09:09,4
320,556,2024-04-21 04:09:09,5
320,1325,2024-04-21 04:09:09,6
320,1399,2024-04-21 04:09:09,7
320,2550,2024-04-21 04:09:09,8
320,1953,2024-04-21 04:09:09,9
320,1968,2024-04-21 04:09:09,10
320,1905,2024-04-21 04:09:09,11
320,624,2024-04-21 04:09:09,12
320,1777,2024-04-21 04:09:09,13
320,1322,2024-04-21 04:09:09,14
320,2471,2024-04-21 04:09:09,15
320,2032,2024-04-21 04:09:09,16
320,1558,2024-04-21 04:09:09,17
320,1214,2024-04-21 04:09:09,18
320,103,2024-04-21 04:09:09,19
320,2249,2024-04-21 04:09:09,20
320,770,2024-04-21 04:09:09,21
320,2282,2024-04-21 04:09:09,22
320,1513,2024-04-21 04:09:09,23
320,2180,2024-04-21 04:09:09,24
320,101,2024-04-21 04:09:09,25
320,1299,2024-04-21 04:09:09,26
320,121,2024-04-21 04:09:09,27
320,297,2024-04-21 04:09:09,28
320,1192,2024-04-21 04:09:09,29
320,512,2024-04-21 04:09:09,30
321,1806,2024-09-25 23:14:22,1
321,448,2024-09-25 23:14:22,2
321,1588,2024-09-25 23:14:22,3
321,1351,2024-09-25 23:14:22,4
321,1978,2024-09-25 23:14:22,5
321,2259,2024-09-25 23:14:22,6
321,2387,2024-09-25 23:14:22,7
321,772,2024-09-25 23:14:22,8
321,2342,2024-09-25 23:14:22,9
321,287,2024-09-25 23:14:22,10
321,570,2024-09-25 23:14:22,11
321,2418,2024-09-25 23:14:22,12
321,1444,2024-09-25 23:14:22,13
321,1624,2024-09-25 23:14:22,14
321,1438,2024-09-25 23:14:22,15
321,381,2024-09-25 23:14:22,16
321,2189,2024-09-25 23:14:22,17
321,2183,2024-09-25 23:14:22,18
321,1808,2024-09-25 23:14:22,19
321,329,2024-09-25 23:14:22,20
321,468,2024-09-25 23:14:22,21
321,1264,2024-09-25 23:14:22,22
321,2153,2024-09-25 23:14:22,23
321,1756,2024-09-25 23:14:22,24
321,162,2024-09-25 23:14:22,25
321,230,2024-09-25 23:14:22,26
321,1479,2024-09-25 23:14:22,27
321,179,2024-09-25 23:14:22,28
321,18,2024-09-25 23:14:22,29
322,2472,2021-06-24 20:57:49,1
322,753,2021-06-24 20:57:49,2
322,1073,2021-06-24 20:57:49,3
322,1105,2021-06-24 20:57:49,4
322,2435,2021-06-24 20:57:49,5
322,2616,2021-06-24 20:57:49,6
322,742,2021-06-24 20:57:49,7
322,2142,2021-06-24 20:57:49,8
322,1832,2021-06-24 20:57:49,9
322,2299,2021-06-24 20:57:49,10
322,2013,2021-06-24 20:57:49,11
322,1432,2021-06-24 20:57:49,12
322,2620,2021-06-24 20:57:49,13
322,1897,2021-06-24 20:57:49,14
322,204,2021-06-24 20:57:49,15
322,2566,2021-06-24 20:57:49,16
322,955,2021-06-24 20:57:49,17
322,2632,2021-06-24 20:57:49,18
322,69,2021-06-24 20:57:49,19
322,579,2021-06-24 20:57:49,20
322,2416,2021-06-24 20:57:49,21
322,804,2021-06-24 20:57:49,22
322,74,2021-06-24 20:57:49,23
322,506,2021-06-24 20:57:49,24
322,417,2021-06-24 20:57:49,25
322,615,2021-06-24 20:57:49,26
322,1393,2021-06-24 20:57:49,27
323,55,2021-09-01 21:08:01,1
323,262,2021-09-01 21:08:01,2
323,2637,2021-09-01 21:08:01,3
323,2078,2021-09-01 21:08:01,4
323,1604,2021-09-01 21:08:01,5
323,2563,2021-09-01 21:08:01,6
323,148,2021-09-01 21:08:01,7
323,2021,2021-09-01 21:08:01,8
323,1128,2021-09-01 21:08:01,9
323,701,2021-09-01 21:08:01,10
323,2342,2021-09-01 21:08:01,11
323,95,2021-09-01 21:08:01,12
323,1645,2021-09-01 21:08:01,13
323,2635,2021-09-01 21:08:01,14
323,2461,2021-09-01 21:08:01,15
323,1412,2021-09-01 21:08:01,16
323,612,2021-09-01 21:08:01,17
323,743,2021-09-01 21:08:01,18
323,664,2021-09-01 21:08:01,19
323,931,2021-09-01 21:08:01,20
323,775,2021-09-01 21:08:01,21
323,1672,2021-09-01 21:08:01,22
323,2477,2021-09-01 21:08:01,23
323,864,2021-09-01 21:08:01,24
323,488,2021-09-01 21:08:01,25
324,2298,2024-09-19 20:45:35,1
324,65,2024-09-19 20:45:35,2
324,1575,2024-09-19 20:45:35,3
324,689,2024-09-19 20:45:35,4
324,172,2024-09-19 20:45:35,5
324,56,2024-09-19 20:45:35,6
324,2042,2024-09-19 20:45:35,7
324,2618,2024-09-19 20:45:35,8
324,802,2024-09-19 20:45:35,9
324,82,2024-09-19 20:45:35,10
324,558,2024-09-19 20:45:35,11
324,1072,2024-09-19 20:45:35,12
324,708,2024-09-19 20:45:35,13
324,1577,2024-09-19 20:45:35,14
324,1735,2024-09-19 20:45:35,15
324,569,2024-09-19 20:45:35,16
324,1064,2024-09-19 20:45:35,17
324,2352,2024-09-19 20:45:35,18
324,1849,2024-09-19 20:45:35,19
324,1489,2024-09-19 20:45:35,20
324,980,2024-09-19 20:45:35,21
324,1924,2024-09-19 20:45:35,22
324,2602,2024-09-19 20:45:35,23
324,1181,2024-09-19 20:45:35,24
324,102,2024-09-19 20:45:35,25
325,1338,2022-09-08 16:24:29,1
325,2027,2022-09-08 16:24:29,2
325,377,2022-09-08 16:24:29,3
325,2630,2022-09-08 16:24:29,4
325,1135,2022-09-08 16:24:29,5
325,1250,2022-09-08 16:24:29,6
325,1602,2022-09-08 16:24:29,7
325,2448,2022-09-08 16:24:29,8
325,1506,2022-09-08 16:24:29,9
325,1672,2022-09-08 16:24:29,10
325,2032,2022-09-08 16:24:29,11
325,1048,2022-09-08 16:24:29,12
325,204,2022-09-08 16:24:29,13
325,1559,2022-09-08 16:24:29,14
325,2224,2022-09-08 16:24:29,15
325,2020,2022-09-08 16:24:29,16
325,854,2022-09-08 16:24:29,17
325,1483,2022-09-08 16:24:29,18
325,2646,2022-09-08 16:24:29,19
325,1245,2022-09-08 16:24:29,20
325,1037,2022-09-08 16:24:29,21
325,1527,2022-09-08 16:24:29,22
325,897,2022-09-08 16:24:29,23
325,1042,2022-09-08 16:24:29,24
325,1353,2022-09-08 16:24:29,25
325,269,2022-09-08 16:24:29,26
325,1150,2022-09-08 16:24:29,27
326,1758,2022-08-31 21:20:28,1
326,2249,2022-08-31 21:20:28,2
326,2198,2022-08-31 21:20:28,3
326,1716,2022-08-31 21:20:28,4
326,1450,2022-08-31 21:20:28,5
326,2106,2022-08-31 21:20:28,6
326,814,2022-08-31 21:20:28,7
326,1097,2022-08-31 21:20:28,8
326,2076,2022-08-31 21:20:28,9
326,813,2022-08-31 21:20:28,10
326,1216,2022-08-31 21:20:28,11
326,2301,2022-08-31 21:20:28,12
326,937,2022-08-31 21:20:28,13
326,1447,2022-08-31 21:20:28,14
326,2241,2022-08-31 21:20:28,15
326,2581,2022-08-31 21:20:28,16
326,656,2022-08-31 21:20:28,17
327,2026,2025-11-18 10:41:09,1
327,885,2025-11-18 10:41:09,2
327,1779,2025-11-18 10:41:09,3
327,1605,2025-11-18 10:41:09,4
327,1228,2025-11-18 10:41:09,5
327,2121,2025-11-18 10:41:09,6
327,1283,2025-11-18 10:41:09,7
327,985,2025-11-18 10:41:09,8
327,632,2025-11-18 10:41:09,9
327,121,2025-11-18 10:41:09,10
327,1888,2025-11-18 10:41:09,11
327,1937,2025-11-18 10:41:09,12
327,1495,2025-11-18 10:41:09,13
327,2149,2025-11-18 10:41:09,14
327,1930,2025-11-18 10:41:09,15
327,19,2025-11-18 10:41:09,16
327,2081,2025-11-18 10:41:09,17
327,2495,2025-11-18 10:41:09,18
328,999,2022-10-12 01:36:57,1
328,652,2022-10-12 01:36:57,2
328,1674,2022-10-12 01:36:57,3
328,2499,2022-10-12 01:36:57,4
328,2298,2022-10-12 01:36:57,5
328,895,2022-10-12 01:36:57,6
328,1032,2022-10-12 01:36:57,7
328,1232,2022-10-12 01:36:57,8
328,1764,2022-10-12 01:36:57,9
328,2446,2022-10-12 01:36:57,10
328,1382,2022-10-12 01:36:57,11
328,2194,2022-10-12 01:36:57,12
328,130,2022-10-12 01:36:57,13
328,1459,2022-10-12 01:36:57,14
329,1252,2021-10-22 20:34:30,1
329,1308,2021-10-22 20:34:30,2
329,245,2021-10-22 20:34:30,3
329,1480,2021-10-22 20:34:30,4
329,131,2021-10-22 20:34:30,5
330,717,2021-12-04 11:33:39,1
330,2180,2021-12-04 11:33:39,2
330,1103,2021-12-04 11:33:39,3
330,1643,2021-12-04 11:33:39,4
330,1899,2021-12-04 11:33:39,5
330,677,2021-12-04 11:33:39,6
330,34,2021-12-04 11:33:39,7
330,210,2021-12-04 11:33:39,8
330,1876,2021-12-04 11:33:39,9
330,808,2021-12-04 11:33:39,10
330,1149,2021-12-04 11:33:39,11
330,706,2021-12-04 11:33:39,12
330,2472,2021-12-04 11:33:39,13
330,804,2021-12-04 11:33:39,14
330,2324,2021-12-04 11:33:39,15
330,188,2021-12-04 11:33:39,16
330,1915,2021-12-04 11:33:39,17
330,1831,2021-12-04 11:33:39,18
330,931,2021-12-04 11:33:39,19
330,2008,2021-12-04 11:33:39,20
330,582,2021-12-04 11:33:39,21
330,2418,2021-12-04 11:33:39,22
330,1290,2021-12-04 11:33:39,23
330,1105,2021-12-04 11:33:39,24
331,1415,2020-11-11 10:24:51,1
331,2576,2020-11-11 10:24:51,2
331,20,2020-11-11 10:24:51,3
331,990,2020-11-11 10:24:51,4
331,2303,2020-11-11 10:24:51,5
331,118,2020-11-11 10:24:51,6
331,260,2020-11-11 10:24:51,7
331,1728,2020-11-11 10:24:51,8
331,565,2020-11-11 10:24:51,9
331,1373,2020-11-11 10:24:51,10
331,2291,2020-11-11 10:24:51,11
331,1439,2020-11-11 10:24:51,12
331,451,2020-11-11 10:24:51,13
331,1452,2020-11-11 10:24:51,14
331,158,2020-11-11 10:24:51,15
331,544,2020-11-11 10:24:51,16
331,2606,2020-11-11 10:24:51,17
331,1229,2020-11-11 10:24:51,18
331,1407,2020-11-11 10:24:51,19
331,95,2020-11-11 10:24:51,20
331,758,2020-11-11 10:24:51,21
331,2304,2020-11-11 10:24:51,22
331,386,2020-11-11 10:24:51,23
331,1277,2020-11-11 10:24:51,24
331,860,2020-11-11 10:24:51,25
332,930,2023-01-11 19:12:47,1
332,266,2023-01-11 19:12:47,2
332,571,2023-01-11 19:12:47,3
332,1901,2023-01-11 19:12:47,4
332,2444,2023-01-11 19:12:47,5
332,1085,2023-01-11 19:12:47,6
332,953,2023-01-11 19:12:47,7
332,917,2023-01-11 19:12:47,8
332,2014,2023-01-11 19:12:47,9
332,2542,2023-01-11 19:12:47,10
332,1355,2023-01-11 19:12:47,11
332,771,2023-01-11 19:12:47,12
332,323,2023-01-11 19:12:47,13
332,412,2023-01-11 19:12:47,14
332,458,2023-01-11 19:12:47,15
333,979,2021-08-07 01:39:50,1
333,1445,2021-08-07 01:39:50,2
333,2360,2021-08-07 01:39:50,3
333,120,2021-08-07 01:39:50,4
333,1126,2021-08-07 01:39:50,5
333,684,2021-08-07 01:39:50,6
333,1643,2021-08-07 01:39:50,7
333,1467,2021-08-07 01:39:50,8
333,757,2021-08-07 01:39:50,9
334,1083,2023-03-31 07:53:20,1
334,611,2023-03-31 07:53:20,2
334,2259,2023-03-31 07:53:20,3
334,1779,2023-03-31 07:53:20,4
334,1558,2023-03-31 07:53:20,5
334,751,2023-03-31 07:53:20,6
334,1409,2023-03-31 07:53:20,7
334,455,2023-03-31 07:53:20,8
334,210,2023-03-31 07:53:20,9
334,2145,2023-03-31 07:53:20,10
334,1489,2023-03-31 07:53:20,11
334,2032,2023-03-31 07:53:20,12
334,916,2023-03-31 07:53:20,13
334,2165,2023-03-31 07:53:20,14
334,789,2023-03-31 07:53:20,15
334,2270,2023-03-31 07:53:20,16
334,1434,2023-03-31 07:53:20,17
334,1428,2023-03-31 07:53:20,18
334,1199,2023-03-31 07:53:20,19
335,329,2024-01-28 19:03:25,1
335,1064,2024-01-28 19:03:25,2
335,2589,2024-01-28 19:03:25,3
335,1767,2024-01-28 19:03:25,4
335,168,2024-01-28 19:03:25,5
335,2473,2024-01-28 19:03:25,6
335,2564,2024-01-28 19:03:25,7
335,332,2024-01-28 19:03:25,8
335,2395,2024-01-28 19:03:25,9
335,951,2024-01-28 19:03:25,10
335,1328,2024-01-28 19:03:25,11
335,385,2024-01-28 19:03:25,12
335,322,2024-01-28 19:03:25,13
335,1953,2024-01-28 19:03:25,14
335,1247,2024-01-28 19:03:25,15
336,1465,2023-03-23 04:49:26,1
336,1281,2023-03-23 04:49:26,2
336,901,2023-03-23 04:49:26,3
336,1859,2023-03-23 04:49:26,4
336,129,2023-03-23 04:49:26,5
336,1712,2023-03-23 04:49:26,6
336,556,2023-03-23 04:49:26,7
336,1942,2023-03-23 04:49:26,8
336,764,2023-03-23 04:49:26,9
336,2228,2023-03-23 04:49:26,10
336,441,2023-03-23 04:49:26,11
336,1703,2023-03-23 04:49:26,12
336,1867,2023-03-23 04:49:26,13
336,819,2023-03-23 04:49:26,14
336,1014,2023-03-23 04:49:26,15
336,1812,2023-03-23 04:49:26,16
337,1579,2023-05-19 23:02:21,1
337,392,2023-05-19 23:02:21,2
337,576,2023-05-19 23:02:21,3
337,356,2023-05-19 23:02:21,4
337,1301,2023-05-19 23:02:21,5
337,1949,2023-05-19 23:02:21,6
337,1535,2023-05-19 23:02:21,7
337,1734,2023-05-19 23:02:21,8
337,684,2023-05-19 23:02:21,9
337,1743,2023-05-19 23:02:21,10
337,1055,2023-05-19 23:02:21,11
337,416,2023-05-19 23:02:21,12
337,712,2023-05-19 23:02:21,13
338,1738,2022-08-22 08:28:41,1
338,118,2022-08-22 08:28:41,2
338,2105,2022-08-22 08:28:41,3
338,1055,2022-08-22 08:28:41,4
338,2154,2022-08-22 08:28:41,5
338,486,2022-08-22 08:28:41,6
338,2094,2022-08-22 08:28:41,7
338,1811,2022-08-22 08:28:41,8
338,1607,2022-08-22 08:28:41,9
338,655,2022-08-22 08:28:41,10
338,58,2022-08-22 08:28:41,11
338,2414,2022-08-22 08:28:41,12
338,2546,2022-08-22 08:28:41,13
338,243,2022-08-22 08:28:41,14
338,1737,2022-08-22 08:28:41,15
338,2339,2022-08-22 08:28:41,16
338,959,2022-08-22 08:28:41,17
338,344,2022-08-22 08:28:41,18
338,2472,2022-08-22 08:28:41,19
338,1768,2022-08-22 08:28:41,20
338,986,2022-08-22 08:28:41,21
338,83,2022-08-22 08:28:41,22
338,963,2022-08-22 08:28:41,23
338,2534,2022-08-22 08:28:41,24
338,2449,2022-08-22 08:28:41,25
338,1377,2022-08-22 08:28:41,26
338,303,2022-08-22 08:28:41,27
338,1786,2022-08-22 08:28:41,28
338,2024,2022-08-22 08:28:41,29
339,1273,2023-05-15 11:54:37,1
339,1375,2023-05-15 11:54:37,2
339,134,2023-05-15 11:54:37,3
339,1352,2023-05-15 11:54:37,4
339,2522,2023-05-15 11:54:37,5
339,2418,2023-05-15 11:54:37,6
340,586,2025-02-21 10:20:02,1
340,513,2025-02-21 10:20:02,2
340,1716,2025-02-21 10:20:02,3
340,1806,2025-02-21 10:20:02,4
340,933,2025-02-21 10:20:02,5
340,410,2025-02-21 10:20:02,6
340,710,2025-02-21 10:20:02,7
340,882,2025-02-21 10:20:02,8
340,1149,2025-02-21 10:20:02,9
340,939,2025-02-21 10:20:02,10
340,2176,2025-02-21 10:20:02,11
340,2278,2025-02-21 10:20:02,12
340,2174,2025-02-21 10:20:02,13
340,158,2025-02-21 10:20:02,14
340,1264,2025-02-21 10:20:02,15
340,2057,2025-02-21 10:20:02,16
340,1410,2025-02-21 10:20:02,17
340,371,2025-02-21 10:20:02,18
340,1196,2025-02-21 10:20:02,19
340,624,2025-02-21 10:20:02,20
340,235,2025-02-21 10:20:02,21
340,595,2025-02-21 10:20:02,22
341,2490,2023-03-14 09:51:21,1
341,993,2023-03-14 09:51:21,2
341,1642,2023-03-14 09:51:21,3
341,1220,2023-03-14 09:51:21,4
341,1501,2023-03-14 09:51:21,5
341,190,2023-03-14 09:51:21,6
341,593,2023-03-14 09:51:21,7
341,2265,2023-03-14 09:51:21,8
341,720,2023-03-14 09:51:21,9
341,973,2023-03-14 09:51:21,10
341,439,2023-03-14 09:51:21,11
341,1009,2023-03-14 09:51:21,12
341,1046,2023-03-14 09:51:21,13
341,543,2023-03-14 09:51:21,14
341,1931,2023-03-14 09:51:21,15
341,1482,2023-03-14 09:51:21,16
342,1520,2022-11-26 20:44:03,1
342,1809,2022-11-26 20:44:03,2
342,1551,2022-11-26 20:44:03,3
342,1912,2022-11-26 20:44:03,4
342,757,2022-11-26 20:44:03,5
342,2484,2022-11-26 20:44:03,6
342,2498,2022-11-26 20:44:03,7
342,262,2022-11-26 20:44:03,8
342,452,2022-11-26 20:44:03,9
342,1357,2022-11-26 20:44:03,10
342,1200,2022-11-26 20:44:03,11
342,2419,2022-11-26 20:44:03,12
342,100,2022-11-26 20:44:03,13
342,1169,2022-11-26 20:44:03,14
342,2576,2022-11-26 20:44:03,15
342,1060,2022-11-26 20:44:03,16
342,795,2022-11-26 20:44:03,17
342,349,2022-11-26 20:44:03,18
342,2136,2022-11-26 20:44:03,19
342,832,2022-11-26 20:44:03,20
342,2650,2022-11-26 20:44:03,21
342,1226,2022-11-26 20:44:03,22
342,1019,2022-11-26 20:44:03,23
342,1786,2022-11-26 20:44:03,24
342,2520,2022-11-26 20:44:03,25
342,1526,2022-11-26 20:44:03,26
342,922,2022-11-26 20:44:03,27
342,347,2022-11-26 20:44:03,28
342,157,2022-11-26 20:44:03,29
343,643,2024-12-30 10:18:06,1
343,2398,2024-12-30 10:18:06,2
343,1982,2024-12-30 10:18:06,3
343,487,2024-12-30 10:18:06,4
343,2632,2024-12-30 10:18:06,5
343,440,2024-12-30 10:18:06,6
343,1314,2024-12-30 10:18:06,7
343,65,2024-12-30 10:18:06,8
343,1672,2024-12-30 10:18:06,9
343,603,2024-12-30 10:18:06,10
343,2395,2024-12-30 10:18:06,11
343,470,2024-12-30 10:18:06,12
343,1916,2024-12-30 10:18:06,13
343,2478,2024-12-30 10:18:06,14
343,519,2024-12-30 10:18:06,15
343,1597,2024-12-30 10:18:06,16
343,1392,2024-12-30 10:18:06,17
343,264,2024-12-30 10:18:06,18
343,1852,2024-12-30 10:18:06,19
343,876,2024-12-30 10:18:06,20
343,663,2024-12-30 10:18:06,21
343,2086,2024-12-30 10:18:06,22
343,457,2024-12-30 10:18:06,23
343,1751,2024-12-30 10:18:06,24
343,579,2024-12-30 10:18:06,25
343,2517,2024-12-30 10:18:06,26
344,220,2020-03-31 01:53:07,1
344,2063,2020-03-31 01:53:07,2
344,2004,2020-03-31 01:53:07,3
344,937,2020-03-31 01:53:07,4
344,2534,2020-03-31 01:53:07,5
344,638,2020-03-31 01:53:07,6
344,642,2020-03-31 01:53:07,7
345,2432,2020-05-29 19:51:28,1
345,2253,2020-05-29 19:51:28,2
345,1009,2020-05-29 19:51:28,3
345,1627,2020-05-29 19:51:28,4
345,2324,2020-05-29 19:51:28,5
345,310,2020-05-29 19:51:28,6
345,1320,2020-05-29 19:51:28,7
345,1814,2020-05-29 19:51:28,8
346,1887,2022-11-23 05:26:19,1
346,1783,2022-11-23 05:26:19,2
346,1983,2022-11-23 05:26:19,3
346,467,2022-11-23 05:26:19,4
346,111,2022-11-23 05:26:19,5
346,1471,2022-11-23 05:26:19,6
346,561,2022-11-23 05:26:19,7
346,2314,2022-11-23 05:26:19,8
346,2105,2022-11-23 05:26:19,9
346,1849,2022-11-23 05:26:19,10
346,1997,2022-11-23 05:26:19,11
347,1811,2024-11-29 01:00:21,1
347,2636,2024-11-29 01:00:21,2
347,1197,2024-11-29 01:00:21,3
347,1419,2024-11-29 01:00:21,4
347,2437,2024-11-29 01:00:21,5
348,2535,2021-12-27 20:45:57,1
348,332,2021-12-27 20:45:57,2
348,1529,2021-12-27 20:45:57,3
348,805,2021-12-27 20:45:57,4
348,232,2021-12-27 20:45:57,5
348,1042,2021-12-27 20:45:57,6
348,1123,2021-12-27 20:45:57,7
348,1302,2021-12-27 20:45:57,8
348,210,2021-12-27 20:45:57,9
348,43,2021-12-27 20:45:57,10
348,728,2021-12-27 20:45:57,11
348,25,2021-12-27 20:45:57,12
348,537,2021-12-27 20:45:57,13
348,2647,2021-12-27 20:45:57,14
348,1546,2021-12-27 20:45:57,15
348,2133,2021-12-27 20:45:57,16
348,1000,2021-12-27 20:45:57,17
348,2296,2021-12-27 20:45:57,18
348,2025,2021-12-27 20:45:57,19
348,2274,2021-12-27 20:45:57,20
348,2511,2021-12-27 20:45:57,21
348,141,2021-12-27 20:45:57,22
348,873,2021-12-27 20:45:57,23
348,1269,2021-12-27 20:45:57,24
348,2614,2021-12-27 20:45:57,25
348,1419,2021-12-27 20:45:57,26
348,227,2021-12-27 20:45:57,27
348,697,2021-12-27 20:45:57,28
349,1296,2022-11-23 12:37:14,1
349,2061,2022-11-23 12:37:14,2
349,1638,2022-11-23 12:37:14,3
349,1854,2022-11-23 12:37:14,4
349,1625,2022-11-23 12:37:14,5
349,194,2022-11-23 12:37:14,6
349,974,2022-11-23 12:37:14,7
349,195,2022-11-23 12:37:14,8
349,1115,2022-11-23 12:37:14,9
349,35,2022-11-23 12:37:14,10
349,2477,2022-11-23 12:37:14,11
349,843,2022-11-23 12:37:14,12
349,1119,2022-11-23 12:37:14,13
349,1672,2022-11-23 12:37:14,14
349,1882,2022-11-23 12:37:14,15
349,1426,2022-11-23 12:37:14,16
349,1219,2022-11-23 12:37:14,17
349,2562,2022-11-23 12:37:14,18
349,282,2022-11-23 12:37:14,19
349,2198,2022-11-23 12:37:14,20
349,599,2022-11-23 12:37:14,21
349,984,2022-11-23 12:37:14,22
349,1737,2022-11-23 12:37:14,23
349,2219,2022-11-23 12:37:14,24
350,395,2025-12-28 02:18:27,1
350,183,2025-12-28 02:18:27,2
350,310,2025-12-28 02:18:27,3
350,998,2025-12-28 02:18:27,4
350,2251,2025-12-28 02:18:27,5
350,542,2025-12-28 02:18:27,6
350,1829,2025-12-28 02:18:27,7
350,707,2025-12-28 02:18:27,8
350,294,2025-12-28 02:18:27,9
350,199,2025-12-28 02:18:27,10
350,1285,2025-12-28 02:18:27,11
350,411,2025-12-28 02:18:27,12
350,999,2025-12-28 02:18:27,13
350,1002,2025-12-28 02:18:27,14
350,1151,2025-12-28 02:18:27,15
350,1538,2025-12-28 02:18:27,16
350,247,2025-12-28 02:18:27,17
350,412,2025-12-28 02:18:27,18
350,2235,2025-12-28 02:18:27,19
350,1272,2025-12-28 02:18:27,20
350,655,2025-12-28 02:18:27,21
351,12,2023-06-26 13:53:47,1
351,404,2023-06-26 13:53:47,2
351,963,2023-06-26 13:53:47,3
351,2194,2023-06-26 13:53:47,4
351,2241,2023-06-26 13:53:47,5
351,693,2023-06-26 13:53:47,6
351,1482,2023-06-26 13:53:47,7
351,967,2023-06-26 13:53:47,8
351,712,2023-06-26 13:53:47,9
352,2254,2022-06-21 13:56:56,1
352,807,2022-06-21 13:56:56,2
352,315,2022-06-21 13:56:56,3
352,1585,2022-06-21 13:56:56,4
352,2143,2022-06-21 13:56:56,5
352,498,2022-06-21 13:56:56,6
353,2610,2021-06-12 19:07:12,1
353,1684,2021-06-12 19:07:12,2
353,911,2021-06-12 19:07:12,3
353,1702,2021-06-12 19:07:12,4
353,38,2021-06-12 19:07:12,5
353,974,2021-06-12 19:07:12,6
353,2202,2021-06-12 19:07:12,7
353,2316,2021-06-12 19:07:12,8
353,353,2021-06-12 19:07:12,9
353,1962,2021-06-12 19:07:12,10
353,1006,2021-06-12 19:07:12,11
353,1559,2021-06-12 19:07:12,12
353,2459,2021-06-12 19:07:12,13
353,52,2021-06-12 19:07:12,14
353,1909,2021-06-12 19:07:12,15
353,2091,2021-06-12 19:07:12,16
353,2427,2021-06-12 19:07:12,17
353,1255,2021-06-12 19:07:12,18
353,2655,2021-06-12 19:07:12,19
353,1992,2021-06-12 19:07:12,20
353,1755,2021-06-12 19:07:12,21
353,1975,2021-06-12 19:07:12,22
353,755,2021-06-12 19:07:12,23
353,190,2021-06-12 19:07:12,24
353,176,2021-06-12 19:07:12,25
353,95,2021-06-12 19:07:12,26
353,1449,2021-06-12 19:07:12,27
353,531,2021-06-12 19:07:12,28
354,1053,2023-04-26 06:15:02,1
354,409,2023-04-26 06:15:02,2
354,207,2023-04-26 06:15:02,3
354,1942,2023-04-26 06:15:02,4
354,37,2023-04-26 06:15:02,5
354,1871,2023-04-26 06:15:02,6
354,468,2023-04-26 06:15:02,7
355,989,2024-05-17 19:20:26,1
355,1102,2024-05-17 19:20:26,2
355,2297,2024-05-17 19:20:26,3
355,1496,2024-05-17 19:20:26,4
355,113,2024-05-17 19:20:26,5
355,2184,2024-05-17 19:20:26,6
355,2485,2024-05-17 19:20:26,7
355,1314,2024-05-17 19:20:26,8
355,427,2024-05-17 19:20:26,9
355,739,2024-05-17 19:20:26,10
355,888,2024-05-17 19:20:26,11
355,1880,2024-05-17 19:20:26,12
355,27,2024-05-17 19:20:26,13
355,2168,2024-05-17 19:20:26,14
355,1521,2024-05-17 19:20:26,15
355,332,2024-05-17 19:20:26,16
355,452,2024-05-17 19:20:26,17
355,2393,2024-05-17 19:20:26,18
356,330,2025-04-07 22:51:48,1
356,2549,2025-04-07 22:51:48,2
356,1085,2025-04-07 22:51:48,3
356,2633,2025-04-07 22:51:48,4
356,1245,2025-04-07 22:51:48,5
356,1482,2025-04-07 22:51:48,6
356,1064,2025-04-07 22:51:48,7
356,1489,2025-04-07 22:51:48,8
356,1722,2025-04-07 22:51:48,9
356,2481,2025-04-07 22:51:48,10
356,1936,2025-04-07 22:51:48,11
356,581,2025-04-07 22:51:48,12
356,2527,2025-04-07 22:51:48,13
356,1620,2025-04-07 22:51:48,14
356,1410,2025-04-07 22:51:48,15
356,1387,2025-04-07 22:51:48,16
356,1596,2025-04-07 22:51:48,17
356,471,2025-04-07 22:51:48,18
356,2458,2025-04-07 22:51:48,19
356,763,2025-04-07 22:51:48,20
356,1858,2025-04-07 22:51:48,21
356,1753,2025-04-07 22:51:48,22
356,2042,2025-04-07 22:51:48,23
356,321,2025-04-07 22:51:48,24
356,968,2025-04-07 22:51:48,25
356,1799,2025-04-07 22:51:48,26
356,1828,2025-04-07 22:51:48,27
356,477,2025-04-07 22:51:48,28
356,2053,2025-04-07 22:51:48,29
357,1701,2025-03-25 23:06:14,1
357,580,2025-03-25 23:06:14,2
357,1744,2025-03-25 23:06:14,3
357,986,2025-03-25 23:06:14,4
357,2395,2025-03-25 23:06:14,5
357,1452,2025-03-25 23:06:14,6
357,1642,2025-03-25 23:06:14,7
357,437,2025-03-25 23:06:14,8
357,551,2025-03-25 23:06:14,9
357,1646,2025-03-25 23:06:14,10
357,1564,2025-03-25 23:06:14,11
357,1805,2025-03-25 23:06:14,12
357,2228,2025-03-25 23:06:14,13
357,897,2025-03-25 23:06:14,14
357,104,2025-03-25 23:06:14,15
357,1525,2025-03-25 23:06:14,16
357,1489,2025-03-25 23:06:14,17
357,2026,2025-03-25 23:06:14,18
357,850,2025-03-25 23:06:14,19
357,1880,2025-03-25 23:06:14,20
357,404,2025-03-25 23:06:14,21
358,2231,2024-12-15 19:37:13,1
358,2150,2024-12-15 19:37:13,2
358,1958,2024-12-15 19:37:13,3
358,1174,2024-12-15 19:37:13,4
358,191,2024-12-15 19:37:13,5
358,680,2024-12-15 19:37:13,6
358,573,2024-12-15 19:37:13,7
358,891,2024-12-15 19:37:13,8
358,1183,2024-12-15 19:37:13,9
358,1560,2024-12-15 19:37:13,10
358,282,2024-12-15 19:37:13,11
359,1218,2024-10-09 02:10:28,1
359,1602,2024-10-09 02:10:28,2
359,1562,2024-10-09 02:10:28,3
359,721,2024-10-09 02:10:28,4
359,2025,2024-10-09 02:10:28,5
359,1738,2024-10-09 02:10:28,6
359,839,2024-10-09 02:10:28,7
359,895,2024-10-09 02:10:28,8
359,4,2024-10-09 02:10:28,9
359,1216,2024-10-09 02:10:28,10
359,453,2024-10-09 02:10:28,11
359,294,2024-10-09 02:10:28,12
359,1873,2024-10-09 02:10:28,13
359,1705,2024-10-09 02:10:28,14
360,397,2024-03-03 05:47:57,1
360,1222,2024-03-03 05:47:57,2
360,714,2024-03-03 05:47:57,3
360,2565,2024-03-03 05:47:57,4
360,419,2024-03-03 05:47:57,5
360,1535,2024-03-03 05:47:57,6
360,761,2024-03-03 05:47:57,7
360,1211,2024-03-03 05:47:57,8
360,2095,2024-03-03 05:47:57,9
360,929,2024-03-03 05:47:57,10
360,462,2024-03-03 05:47:57,11
360,2462,2024-03-03 05:47:57,12
360,1626,2024-03-03 05:47:57,13
360,2179,2024-03-03 05:47:57,14
360,1727,2024-03-03 05:47:57,15
360,849,2024-03-03 05:47:57,16
360,1703,2024-03-03 05:47:57,17
360,1073,2024-03-03 05:47:57,18
360,1963,2024-03-03 05:47:57,19
360,112,2024-03-03 05:47:57,20
360,1026,2024-03-03 05:47:57,21
360,1591,2024-03-03 05:47:57,22
360,1283,2024-03-03 05:47:57,23
360,1545,2024-03-03 05:47:57,24
360,2207,2024-03-03 05:47:57,25
360,2316,2024-03-03 05:47:57,26
360,1588,2024-03-03 05:47:57,27
360,2430,2024-03-03 05:47:57,28
360,2092,2024-03-03 05:47:57,29
361,90,2022-12-18 20:14:29,1
361,887,2022-12-18 20:14:29,2
361,1546,2022-12-18 20:14:29,3
361,2258,2022-12-18 20:14:29,4
361,2289,2022-12-18 20:14:29,5
361,948,2022-12-18 20:14:29,6
361,13,2022-12-18 20:14:29,7
361,116,2022-12-18 20:14:29,8
361,1140,2022-12-18 20:14:29,9
361,2218,2022-12-18 20:14:29,10
361,901,2022-12-18 20:14:29,11
361,1993,2022-12-18 20:14:29,12
361,2472,2022-12-18 20:14:29,13
361,2625,2022-12-18 20:14:29,14
361,934,2022-12-18 20:14:29,15
361,1645,2022-12-18 20:14:29,16
361,930,2022-12-18 20:14:29,17
361,323,2022-12-18 20:14:29,18
361,1412,2022-12-18 20:14:29,19
361,2362,2022-12-18 20:14:29,20
362,594,2021-01-27 18:26:22,1
362,2433,2021-01-27 18:26:22,2
362,466,2021-01-27 18:26:22,3
362,2638,2021-01-27 18:26:22,4
362,687,2021-01-27 18:26:22,5
362,1977,2021-01-27 18:26:22,6
362,237,2021-01-27 18:26:22,7
362,1571,2021-01-27 18:26:22,8
362,1351,2021-01-27 18:26:22,9
362,2451,2021-01-27 18:26:22,10
363,1148,2020-12-11 08:49:49,1
363,264,2020-12-11 08:49:49,2
363,179,2020-12-11 08:49:49,3
363,1083,2020-12-11 08:49:49,4
363,205,2020-12-11 08:49:49,5
363,1545,2020-12-11 08:49:49,6
363,595,2020-12-11 08:49:49,7
363,2372,2020-12-11 08:49:49,8
363,386,2020-12-11 08:49:49,9
363,336,2020-12-11 08:49:49,10
363,2226,2020-12-11 08:49:49,11
363,1851,2020-12-11 08:49:49,12
364,526,2020-06-08 12:20:49,1
364,2104,2020-06-08 12:20:49,2
364,643,2020-06-08 12:20:49,3
364,1151,2020-06-08 12:20:49,4
364,1966,2020-06-08 12:20:49,5
364,509,2020-06-08 12:20:49,6
364,2125,2020-06-08 12:20:49,7
364,789,2020-06-08 12:20:49,8
364,84,2020-06-08 12:20:49,9
364,359,2020-06-08 12:20:49,10
365,468,2020-08-10 00:13:41,1
365,1829,2020-08-10 00:13:41,2
365,2390,2020-08-10 00:13:41,3
365,1641,2020-08-10 00:13:41,4
365,219,2020-08-10 00:13:41,5
365,1968,2020-08-10 00:13:41,6
365,1371,2020-08-10 00:13:41,7
365,1836,2020-08-10 00:13:41,8
365,2154,2020-08-10 00:13:41,9
365,2511,2020-08-10 00:13:41,10
365,2133,2020-08-10 00:13:41,11
365,1033,2020-08-10 00:13:41,12
365,2362,2020-08-10 00:13:41,13
365,1955,2020-08-10 00:13:41,14
365,1167,2020-08-10 00:13:41,15
365,2383,2020-08-10 00:13:41,16
365,2517,2020-08-10 00:13:41,17
365,1839,2020-08-10 00:13:41,18
365,2558,2020-08-10 00:13:41,19
365,2459,2020-08-10 00:13:41,20
365,233,2020-08-10 00:13:41,21
365,1294,2020-08-10 00:13:41,22
366,553,2023-12-08 17:56:38,1
366,437,2023-12-08 17:56:38,2
366,2009,2023-12-08 17:56:38,3
366,509,2023-12-08 17:56:38,4
366,453,2023-12-08 17:56:38,5
366,1144,2023-12-08 17:56:38,6
366,2238,2023-12-08 17:56:38,7
366,1677,2023-12-08 17:56:38,8
366,1376,2023-12-08 17:56:38,9
366,1711,2023-12-08 17:56:38,10
367,2117,2025-03-07 17:26:47,1
367,389,2025-03-07 17:26:47,2
367,2265,2025-03-07 17:26:47,3
367,2539,2025-03-07 17:26:47,4
367,2190,2025-03-07 17:26:47,5
367,418,2025-03-07 17:26:47,6
367,39,2025-03-07 17:26:47,7
367,1773,2025-03-07 17:26:47,8
367,316,2025-03-07 17:26:47,9
367,2018,2025-03-07 17:26:47,10
367,866,2025-03-07 17:26:47,11
367,2589,2025-03-07 17:26:47,12
367,1284,2025-03-07 17:26:47,13
367,1665,2025-03-07 17:26:47,14
367,997,2025-03-07 17:26:47,15
367,388,2025-03-07 17:26:47,16
368,820,2025-05-15 01:41:21,1
368,386,2025-05-15 01:41:21,2
368,689,2025-05-15 01:41:21,3
368,2443,2025-05-15 01:41:21,4
368,1889,2025-05-15 01:41:21,5
368,1502,2025-05-15 01:41:21,6
368,1444,2025-05-15 01:41:21,7
368,1838,2025-05-15 01:41:21,8
368,730,2025-05-15 01:41:21,9
368,1698,2025-05-15 01:41:21,10
368,424,2025-05-15 01:41:21,11
368,1715,2025-05-15 01:41:21,12
368,2445,2025-05-15 01:41:21,13
368,1250,2025-05-15 01:41:21,14
368,2494,2025-05-15 01:41:21,15
368,1682,2025-05-15 01:41:21,16
368,893,2025-05-15 01:41:21,17
368,1999,2025-05-15 01:41:21,18
369,2078,2021-03-03 16:35:55,1
369,291,2021-03-03 16:35:55,2
369,364,2021-03-03 16:35:55,3
369,2351,2021-03-03 16:35:55,4
369,866,2021-03-03 16:35:55,5
369,2153,2021-03-03 16:35:55,6
369,2417,2021-03-03 16:35:55,7
369,2379,2021-03-03 16:35:55,8
369,2398,2021-03-03 16:35:55,9
369,220,2021-03-03 16:35:55,10
369,1606,2021-03-03 16:35:55,11
369,2173,2021-03-03 16:35:55,12
369,683,2021-03-03 16:35:55,13
369,194,2021-03-03 16:35:55,14
369,467,2021-03-03 16:35:55,15
369,849,2021-03-03 16:35:55,16
369,2634,2021-03-03 16:35:55,17
369,54,2021-03-03 16:35:55,18
369,2047,2021-03-03 16:35:55,19
369,315,2021-03-03 16:35:55,20
369,1745,2021-03-03 16:35:55,21
369,2023,2021-03-03 16:35:55,22
370,773,2024-08-06 02:43:00,1
370,704,2024-08-06 02:43:00,2
370,471,2024-08-06 02:43:00,3
370,1594,2024-08-06 02:43:00,4
370,909,2024-08-06 02:43:00,5
370,797,2024-08-06 02:43:00,6
370,1727,2024-08-06 02:43:00,7
370,494,2024-08-06 02:43:00,8
370,992,2024-08-06 02:43:00,9
370,315,2024-08-06 02:43:00,10
370,1926,2024-08-06 02:43:00,11
370,2515,2024-08-06 02:43:00,12
370,2159,2024-08-06 02:43:00,13
370,1350,2024-08-06 02:43:00,14
370,1097,2024-08-06 02:43:00,15
370,2370,2024-08-06 02:43:00,16
371,186,2023-11-04 20:37:02,1
371,1272,2023-11-04 20:37:02,2
371,2467,2023-11-04 20:37:02,3
371,231,2023-11-04 20:37:02,4
371,994,2023-11-04 20:37:02,5
371,1951,2023-11-04 20:37:02,6
372,670,2023-12-06 18:19:16,1
372,2464,2023-12-06 18:19:16,2
372,1464,2023-12-06 18:19:16,3
372,1212,2023-12-06 18:19:16,4
372,1522,2023-12-06 18:19:16,5
372,2114,2023-12-06 18:19:16,6
372,1364,2023-12-06 18:19:16,7
372,2063,2023-12-06 18:19:16,8
372,922,2023-12-06 18:19:16,9
372,1400,2023-12-06 18:19:16,10
372,1725,2023-12-06 18:19:16,11
372,961,2023-12-06 18:19:16,12
372,2449,2023-12-06 18:19:16,13
372,2401,2023-12-06 18:19:16,14
372,2246,2023-12-06 18:19:16,15
372,507,2023-12-06 18:19:16,16
372,628,2023-12-06 18:19:16,17
372,1974,2023-12-06 18:19:16,18
372,1141,2023-12-06 18:19:16,19
372,893,2023-12-06 18:19:16,20
372,2473,2023-12-06 18:19:16,21
372,2590,2023-12-06 18:19:16,22
372,632,2023-12-06 18:19:16,23
372,596,2023-12-06 18:19:16,24
372,1320,2023-12-06 18:19:16,25
372,1401,2023-12-06 18:19:16,26
373,1794,2024-12-08 20:38:10,1
373,1116,2024-12-08 20:38:10,2
373,286,2024-12-08 20:38:10,3
373,2459,2024-12-08 20:38:10,4
373,755,2024-12-08 20:38:10,5
373,1322,2024-12-08 20:38:10,6
373,2285,2024-12-08 20:38:10,7
373,274,2024-12-08 20:38:10,8
374,1041,2022-03-27 03:44:40,1
374,2022,2022-03-27 03:44:40,2
374,1725,2022-03-27 03:44:40,3
374,736,2022-03-27 03:44:40,4
374,436,2022-03-27 03:44:40,5
374,747,2022-03-27 03:44:40,6
374,770,2022-03-27 03:44:40,7
374,1663,2022-03-27 03:44:40,8
374,153,2022-03-27 03:44:40,9
374,498,2022-03-27 03:44:40,10
374,2221,2022-03-27 03:44:40,11
374,1619,2022-03-27 03:44:40,12
374,956,2022-03-27 03:44:40,13
374,2341,2022-03-27 03:44:40,14
374,2451,2022-03-27 03:44:40,15
374,1070,2022-03-27 03:44:40,16
374,1467,2022-03-27 03:44:40,17
374,1058,2022-03-27 03:44:40,18
374,401,2022-03-27 03:44:40,19
374,852,2022-03-27 03:44:40,20
374,2273,2022-03-27 03:44:40,21
374,1031,2022-03-27 03:44:40,22
374,1304,2022-03-27 03:44:40,23
374,958,2022-03-27 03:44:40,24
374,385,2022-03-27 03:44:40,25
375,1596,2020-11-03 05:08:28,1
375,892,2020-11-03 05:08:28,2
375,216,2020-11-03 05:08:28,3
375,2471,2020-11-03 05:08:28,4
375,993,2020-11-03 05:08:28,5
375,36,2020-11-03 05:08:28,6
375,1927,2020-11-03 05:08:28,7
375,2449,2020-11-03 05:08:28,8
375,1639,2020-11-03 05:08:28,9
375,2136,2020-11-03 05:08:28,10
375,1384,2020-11-03 05:08:28,11
375,2547,2020-11-03 05:08:28,12
375,189,2020-11-03 05:08:28,13
375,2405,2020-11-03 05:08:28,14
375,1756,2020-11-03 05:08:28,15
376,1253,2023-08-14 20:09:12,1
376,1485,2023-08-14 20:09:12,2
376,2373,2023-08-14 20:09:12,3
376,2206,2023-08-14 20:09:12,4
376,1904,2023-08-14 20:09:12,5
376,556,2023-08-14 20:09:12,6
376,2579,2023-08-14 20:09:12,7
376,1137,2023-08-14 20:09:12,8
376,132,2023-08-14 20:09:12,9
376,2304,2023-08-14 20:09:12,10
376,2504,2023-08-14 20:09:12,11
376,2480,2023-08-14 20:09:12,12
376,721,2023-08-14 20:09:12,13
376,441,2023-08-14 20:09:12,14
376,1888,2023-08-14 20:09:12,15
376,1981,2023-08-14 20:09:12,16
376,2606,2023-08-14 20:09:12,17
376,771,2023-08-14 20:09:12,18
376,1347,2023-08-14 20:09:12,19
376,381,2023-08-14 20:09:12,20
376,1715,2023-08-14 20:09:12,21
376,1641,2023-08-14 20:09:12,22
376,2082,2023-08-14 20:09:12,23
376,264,2023-08-14 20:09:12,24
376,273,2023-08-14 20:09:12,25
376,845,2023-08-14 20:09:12,26
376,884,2023-08-14 20:09:12,27
377,1928,2024-06-13 03:05:46,1
377,787,2024-06-13 03:05:46,2
377,1757,2024-06-13 03:05:46,3
377,1855,2024-06-13 03:05:46,4
377,118,2024-06-13 03:05:46,5
377,1959,2024-06-13 03:05:46,6
377,558,2024-06-13 03:05:46,7
377,496,2024-06-13 03:05:46,8
377,1962,2024-06-13 03:05:46,9
377,928,2024-06-13 03:05:46,10
377,1204,2024-06-13 03:05:46,11
377,46,2024-06-13 03:05:46,12
377,739,2024-06-13 03:05:46,13
377,1252,2024-06-13 03:05:46,14
377,544,2024-06-13 03:05:46,15
377,704,2024-06-13 03:05:46,16
377,2648,2024-06-13 03:05:46,17
377,700,2024-06-13 03:05:46,18
377,1108,2024-06-13 03:05:46,19
377,386,2024-06-13 03:05:46,20
377,2527,2024-06-13 03:05:46,21
377,2152,2024-06-13 03:05:46,22
377,941,2024-06-13 03:05:46,23
377,252,2024-06-13 03:05:46,24
378,1007,2020-09-14 20:56:30,1
378,758,2020-09-14 20:56:30,2
378,962,2020-09-14 20:56:30,3
378,1778,2020-09-14 20:56:30,4
378,1281,2020-09-14 20:56:30,5
378,1264,2020-09-14 20:56:30,6
378,60,2020-09-14 20:56:30,7
378,386,2020-09-14 20:56:30,8
378,2230,2020-09-14 20:56:30,9
378,410,2020-09-14 20:56:30,10
378,1270,2020-09-14 20:56:30,11
378,1189,2020-09-14 20:56:30,12
378,1100,2020-09-14 20:56:30,13
378,689,2020-09-14 20:56:30,14
378,1215,2020-09-14 20:56:30,15
378,2265,2020-09-14 20:56:30,16
378,1109,2020-09-14 20:56:30,17
378,637,2020-09-14 20:56:30,18
379,127,2025-06-05 19:17:32,1
379,645,2025-06-05 19:17:32,2
379,1145,2025-06-05 19:17:32,3
379,1003,2025-06-05 19:17:32,4
379,1507,2025-06-05 19:17:32,5
379,30,2025-06-05 19:17:32,6
379,2462,2025-06-05 19:17:32,7
379,1261,2025-06-05 19:17:32,8
379,1800,2025-06-05 19:17:32,9
379,1685,2025-06-05 19:17:32,10
379,1438,2025-06-05 19:17:32,11
379,373,2025-06-05 19:17:32,12
379,484,2025-06-05 19:17:32,13
379,2109,2025-06-05 19:17:32,14
379,1745,2025-06-05 19:17:32,15
379,267,2025-06-05 19:17:32,16
379,1378,2025-06-05 19:17:32,17
379,1707,2025-06-05 19:17:32,18
379,1123,2025-06-05 19:17:32,19
379,34,2025-06-05 19:17:32,20
379,2510,2025-06-05 19:17:32,21
379,2360,2025-06-05 19:17:32,22
379,1168,2025-06-05 19:17:32,23
379,423,2025-06-05 19:17:32,24
379,1266,2025-06-05 19:17:32,25
379,2028,2025-06-05 19:17:32,26
380,789,2024-06-28 22:41:47,1
380,2544,2024-06-28 22:41:47,2
380,2209,2024-06-28 22:41:47,3
380,2540,2024-06-28 22:41:47,4
380,267,2024-06-28 22:41:47,5
380,1915,2024-06-28 22:41:47,6
380,160,2024-06-28 22:41:47,7
380,1311,2024-06-28 22:41:47,8
380,1275,2024-06-28 22:41:47,9
380,2607,2024-06-28 22:41:47,10
380,550,2024-06-28 22:41:47,11
380,1230,2024-06-28 22:41:47,12
380,1331,2024-06-28 22:41:47,13
380,383,2024-06-28 22:41:47,14
380,2595,2024-06-28 22:41:47,15
380,2555,2024-06-28 22:41:47,16
381,2084,2024-07-24 11:05:53,1
381,734,2024-07-24 11:05:53,2
381,1580,2024-07-24 11:05:53,3
381,312,2024-07-24 11:05:53,4
381,290,2024-07-24 11:05:53,5
381,112,2024-07-24 11:05:53,6
382,818,2024-12-01 03:55:10,1
382,1304,2024-12-01 03:55:10,2
382,1571,2024-12-01 03:55:10,3
382,1309,2024-12-01 03:55:10,4
382,2526,2024-12-01 03:55:10,5
382,1095,2024-12-01 03:55:10,6
382,743,2024-12-01 03:55:10,7
382,2368,2024-12-01 03:55:10,8
382,2432,2024-12-01 03:55:10,9
382,719,2024-12-01 03:55:10,10
382,145,2024-12-01 03:55:10,11
382,2598,2024-12-01 03:55:10,12
382,715,2024-12-01 03:55:10,13
382,991,2024-12-01 03:55:10,14
382,1968,2024-12-01 03:55:10,15
382,1566,2024-12-01 03:55:10,16
382,1564,2024-12-01 03:55:10,17
382,1773,2024-12-01 03:55:10,18
382,2389,2024-12-01 03:55:10,19
382,1735,2024-12-01 03:55:10,20
382,2458,2024-12-01 03:55:10,21
382,710,2024-12-01 03:55:10,22
382,688,2024-12-01 03:55:10,23
382,2335,2024-12-01 03:55:10,24
382,1422,2024-12-01 03:55:10,25
383,950,2024-03-07 14:37:27,1
383,2201,2024-03-07 14:37:27,2
383,1572,2024-03-07 14:37:27,3
383,383,2024-03-07 14:37:27,4
383,2330,2024-03-07 14:37:27,5
383,1025,2024-03-07 14:37:27,6
383,381,2024-03-07 14:37:27,7
383,268,2024-03-07 14:37:27,8
383,2561,2024-03-07 14:37:27,9
383,2220,2024-03-07 14:37:27,10
383,786,2024-03-07 14:37:27,11
383,2494,2024-03-07 14:37:27,12
384,67,2020-09-04 21:18:11,1
384,2545,2020-09-04 21:18:11,2
384,945,2020-09-04 21:18:11,3
384,1252,2020-09-04 21:18:11,4
384,520,2020-09-04 21:18:11,5
384,1149,2020-09-04 21:18:11,6
384,2585,2020-09-04 21:18:11,7
384,610,2020-09-04 21:18:11,8
384,1205,2020-09-04 21:18:11,9
384,10,2020-09-04 21:18:11,10
384,1551,2020-09-04 21:18:11,11
384,1740,2020-09-04 21:18:11,12
384,728,2020-09-04 21:18:11,13
384,2099,2020-09-04 21:18:11,14
384,770,2020-09-04 21:18:11,15
384,1107,2020-09-04 21:18:11,16
384,1680,2020-09-04 21:18:11,17
384,784,2020-09-04 21:18:11,18
384,826,2020-09-04 21:18:11,19
384,1229,2020-09-04 21:18:11,20
384,2120,2020-09-04 21:18:11,21
384,2207,2020-09-04 21:18:11,22
384,2477,2020-09-04 21:18:11,23
384,943,2020-09-04 21:18:11,24
384,976,2020-09-04 21:18:11,25
384,1055,2020-09-04 21:18:11,26
385,1936,2020-02-05 06:48:11,1
385,1520,2020-02-05 06:48:11,2
385,420,2020-02-05 06:48:11,3
385,2158,2020-02-05 06:48:11,4
385,1562,2020-02-05 06:48:11,5
385,1787,2020-02-05 06:48:11,6
385,2508,2020-02-05 06:48:11,7
385,1043,2020-02-05 06:48:11,8
385,153,2020-02-05 06:48:11,9
385,2080,2020-02-05 06:48:11,10
385,1781,2020-02-05 06:48:11,11
386,1483,2025-04-01 13:24:17,1
386,1180,2025-04-01 13:24:17,2
386,720,2025-04-01 13:24:17,3
386,1165,2025-04-01 13:24:17,4
386,1021,2025-04-01 13:24:17,5
386,2303,2025-04-01 13:24:17,6
386,724,2025-04-01 13:24:17,7
386,1572,2025-04-01 13:24:17,8
386,2541,2025-04-01 13:24:17,9
386,548,2025-04-01 13:24:17,10
386,2272,2025-04-01 13:24:17,11
386,1351,2025-04-01 13:24:17,12
386,1408,2025-04-01 13:24:17,13
386,86,2025-04-01 13:24:17,14
386,1843,2025-04-01 13:24:17,15
386,1102,2025-04-01 13:24:17,16
386,837,2025-04-01 13:24:17,17
386,1393,2025-04-01 13:24:17,18
386,89,2025-04-01 13:24:17,19
386,2366,2025-04-01 13:24:17,20
386,1423,2025-04-01 13:24:17,21
386,669,2025-04-01 13:24:17,22
386,2292,2025-04-01 13:24:17,23
386,2596,2025-04-01 13:24:17,24
386,2143,2025-04-01 13:24:17,25
386,2546,2025-04-01 13:24:17,26
386,1529,2025-04-01 13:24:17,27
386,2494,2025-04-01 13:24:17,28
386,1115,2025-04-01 13:24:17,29
387,2587,2024-11-14 19:26:13,1
387,34,2024-11-14 19:26:13,2
387,1019,2024-11-14 19:26:13,3
387,2332,2024-11-14 19:26:13,4
387,1749,2024-11-14 19:26:13,5
387,2479,2024-11-14 19:26:13,6
387,1729,2024-11-14 19:26:13,7
387,1161,2024-11-14 19:26:13,8
387,1339,2024-11-14 19:26:13,9
387,859,2024-11-14 19:26:13,10
387,1322,2024-11-14 19:26:13,11
387,2462,2024-11-14 19:26:13,12
387,394,2024-11-14 19:26:13,13
387,1927,2024-11-14 19:26:13,14
387,1659,2024-11-14 19:26:13,15
387,1345,2024-11-14 19:26:13,16
387,184,2024-11-14 19:26:13,17
387,1060,2024-11-14 19:26:13,18
387,1876,2024-11-14 19:26:13,19
387,511,2024-11-14 19:26:13,20
388,2251,2020-11-23 08:40:09,1
388,2143,2020-11-23 08:40:09,2
388,825,2020-11-23 08:40:09,3
388,19,2020-11-23 08:40:09,4
388,155,2020-11-23 08:40:09,5
388,2425,2020-11-23 08:40:09,6
388,2412,2020-11-23 08:40:09,7
388,1394,2020-11-23 08:40:09,8
388,1123,2020-11-23 08:40:09,9
388,559,2020-11-23 08:40:09,10
388,2255,2020-11-23 08:40:09,11
388,2084,2020-11-23 08:40:09,12
388,1866,2020-11-23 08:40:09,13
388,870,2020-11-23 08:40:09,14
388,1126,2020-11-23 08:40:09,15
388,1167,2020-11-23 08:40:09,16
388,2501,2020-11-23 08:40:09,17
388,2643,2020-11-23 08:40:09,18
388,1647,2020-11-23 08:40:09,19
388,1546,2020-11-23 08:40:09,20
388,2115,2020-11-23 08:40:09,21
388,1777,2020-11-23 08:40:09,22
388,1761,2020-11-23 08:40:09,23
388,1844,2020-11-23 08:40:09,24
388,2413,2020-11-23 08:40:09,25
388,2208,2020-11-23 08:40:09,26
388,2504,2020-11-23 08:40:09,27
388,2374,2020-11-23 08:40:09,28
388,1058,2020-11-23 08:40:09,29
388,1872,2020-11-23 08:40:09,30
389,1674,2024-11-27 23:06:46,1
389,437,2024-11-27 23:06:46,2
389,1875,2024-11-27 23:06:46,3
389,2632,2024-11-27 23:06:46,4
389,92,2024-11-27 23:06:46,5
390,2394,2021-04-04 05:17:08,1
390,211,2021-04-04 05:17:08,2
390,349,2021-04-04 05:17:08,3
390,1069,2021-04-04 05:17:08,4
390,2545,2021-04-04 05:17:08,5
390,1804,2021-04-04 05:17:08,6
390,337,2021-04-04 05:17:08,7
390,331,2021-04-04 05:17:08,8
390,108,2021-04-04 05:17:08,9
390,881,2021-04-04 05:17:08,10
390,2145,2021-04-04 05:17:08,11
390,1068,2021-04-04 05:17:08,12
390,1836,2021-04-04 05:17:08,13
390,421,2021-04-04 05:17:08,14
390,1380,2021-04-04 05:17:08,15
390,1607,2021-04-04 05:17:08,16
390,1968,2021-04-04 05:17:08,17
390,1469,2021-04-04 05:17:08,18
391,1771,2023-08-07 02:04:06,1
391,1335,2023-08-07 02:04:06,2
391,1,2023-08-07 02:04:06,3
391,1388,2023-08-07 02:04:06,4
391,314,2023-08-07 02:04:06,5
391,2224,2023-08-07 02:04:06,6
391,2070,2023-08-07 02:04:06,7
391,1731,2023-08-07 02:04:06,8
391,82,2023-08-07 02:04:06,9
391,393,2023-08-07 02:04:06,10
391,1575,2023-08-07 02:04:06,11
391,2013,2023-08-07 02:04:06,12
391,1199,2023-08-07 02:04:06,13
391,1069,2023-08-07 02:04:06,14
391,2306,2023-08-07 02:04:06,15
391,741,2023-08-07 02:04:06,16
391,838,2023-08-07 02:04:06,17
391,1164,2023-08-07 02:04:06,18
392,850,2021-11-17 15:47:10,1
392,1508,2021-11-17 15:47:10,2
392,2502,2021-11-17 15:47:10,3
392,2621,2021-11-17 15:47:10,4
392,1782,2021-11-17 15:47:10,5
392,2358,2021-11-17 15:47:10,6
392,2119,2021-11-17 15:47:10,7
392,1343,2021-11-17 15:47:10,8
392,77,2021-11-17 15:47:10,9
392,1140,2021-11-17 15:47:10,10
392,1328,2021-11-17 15:47:10,11
392,69,2021-11-17 15:47:10,12
392,2645,2021-11-17 15:47:10,13
392,1373,2021-11-17 15:47:10,14
392,1676,2021-11-17 15:47:10,15
392,1674,2021-11-17 15:47:10,16
392,2362,2021-11-17 15:47:10,17
392,940,2021-11-17 15:47:10,18
392,1985,2021-11-17 15:47:10,19
392,1406,2021-11-17 15:47:10,20
392,1274,2021-11-17 15:47:10,21
392,187,2021-11-17 15:47:10,22
392,556,2021-11-17 15:47:10,23
392,1083,2021-11-17 15:47:10,24
392,729,2021-11-17 15:47:10,25
392,2298,2021-11-17 15:47:10,26
392,1781,2021-11-17 15:47:10,27
393,1932,2025-05-05 03:22:55,1
393,2200,2025-05-05 03:22:55,2
393,2408,2025-05-05 03:22:55,3
393,688,2025-05-05 03:22:55,4
393,1357,2025-05-05 03:22:55,5
393,1826,2025-05-05 03:22:55,6
393,510,2025-05-05 03:22:55,7
394,137,2024-04-16 17:08:54,1
394,533,2024-04-16 17:08:54,2
394,1354,2024-04-16 17:08:54,3
394,229,2024-04-16 17:08:54,4
394,986,2024-04-16 17:08:54,5
394,2208,2024-04-16 17:08:54,6
394,1326,2024-04-16 17:08:54,7
394,2010,2024-04-16 17:08:54,8
394,1753,2024-04-16 17:08:54,9
394,707,2024-04-16 17:08:54,10
394,1542,2024-04-16 17:08:54,11
394,1233,2024-04-16 17:08:54,12
394,2107,2024-04-16 17:08:54,13
394,293,2024-04-16 17:08:54,14
395,1685,2023-12-14 17:00:38,1
395,1022,2023-12-14 17:00:38,2
395,2119,2023-12-14 17:00:38,3
395,2650,2023-12-14 17:00:38,4
395,1178,2023-12-14 17:00:38,5
395,2347,2023-12-14 17:00:38,6
395,1002,2023-12-14 17:00:38,7
395,1668,2023-12-14 17:00:38,8
395,2291,2023-12-14 17:00:38,9
395,213,2023-12-14 17:00:38,10
395,1579,2023-12-14 17:00:38,11
395,803,2023-12-14 17:00:38,12
395,1324,2023-12-14 17:00:38,13
395,2098,2023-12-14 17:00:38,14
395,1437,2023-12-14 17:00:38,15
395,905,2023-12-14 17:00:38,16
395,78,2023-12-14 17:00:38,17
395,347,2023-12-14 17:00:38,18
395,90,2023-12-14 17:00:38,19
395,326,2023-12-14 17:00:38,20
395,579,2023-12-14 17:00:38,21
395,1800,2023-12-14 17:00:38,22
395,2250,2023-12-14 17:00:38,23
395,2368,2023-12-14 17:00:38,24
395,1546,2023-12-14 17:00:38,25
396,1366,2025-09-09 07:28:49,1
396,345,2025-09-09 07:28:49,2
396,2501,2025-09-09 07:28:49,3
396,854,2025-09-09 07:28:49,4
396,7,2025-09-09 07:28:49,5
396,1205,2025-09-09 07:28:49,6
396,2633,2025-09-09 07:28:49,7
396,2064,2025-09-09 07:28:49,8
396,1511,2025-09-09 07:28:49,9
396,604,2025-09-09 07:28:49,10
396,2006,2025-09-09 07:28:49,11
396,1883,2025-09-09 07:28:49,12
396,1435,2025-09-09 07:28:49,13
396,2148,2025-09-09 07:28:49,14
396,1541,2025-09-09 07:28:49,15
396,1945,2025-09-09 07:28:49,16
396,200,2025-09-09 07:28:49,17
396,886,2025-09-09 07:28:49,18
396,1587,2025-09-09 07:28:49,19
396,1342,2025-09-09 07:28:49,20
396,1700,2025-09-09 07:28:49,21
396,601,2025-09-09 07:28:49,22
396,212,2025-09-09 07:28:49,23
396,796,2025-09-09 07:28:49,24
397,1731,2025-09-22 23:27:46,1
397,884,2025-09-22 23:27:46,2
397,1040,2025-09-22 23:27:46,3
397,1246,2025-09-22 23:27:46,4
397,1153,2025-09-22 23:27:46,5
397,866,2025-09-22 23:27:46,6
397,2576,2025-09-22 23:27:46,7
397,2438,2025-09-22 23:27:46,8
397,1058,2025-09-22 23:27:46,9
397,1651,2025-09-22 23:27:46,10
397,2084,2025-09-22 23:27:46,11
397,2449,2025-09-22 23:27:46,12
397,1547,2025-09-22 23:27:46,13
397,1002,2025-09-22 23:27:46,14
397,953,2025-09-22 23:27:46,15
397,430,2025-09-22 23:27:46,16
397,2201,2025-09-22 23:27:46,17
397,295,2025-09-22 23:27:46,18
397,617,2025-09-22 23:27:46,19
397,804,2025-09-22 23:27:46,20
397,911,2025-09-22 23:27:46,21
397,1519,2025-09-22 23:27:46,22
397,1802,2025-09-22 23:27:46,23
397,1728,2025-09-22 23:27:46,24
397,364,2025-09-22 23:27:46,25
397,1953,2025-09-22 23:27:46,26
397,196,2025-09-22 23:27:46,27
397,1838,2025-09-22 23:27:46,28
398,509,2021-01-12 14:31:14,1
398,1829,2021-01-12 14:31:14,2
398,1235,2021-01-12 14:31:14,3
398,1147,2021-01-12 14:31:14,4
398,1464,2021-01-12 14:31:14,5
398,1889,2021-01-12 14:31:14,6
398,1891,2021-01-12 14:31:14,7
398,1754,2021-01-12 14:31:14,8
398,709,2021-01-12 14:31:14,9
398,1694,2021-01-12 14:31:14,10
398,557,2021-01-12 14:31:14,11
398,1590,2021-01-12 14:31:14,12
399,1608,2024-12-20 22:57:33,1
399,1821,2024-12-20 22:57:33,2
399,2205,2024-12-20 22:57:33,3
399,1283,2024-12-20 22:57:33,4
399,169,2024-12-20 22:57:33,5
399,2087,2024-12-20 22:57:33,6
399,2516,2024-12-20 22:57:33,7
399,2271,2024-12-20 22:57:33,8
399,2480,2024-12-20 22:57:33,9
399,2001,2024-12-20 22:57:33,10
399,2032,2024-12-20 22:57:33,11
399,1086,2024-12-20 22:57:33,12
400,2031,2022-02-11 10:26:05,1
400,1534,2022-02-11 10:26:05,2
400,2512,2022-02-11 10:26:05,3
400,1117,2022-02-11 10:26:05,4
400,1175,2022-02-11 10:26:05,5
400,981,2022-02-11 10:26:05,6
400,1169,2022-02-11 10:26:05,7
400,2058,2022-02-11 10:26:05,8
400,1370,2022-02-11 10:26:05,9
400,567,2022-02-11 10:26:05,10
400,2407,2022-02-11 10:26:05,11
400,1451,2022-02-11 10:26:05,12
400,780,2022-02-11 10:26:05,13
400,1828,2022-02-11 10:26:05,14
400,1883,2022-02-11 10:26:05,15
400,1040,2022-02-11 10:26:05,16
400,113,2022-02-11 10:26:05,17
400,984,2022-02-11 10:26:05,18
400,1951,2022-02-11 10:26:05,19
400,1595,2022-02-11 10:26:05,20
400,1908,2022-02-11 10:26:05,21
400,1720,2022-02-11 10:26:05,22
400,2284,2022-02-11 10:26:05,23
400,1947,2022-02-11 10:26:05,24
400,1153,2022-02-11 10:26:05,25
400,103,2022-02-11 10:26:05,26
400,1087,2022-02-11 10:26:05,27
400,616,2022-02-11 10:26:05,28
400,93,2022-02-11 10:26:05,29
400,1967,2022-02-11 10:26:05,30
401,1914,2024-11-16 19:39:03,1
401,1453,2024-11-16 19:39:03,2
401,330,2024-11-16 19:39:03,3
401,1263,2024-11-16 19:39:03,4
401,2445,2024-11-16 19:39:03,5
401,1824,2024-11-16 19:39:03,6
401,1437,2024-11-16 19:39:03,7
401,819,2024-11-16 19:39:03,8
401,1221,2024-11-16 19:39:03,9
401,362,2024-11-16 19:39:03,10
401,312,2024-11-16 19:39:03,11
401,1299,2024-11-16 19:39:03,12
401,1930,2024-11-16 19:39:03,13
401,851,2024-11-16 19:39:03,14
401,852,2024-11-16 19:39:03,15
401,244,2024-11-16 19:39:03,16
401,2548,2024-11-16 19:39:03,17
401,2410,2024-11-16 19:39:03,18
402,133,2021-02-21 13:40:23,1
402,2636,2021-02-21 13:40:23,2
402,191,2021-02-21 13:40:23,3
402,2339,2021-02-21 13:40:23,4
402,1138,2021-02-21 13:40:23,5
402,138,2021-02-21 13:40:23,6
403,1676,2021-01-11 17:59:37,1
403,1527,2021-01-11 17:59:37,2
403,1632,2021-01-11 17:59:37,3
403,1463,2021-01-11 17:59:37,4
403,2074,2021-01-11 17:59:37,5
403,615,2021-01-11 17:59:37,6
403,992,2021-01-11 17:59:37,7
403,1190,2021-01-11 17:59:37,8
403,1079,2021-01-11 17:59:37,9
403,1407,2021-01-11 17:59:37,10
403,1001,2021-01-11 17:59:37,11
403,2152,2021-01-11 17:59:37,12
403,1367,2021-01-11 17:59:37,13
403,1732,2021-01-11 17:59:37,14
403,1497,2021-01-11 17:59:37,15
403,1008,2021-01-11 17:59:37,16
403,1401,2021-01-11 17:59:37,17
403,739,2021-01-11 17:59:37,18
403,821,2021-01-11 17:59:37,19
403,534,2021-01-11 17:59:37,20
403,1686,2021-01-11 17:59:37,21
403,1761,2021-01-11 17:59:37,22
403,131,2021-01-11 17:59:37,23
403,2586,2021-01-11 17:59:37,24
403,56,2021-01-11 17:59:37,25
403,151,2021-01-11 17:59:37,26
403,1066,2021-01-11 17:59:37,27
403,1911,2021-01-11 17:59:37,28
403,119,2021-01-11 17:59:37,29
403,2338,2021-01-11 17:59:37,30
404,323,2023-08-18 08:59:55,1
404,288,2023-08-18 08:59:55,2
404,246,2023-08-18 08:59:55,3
404,1006,2023-08-18 08:59:55,4
404,1261,2023-08-18 08:59:55,5
404,2396,2023-08-18 08:59:55,6
404,1482,2023-08-18 08:59:55,7
404,1727,2023-08-18 08:59:55,8
404,319,2023-08-18 08:59:55,9
404,2458,2023-08-18 08:59:55,10
404,2449,2023-08-18 08:59:55,11
404,2056,2023-08-18 08:59:55,12
404,2326,2023-08-18 08:59:55,13
404,2424,2023-08-18 08:59:55,14
404,1635,2023-08-18 08:59:55,15
404,1288,2023-08-18 08:59:55,16
404,330,2023-08-18 08:59:55,17
404,356,2023-08-18 08:59:55,18
404,2244,2023-08-18 08:59:55,19
404,417,2023-08-18 08:59:55,20
404,1304,2023-08-18 08:59:55,21
404,2058,2023-08-18 08:59:55,22
404,881,2023-08-18 08:59:55,23
404,1835,2023-08-18 08:59:55,24
404,1134,2023-08-18 08:59:55,25
404,1646,2023-08-18 08:59:55,26
404,1747,2023-08-18 08:59:55,27
404,314,2023-08-18 08:59:55,28
405,1256,2020-07-02 12:38:18,1
405,1927,2020-07-02 12:38:18,2
405,1838,2020-07-02 12:38:18,3
405,1742,2020-07-02 12:38:18,4
405,381,2020-07-02 12:38:18,5
405,2092,2020-07-02 12:38:18,6
405,2634,2020-07-02 12:38:18,7
405,2654,2020-07-02 12:38:18,8
405,1673,2020-07-02 12:38:18,9
405,2094,2020-07-02 12:38:18,10
405,1995,2020-07-02 12:38:18,11
405,1,2020-07-02 12:38:18,12
405,1150,2020-07-02 12:38:18,13
405,1891,2020-07-02 12:38:18,14
406,2391,2024-07-20 05:20:53,1
406,1686,2024-07-20 05:20:53,2
406,1638,2024-07-20 05:20:53,3
406,1571,2024-07-20 05:20:53,4
406,2243,2024-07-20 05:20:53,5
406,604,2024-07-20 05:20:53,6
406,2516,2024-07-20 05:20:53,7
406,65,2024-07-20 05:20:53,8
406,1528,2024-07-20 05:20:53,9
406,546,2024-07-20 05:20:53,10
406,1511,2024-07-20 05:20:53,11
406,1656,2024-07-20 05:20:53,12
406,1406,2024-07-20 05:20:53,13
406,2460,2024-07-20 05:20:53,14
406,2401,2024-07-20 05:20:53,15
406,1536,2024-07-20 05:20:53,16
406,69,2024-07-20 05:20:53,17
406,2158,2024-07-20 05:20:53,18
406,2630,2024-07-20 05:20:53,19
406,2535,2024-07-20 05:20:53,20
406,278,2024-07-20 05:20:53,21
406,1132,2024-07-20 05:20:53,22
406,673,2024-07-20 05:20:53,23
406,954,2024-07-20 05:20:53,24
406,949,2024-07-20 05:20:53,25
406,15,2024-07-20 05:20:53,26
406,740,2024-07-20 05:20:53,27
406,2353,2024-07-20 05:20:53,28
407,762,2024-04-09 13:20:38,1
407,2034,2024-04-09 13:20:38,2
407,1732,2024-04-09 13:20:38,3
407,1171,2024-04-09 13:20:38,4
407,72,2024-04-09 13:20:38,5
407,1293,2024-04-09 13:20:38,6
407,1140,2024-04-09 13:20:38,7
407,1971,2024-04-09 13:20:38,8
407,992,2024-04-09 13:20:38,9
407,2553,2024-04-09 13:20:38,10
407,2192,2024-04-09 13:20:38,11
407,1730,2024-04-09 13:20:38,12
407,716,2024-04-09 13:20:38,13
407,638,2024-04-09 13:20:38,14
407,275,2024-04-09 13:20:38,15
407,1038,2024-04-09 13:20:38,16
407,225,2024-04-09 13:20:38,17
407,1453,2024-04-09 13:20:38,18
407,276,2024-04-09 13:20:38,19
407,886,2024-04-09 13:20:38,20
407,362,2024-04-09 13:20:38,21
407,2179,2024-04-09 13:20:38,22
407,1592,2024-04-09 13:20:38,23
407,1541,2024-04-09 13:20:38,24
407,133,2024-04-09 13:20:38,25
407,1263,2024-04-09 13:20:38,26
407,1985,2024-04-09 13:20:38,27
408,1848,2020-05-12 17:10:22,1
408,998,2020-05-12 17:10:22,2
408,874,2020-05-12 17:10:22,3
408,2261,2020-05-12 17:10:22,4
408,2420,2020-05-12 17:10:22,5
408,370,2020-05-12 17:10:22,6
408,1038,2020-05-12 17:10:22,7
408,1859,2020-05-12 17:10:22,8
408,2050,2020-05-12 17:10:22,9
408,1391,2020-05-12 17:10:22,10
408,687,2020-05-12 17:10:22,11
408,1070,2020-05-12 17:10:22,12
408,1865,2020-05-12 17:10:22,13
408,1226,2020-05-12 17:10:22,14
409,526,2021-02-25 09:13:54,1
409,11,2021-02-25 09:13:54,2
409,770,2021-02-25 09:13:54,3
409,1341,2021-02-25 09:13:54,4
409,2481,2021-02-25 09:13:54,5
409,1076,2021-02-25 09:13:54,6
409,1156,2021-02-25 09:13:54,7
409,423,2021-02-25 09:13:54,8
409,69,2021-02-25 09:13:54,9
409,682,2021-02-25 09:13:54,10
409,926,2021-02-25 09:13:54,11
409,2067,2021-02-25 09:13:54,12
409,1970,2021-02-25 09:13:54,13
409,2643,2021-02-25 09:13:54,14
410,1464,2021-10-03 20:01:31,1
410,337,2021-10-03 20:01:31,2
410,2201,2021-10-03 20:01:31,3
410,1665,2021-10-03 20:01:31,4
410,1695,2021-10-03 20:01:31,5
410,1271,2021-10-03 20:01:31,6
410,2036,2021-10-03 20:01:31,7
410,1963,2021-10-03 20:01:31,8
410,1239,2021-10-03 20:01:31,9
410,392,2021-10-03 20:01:31,10
410,835,2021-10-03 20:01:31,11
410,370,2021-10-03 20:01:31,12
411,1502,2022-12-02 10:39:05,1
411,313,2022-12-02 10:39:05,2
411,2071,2022-12-02 10:39:05,3
411,770,2022-12-02 10:39:05,4
411,36,2022-12-02 10:39:05,5
411,579,2022-12-02 10:39:05,6
411,1456,2022-12-02 10:39:05,7
411,2106,2022-12-02 10:39:05,8
411,1532,2022-12-02 10:39:05,9
411,802,2022-12-02 10:39:05,10
411,1096,2022-12-02 10:39:05,11
412,1304,2024-07-07 12:58:58,1
412,2190,2024-07-07 12:58:58,2
412,322,2024-07-07 12:58:58,3
412,1431,2024-07-07 12:58:58,4
412,861,2024-07-07 12:58:58,5
412,2548,2024-07-07 12:58:58,6
412,2160,2024-07-07 12:58:58,7
412,2204,2024-07-07 12:58:58,8
412,1494,2024-07-07 12:58:58,9
412,2613,2024-07-07 12:58:58,10
412,688,2024-07-07 12:58:58,11
412,488,2024-07-07 12:58:58,12
412,2003,2024-07-07 12:58:58,13
412,2255,2024-07-07 12:58:58,14
412,2468,2024-07-07 12:58:58,15
412,1343,2024-07-07 12:58:58,16
412,1408,2024-07-07 12:58:58,17
412,2551,2024-07-07 12:58:58,18
413,2540,2023-03-23 20:50:12,1
413,238,2023-03-23 20:50:12,2
413,2365,2023-03-23 20:50:12,3
413,2141,2023-03-23 20:50:12,4
413,1244,2023-03-23 20:50:12,5
413,312,2023-03-23 20:50:12,6
413,700,2023-03-23 20:50:12,7
413,2270,2023-03-23 20:50:12,8
413,1537,2023-03-23 20:50:12,9
413,1353,2023-03-23 20:50:12,10
413,1479,2023-03-23 20:50:12,11
413,2126,2023-03-23 20:50:12,12
413,454,2023-03-23 20:50:12,13
413,1544,2023-03-23 20:50:12,14
413,1888,2023-03-23 20:50:12,15
413,1414,2023-03-23 20:50:12,16
413,2543,2023-03-23 20:50:12,17
413,729,2023-03-23 20:50:12,18
413,882,2023-03-23 20:50:12,19
413,2204,2023-03-23 20:50:12,20
413,842,2023-03-23 20:50:12,21
413,398,2023-03-23 20:50:12,22
413,2407,2023-03-23 20:50:12,23
413,903,2023-03-23 20:50:12,24
413,1275,2023-03-23 20:50:12,25
413,2182,2023-03-23 20:50:12,26
413,2343,2023-03-23 20:50:12,27
413,376,2023-03-23 20:50:12,28
413,2244,2023-03-23 20:50:12,29
413,169,2023-03-23 20:50:12,30
414,228,2023-09-28 15:08:38,1
414,804,2023-09-28 15:08:38,2
414,2183,2023-09-28 15:08:38,3
414,267,2023-09-28 15:08:38,4
414,1058,2023-09-28 15:08:38,5
414,1578,2023-09-28 15:08:38,6
414,775,2023-09-28 15:08:38,7
414,1062,2023-09-28 15:08:38,8
414,521,2023-09-28 15:08:38,9
414,2486,2023-09-28 15:08:38,10
414,709,2023-09-28 15:08:38,11
414,1277,2023-09-28 15:08:38,12
414,644,2023-09-28 15:08:38,13
414,422,2023-09-28 15:08:38,14
414,2492,2023-09-28 15:08:38,15
414,1516,2023-09-28 15:08:38,16
414,2353,2023-09-28 15:08:38,17
414,1898,2023-09-28 15:08:38,18
414,992,2023-09-28 15:08:38,19
414,214,2023-09-28 15:08:38,20
414,2407,2023-09-28 15:08:38,21
414,417,2023-09-28 15:08:38,22
414,711,2023-09-28 15:08:38,23
414,260,2023-09-28 15:08:38,24
414,2110,2023-09-28 15:08:38,25
414,1288,2023-09-28 15:08:38,26
414,634,2023-09-28 15:08:38,27
414,1935,2023-09-28 15:08:38,28
415,1210,2025-11-14 09:34:23,1
415,372,2025-11-14 09:34:23,2
415,357,2025-11-14 09:34:23,3
415,1212,2025-11-14 09:34:23,4
415,1645,2025-11-14 09:34:23,5
415,361,2025-11-14 09:34:23,6
415,806,2025-11-14 09:34:23,7
415,1022,2025-11-14 09:34:23,8
415,344,2025-11-14 09:34:23,9
415,1362,2025-11-14 09:34:23,10
415,2627,2025-11-14 09:34:23,11
416,1485,2023-05-30 16:29:38,1
416,802,2023-05-30 16:29:38,2
416,222,2023-05-30 16:29:38,3
416,258,2023-05-30 16:29:38,4
416,1314,2023-05-30 16:29:38,5
416,916,2023-05-30 16:29:38,6
416,160,2023-05-30 16:29:38,7
416,778,2023-05-30 16:29:38,8
416,242,2023-05-30 16:29:38,9
416,1259,2023-05-30 16:29:38,10
416,1216,2023-05-30 16:29:38,11
416,43,2023-05-30 16:29:38,12
416,1843,2023-05-30 16:29:38,13
416,1807,2023-05-30 16:29:38,14
416,2183,2023-05-30 16:29:38,15
416,361,2023-05-30 16:29:38,16
417,409,2021-10-11 07:06:37,1
417,195,2021-10-11 07:06:37,2
417,2526,2021-10-11 07:06:37,3
417,1669,2021-10-11 07:06:37,4
417,1477,2021-10-11 07:06:37,5
417,2515,2021-10-11 07:06:37,6
417,2249,2021-10-11 07:06:37,7
417,1242,2021-10-11 07:06:37,8
417,1282,2021-10-11 07:06:37,9
417,1310,2021-10-11 07:06:37,10
417,1871,2021-10-11 07:06:37,11
417,1667,2021-10-11 07:06:37,12
417,1771,2021-10-11 07:06:37,13
417,973,2021-10-11 07:06:37,14
417,1252,2021-10-11 07:06:37,15
417,1334,2021-10-11 07:06:37,16
417,1244,2021-10-11 07:06:37,17
417,491,2021-10-11 07:06:37,18
417,2288,2021-10-11 07:06:37,19
417,753,2021-10-11 07:06:37,20
417,2448,2021-10-11 07:06:37,21
417,2421,2021-10-11 07:06:37,22
417,403,2021-10-11 07:06:37,23
417,580,2021-10-11 07:06:37,24
417,1666,2021-10-11 07:06:37,25
417,2450,2021-10-11 07:06:37,26
418,1398,2025-04-06 04:16:13,1
418,626,2025-04-06 04:16:13,2
418,226,2025-04-06 04:16:13,3
418,1708,2025-04-06 04:16:13,4
418,1257,2025-04-06 04:16:13,5
418,337,2025-04-06 04:16:13,6
418,2532,2025-04-06 04:16:13,7
418,422,2025-04-06 04:16:13,8
418,94,2025-04-06 04:16:13,9
418,1718,2025-04-06 04:16:13,10
418,429,2025-04-06 04:16:13,11
418,1567,2025-04-06 04:16:13,12
418,2625,2025-04-06 04:16:13,13
419,2523,2020-01-23 02:29:16,1
419,383,2020-01-23 02:29:16,2
419,71,2020-01-23 02:29:16,3
419,242,2020-01-23 02:29:16,4
419,2157,2020-01-23 02:29:16,5
419,2607,2020-01-23 02:29:16,6
419,543,2020-01-23 02:29:16,7
419,656,2020-01-23 02:29:16,8
419,1025,2020-01-23 02:29:16,9
419,549,2020-01-23 02:29:16,10
419,506,2020-01-23 02:29:16,11
419,1657,2020-01-23 02:29:16,12
419,2194,2020-01-23 02:29:16,13
419,580,2020-01-23 02:29:16,14
419,1710,2020-01-23 02:29:16,15
419,2063,2020-01-23 02:29:16,16
419,516,2020-01-23 02:29:16,17
420,343,2024-08-18 20:47:24,1
420,2593,2024-08-18 20:47:24,2
420,2045,2024-08-18 20:47:24,3
420,1458,2024-08-18 20:47:24,4
420,2614,2024-08-18 20:47:24,5
420,1648,2024-08-18 20:47:24,6
420,699,2024-08-18 20:47:24,7
420,1561,2024-08-18 20:47:24,8
420,2533,2024-08-18 20:47:24,9
421,1563,2023-02-13 08:28:46,1
421,599,2023-02-13 08:28:46,2
421,125,2023-02-13 08:28:46,3
421,2168,2023-02-13 08:28:46,4
421,793,2023-02-13 08:28:46,5
421,2587,2023-02-13 08:28:46,6
421,1110,2023-02-13 08:28:46,7
421,2034,2023-02-13 08:28:46,8
421,2347,2023-02-13 08:28:46,9
421,354,2023-02-13 08:28:46,10
421,16,2023-02-13 08:28:46,11
421,46,2023-02-13 08:28:46,12
421,1415,2023-02-13 08:28:46,13
421,2330,2023-02-13 08:28:46,14
421,944,2023-02-13 08:28:46,15
421,570,2023-02-13 08:28:46,16
421,2598,2023-02-13 08:28:46,17
421,2595,2023-02-13 08:28:46,18
421,2596,2023-02-13 08:28:46,19
421,1441,2023-02-13 08:28:46,20
421,2017,2023-02-13 08:28:46,21
421,531,2023-02-13 08:28:46,22
421,544,2023-02-13 08:28:46,23
422,2570,2025-08-30 03:08:32,1
422,1868,2025-08-30 03:08:32,2
422,202,2025-08-30 03:08:32,3
422,825,2025-08-30 03:08:32,4
422,647,2025-08-30 03:08:32,5
422,598,2025-08-30 03:08:32,6
422,125,2025-08-30 03:08:32,7
422,191,2025-08-30 03:08:32,8
422,2644,2025-08-30 03:08:32,9
422,1898,2025-08-30 03:08:32,10
422,1095,2025-08-30 03:08:32,11
422,2290,2025-08-30 03:08:32,12
422,1392,2025-08-30 03:08:32,13
422,2522,2025-08-30 03:08:32,14
422,2021,2025-08-30 03:08:32,15
422,528,2025-08-30 03:08:32,16
422,1041,2025-08-30 03:08:32,17
422,784,2025-08-30 03:08:32,18
422,2280,2025-08-30 03:08:32,19
422,1897,2025-08-30 03:08:32,20
422,501,2025-08-30 03:08:32,21
422,593,2025-08-30 03:08:32,22
423,1433,2025-07-14 12:50:22,1
423,362,2025-07-14 12:50:22,2
423,1210,2025-07-14 12:50:22,3
423,1371,2025-07-14 12:50:22,4
423,763,2025-07-14 12:50:22,5
423,184,2025-07-14 12:50:22,6
423,1357,2025-07-14 12:50:22,7
423,2097,2025-07-14 12:50:22,8
423,2632,2025-07-14 12:50:22,9
423,95,2025-07-14 12:50:22,10
423,604,2025-07-14 12:50:22,11
423,2588,2025-07-14 12:50:22,12
423,2114,2025-07-14 12:50:22,13
423,1637,2025-07-14 12:50:22,14
423,66,2025-07-14 12:50:22,15
423,1557,2025-07-14 12:50:22,16
423,180,2025-07-14 12:50:22,17
423,1180,2025-07-14 12:50:22,18
423,2263,2025-07-14 12:50:22,19
423,118,2025-07-14 12:50:22,20
423,711,2025-07-14 12:50:22,21
423,746,2025-07-14 12:50:22,22
423,1074,2025-07-14 12:50:22,23
423,53,2025-07-14 12:50:22,24
424,1469,2023-03-12 20:47:43,1
424,1231,2023-03-12 20:47:43,2
424,1955,2023-03-12 20:47:43,3
424,1080,2023-03-12 20:47:43,4
424,1848,2023-03-12 20:47:43,5
424,1635,2023-03-12 20:47:43,6
424,2487,2023-03-12 20:47:43,7
424,1398,2023-03-12 20:47:43,8
424,171,2023-03-12 20:47:43,9
424,2374,2023-03-12 20:47:43,10
424,96,2023-03-12 20:47:43,11
424,1054,2023-03-12 20:47:43,12
424,342,2023-03-12 20:47:43,13
424,2600,2023-03-12 20:47:43,14
424,2059,2023-03-12 20:47:43,15
424,2394,2023-03-12 20:47:43,16
424,2069,2023-03-12 20:47:43,17
424,1354,2023-03-12 20:47:43,18
425,1607,2024-02-23 02:57:31,1
425,1064,2024-02-23 02:57:31,2
425,837,2024-02-23 02:57:31,3
425,145,2024-02-23 02:57:31,4
425,385,2024-02-23 02:57:31,5
425,1594,2024-02-23 02:57:31,6
425,1349,2024-02-23 02:57:31,7
425,2569,2024-02-23 02:57:31,8
425,1452,2024-02-23 02:57:31,9
425,1768,2024-02-23 02:57:31,10
425,552,2024-02-23 02:57:31,11
425,904,2024-02-23 02:57:31,12
425,2109,2024-02-23 02:57:31,13
425,2290,2024-02-23 02:57:31,14
425,2016,2024-02-23 02:57:31,15
425,2175,2024-02-23 02:57:31,16
425,2084,2024-02-23 02:57:31,17
425,2091,2024-02-23 02:57:31,18
426,1561,2022-12-13 05:07:11,1
426,1424,2022-12-13 05:07:11,2
426,1744,2022-12-13 05:07:11,3
426,2513,2022-12-13 05:07:11,4
426,2554,2022-12-13 05:07:11,5
426,974,2022-12-13 05:07:11,6
426,304,2022-12-13 05:07:11,7
426,844,2022-12-13 05:07:11,8
426,1595,2022-12-13 05:07:11,9
426,215,2022-12-13 05:07:11,10
426,1707,2022-12-13 05:07:11,11
426,2651,2022-12-13 05:07:11,12
426,525,2022-12-13 05:07:11,13
426,566,2022-12-13 05:07:11,14
426,2424,2022-12-13 05:07:11,15
426,95,2022-12-13 05:07:11,16
426,362,2022-12-13 05:07:11,17
426,401,2022-12-13 05:07:11,18
426,793,2022-12-13 05:07:11,19
427,1566,2020-11-10 14:38:29,1
427,38,2020-11-10 14:38:29,2
427,1145,2020-11-10 14:38:29,3
427,1975,2020-11-10 14:38:29,4
427,2414,2020-11-10 14:38:29,5
427,1135,2020-11-10 14:38:29,6
427,1832,2020-11-10 14:38:29,7
427,327,2020-11-10 14:38:29,8
427,2366,2020-11-10 14:38:29,9
427,2521,2020-11-10 14:38:29,10
427,64,2020-11-10 14:38:29,11
427,878,2020-11-10 14:38:29,12
427,2085,2020-11-10 14:38:29,13
427,69,2020-11-10 14:38:29,14
427,850,2020-11-10 14:38:29,15
427,1349,2020-11-10 14:38:29,16
427,497,2020-11-10 14:38:29,17
427,1051,2020-11-10 14:38:29,18
427,2135,2020-11-10 14:38:29,19
427,2404,2020-11-10 14:38:29,20
427,1322,2020-11-10 14:38:29,21
427,1008,2020-11-10 14:38:29,22
428,691,2022-02-03 14:29:46,1
428,2333,2022-02-03 14:29:46,2
428,1188,2022-02-03 14:29:46,3
428,1262,2022-02-03 14:29:46,4
428,301,2022-02-03 14:29:46,5
428,2414,2022-02-03 14:29:46,6
428,500,2022-02-03 14:29:46,7
428,1064,2022-02-03 14:29:46,8
428,1883,2022-02-03 14:29:46,9
428,2308,2022-02-03 14:29:46,10
428,196,2022-02-03 14:29:46,11
428,1482,2022-02-03 14:29:46,12
428,956,2022-02-03 14:29:46,13
428,1261,2022-02-03 14:29:46,14
428,1805,2022-02-03 14:29:46,15
428,525,2022-02-03 14:29:46,16
428,2298,2022-02-03 14:29:46,17
428,981,2022-02-03 14:29:46,18
428,2411,2022-02-03 14:29:46,19
428,1469,2022-02-03 14:29:46,20
428,381,2022-02-03 14:29:46,21
428,1675,2022-02-03 14:29:46,22
429,881,2020-05-12 07:32:31,1
429,2620,2020-05-12 07:32:31,2
429,231,2020-05-12 07:32:31,3
429,2312,2020-05-12 07:32:31,4
429,1358,2020-05-12 07:32:31,5
429,906,2020-05-12 07:32:31,6
429,517,2020-05-12 07:32:31,7
429,1614,2020-05-12 07:32:31,8
429,2022,2020-05-12 07:32:31,9
429,33,2020-05-12 07:32:31,10
429,2280,2020-05-12 07:32:31,11
429,1048,2020-05-12 07:32:31,12
429,2092,2020-05-12 07:32:31,13
429,2118,2020-05-12 07:32:31,14
429,1655,2020-05-12 07:32:31,15
429,2568,2020-05-12 07:32:31,16
429,2166,2020-05-12 07:32:31,17
429,1696,2020-05-12 07:32:31,18
429,1359,2020-05-12 07:32:31,19
429,1557,2020-05-12 07:32:31,20
430,612,2024-04-27 11:33:26,1
430,2429,2024-04-27 11:33:26,2
430,684,2024-04-27 11:33:26,3
430,1506,2024-04-27 11:33:26,4
430,2191,2024-04-27 11:33:26,5
430,761,2024-04-27 11:33:26,6
430,651,2024-04-27 11:33:26,7
430,2153,2024-04-27 11:33:26,8
430,675,2024-04-27 11:33:26,9
430,2198,2024-04-27 11:33:26,10
430,7,2024-04-27 11:33:26,11
430,454,2024-04-27 11:33:26,12
430,2159,2024-04-27 11:33:26,13
430,895,2024-04-27 11:33:26,14
430,632,2024-04-27 11:33:26,15
430,1006,2024-04-27 11:33:26,16
430,1530,2024-04-27 11:33:26,17
430,859,2024-04-27 11:33:26,18
430,171,2024-04-27 11:33:26,19
430,1790,2024-04-27 11:33:26,20
430,2089,2024-04-27 11:33:26,21
430,2107,2024-04-27 11:33:26,22
430,1405,2024-04-27 11:33:26,23
430,1750,2024-04-27 11:33:26,24
430,2193,2024-04-27 11:33:26,25
430,1221,2024-04-27 11:33:26,26
430,1731,2024-04-27 11:33:26,27
431,1678,2024-01-05 00:19:53,1
431,2618,2024-01-05 00:19:53,2
431,2029,2024-01-05 00:19:53,3
431,2058,2024-01-05 00:19:53,4
431,76,2024-01-05 00:19:53,5
431,2502,2024-01-05 00:19:53,6
431,1636,2024-01-05 00:19:53,7
431,1141,2024-01-05 00:19:53,8
431,1327,2024-01-05 00:19:53,9
431,2260,2024-01-05 00:19:53,10
431,897,2024-01-05 00:19:53,11
431,1965,2024-01-05 00:19:53,12
431,1102,2024-01-05 00:19:53,13
431,1150,2024-01-05 00:19:53,14
431,2354,2024-01-05 00:19:53,15
431,1334,2024-01-05 00:19:53,16
431,2355,2024-01-05 00:19:53,17
431,1946,2024-01-05 00:19:53,18
431,1372,2024-01-05 00:19:53,19
431,601,2024-01-05 00:19:53,20
432,947,2023-11-20 15:35:53,1
432,1464,2023-11-20 15:35:53,2
432,2606,2023-11-20 15:35:53,3
432,822,2023-11-20 15:35:53,4
432,333,2023-11-20 15:35:53,5
432,1957,2023-11-20 15:35:53,6
432,1321,2023-11-20 15:35:53,7
433,1351,2024-08-19 07:56:42,1
433,2457,2024-08-19 07:56:42,2
433,2575,2024-08-19 07:56:42,3
433,650,2024-08-19 07:56:42,4
433,2061,2024-08-19 07:56:42,5
433,2551,2024-08-19 07:56:42,6
433,2002,2024-08-19 07:56:42,7
433,1125,2024-08-19 07:56:42,8
433,2202,2024-08-19 07:56:42,9
433,1874,2024-08-19 07:56:42,10
433,1133,2024-08-19 07:56:42,11
433,357,2024-08-19 07:56:42,12
433,264,2024-08-19 07:56:42,13
433,2606,2024-08-19 07:56:42,14
433,1193,2024-08-19 07:56:42,15
433,2157,2024-08-19 07:56:42,16
434,641,2023-06-27 09:19:10,1
434,1756,2023-06-27 09:19:10,2
434,1818,2023-06-27 09:19:10,3
434,1324,2023-06-27 09:19:10,4
434,493,2023-06-27 09:19:10,5
434,483,2023-06-27 09:19:10,6
434,2528,2023-06-27 09:19:10,7
434,2535,2023-06-27 09:19:10,8
434,2020,2023-06-27 09:19:10,9
434,1739,2023-06-27 09:19:10,10
434,1054,2023-06-27 09:19:10,11
434,1371,2023-06-27 09:19:10,12
434,918,2023-06-27 09:19:10,13
434,1099,2023-06-27 09:19:10,14
434,2512,2023-06-27 09:19:10,15
434,1665,2023-06-27 09:19:10,16
434,1457,2023-06-27 09:19:10,17
435,1304,2022-02-13 18:40:25,1
435,295,2022-02-13 18:40:25,2
435,1468,2022-02-13 18:40:25,3
435,2627,2022-02-13 18:40:25,4
435,1786,2022-02-13 18:40:25,5
435,1273,2022-02-13 18:40:25,6
435,458,2022-02-13 18:40:25,7
435,2505,2022-02-13 18:40:25,8
435,1652,2022-02-13 18:40:25,9
435,1805,2022-02-13 18:40:25,10
435,2169,2022-02-13 18:40:25,11
435,2453,2022-02-13 18:40:25,12
435,1749,2022-02-13 18:40:25,13
435,974,2022-02-13 18:40:25,14
435,33,2022-02-13 18:40:25,15
435,205,2022-02-13 18:40:25,16
435,2318,2022-02-13 18:40:25,17
435,847,2022-02-13 18:40:25,18
435,1438,2022-02-13 18:40:25,19
435,2066,2022-02-13 18:40:25,20
435,753,2022-02-13 18:40:25,21
435,250,2022-02-13 18:40:25,22
435,452,2022-02-13 18:40:25,23
435,1623,2022-02-13 18:40:25,24
435,786,2022-02-13 18:40:25,25
435,155,2022-02-13 18:40:25,26
435,352,2022-02-13 18:40:25,27
435,1341,2022-02-13 18:40:25,28
435,2358,2022-02-13 18:40:25,29
435,1948,2022-02-13 18:40:25,30
436,2619,2024-06-07 10:28:21,1
436,636,2024-06-07 10:28:21,2
436,707,2024-06-07 10:28:21,3
436,1151,2024-06-07 10:28:21,4
436,593,2024-06-07 10:28:21,5
436,518,2024-06-07 10:28:21,6
436,2148,2024-06-07 10:28:21,7
436,2218,2024-06-07 10:28:21,8
436,881,2024-06-07 10:28:21,9
436,1251,2024-06-07 10:28:21,10
436,2459,2024-06-07 10:28:21,11
436,686,2024-06-07 10:28:21,12
436,1965,2024-06-07 10:28:21,13
436,1563,2024-06-07 10:28:21,14
436,1681,2024-06-07 10:28:21,15
436,2267,2024-06-07 10:28:21,16
436,200,2024-06-07 10:28:21,17
436,2326,2024-06-07 10:28:21,18
436,2575,2024-06-07 10:28:21,19
436,2130,2024-06-07 10:28:21,20
436,1041,2024-06-07 10:28:21,21
436,1786,2024-06-07 10:28:21,22
436,202,2024-06-07 10:28:21,23
436,340,2024-06-07 10:28:21,24
436,2596,2024-06-07 10:28:21,25
437,138,2022-03-02 21:47:00,1
437,1125,2022-03-02 21:47:00,2
437,34,2022-03-02 21:47:00,3
437,836,2022-03-02 21:47:00,4
437,806,2022-03-02 21:47:00,5
437,1229,2022-03-02 21:47:00,6
437,2268,2022-03-02 21:47:00,7
437,21,2022-03-02 21:47:00,8
437,295,2022-03-02 21:47:00,9
437,1367,2022-03-02 21:47:00,10
437,898,2022-03-02 21:47:00,11
437,1797,2022-03-02 21:47:00,12
437,992,2022-03-02 21:47:00,13
437,1535,2022-03-02 21:47:00,14
437,2159,2022-03-02 21:47:00,15
437,1635,2022-03-02 21:47:00,16
437,1640,2022-03-02 21:47:00,17
437,1991,2022-03-02 21:47:00,18
437,428,2022-03-02 21:47:00,19
437,1417,2022-03-02 21:47:00,20
437,1337,2022-03-02 21:47:00,21
438,1117,2020-08-25 19:29:22,1
438,1708,2020-08-25 19:29:22,2
438,65,2020-08-25 19:29:22,3
438,1414,2020-08-25 19:29:22,4
438,1004,2020-08-25 19:29:22,5
438,2400,2020-08-25 19:29:22,6
438,632,2020-08-25 19:29:22,7
438,1610,2020-08-25 19:29:22,8
438,168,2020-08-25 19:29:22,9
438,2520,2020-08-25 19:29:22,10
438,1792,2020-08-25 19:29:22,11
438,1985,2020-08-25 19:29:22,12
438,1095,2020-08-25 19:29:22,13
439,1651,2025-04-20 23:56:19,1
439,2593,2025-04-20 23:56:19,2
439,565,2025-04-20 23:56:19,3
439,2031,2025-04-20 23:56:19,4
439,558,2025-04-20 23:56:19,5
439,197,2025-04-20 23:56:19,6
439,2577,2025-04-20 23:56:19,7
439,1363,2025-04-20 23:56:19,8
439,845,2025-04-20 23:56:19,9
439,1619,2025-04-20 23:56:19,10
439,1225,2025-04-20 23:56:19,11
439,2557,2025-04-20 23:56:19,12
439,2349,2025-04-20 23:56:19,13
439,258,2025-04-20 23:56:19,14
439,439,2025-04-20 23:56:19,15
439,2455,2025-04-20 23:56:19,16
439,628,2025-04-20 23:56:19,17
439,2174,2025-04-20 23:56:19,18
439,1430,2025-04-20 23:56:19,19
439,1675,2025-04-20 23:56:19,20
439,1821,2025-04-20 23:56:19,21
439,2567,2025-04-20 23:56:19,22
439,629,2025-04-20 23:56:19,23
439,2054,2025-04-20 23:56:19,24
439,1493,2025-04-20 23:56:19,25
439,175,2025-04-20 23:56:19,26
439,700,2025-04-20 23:56:19,27
439,351,2025-04-20 23:56:19,28
440,1315,2022-10-01 13:13:04,1
440,891,2022-10-01 13:13:04,2
440,2282,2022-10-01 13:13:04,3
440,1008,2022-10-01 13:13:04,4
440,81,2022-10-01 13:13:04,5
440,2037,2022-10-01 13:13:04,6
440,1860,2022-10-01 13:13:04,7
440,1394,2022-10-01 13:13:04,8
440,1311,2022-10-01 13:13:04,9
440,2249,2022-10-01 13:13:04,10
440,569,2022-10-01 13:13:04,11
440,366,2022-10-01 13:13:04,12
440,651,2022-10-01 13:13:04,13
440,1583,2022-10-01 13:13:04,14
440,748,2022-10-01 13:13:04,15
440,1708,2022-10-01 13:13:04,16
441,892,2022-11-06 01:40:18,1
441,2488,2022-11-06 01:40:18,2
441,1519,2022-11-06 01:40:18,3
441,1629,2022-11-06 01:40:18,4
441,1957,2022-11-06 01:40:18,5
441,2627,2022-11-06 01:40:18,6
441,2098,2022-11-06 01:40:18,7
441,1094,2022-11-06 01:40:18,8
441,1182,2022-11-06 01:40:18,9
441,1620,2022-11-06 01:40:18,10
441,11,2022-11-06 01:40:18,11
441,1827,2022-11-06 01:40:18,12
441,2299,2022-11-06 01:40:18,13
442,92,2023-06-26 13:35:51,1
442,1969,2023-06-26 13:35:51,2
442,1407,2023-06-26 13:35:51,3
442,337,2023-06-26 13:35:51,4
442,2305,2023-06-26 13:35:51,5
442,2333,2023-06-26 13:35:51,6
442,410,2023-06-26 13:35:51,7
442,2487,2023-06-26 13:35:51,8
442,2068,2023-06-26 13:35:51,9
442,265,2023-06-26 13:35:51,10
442,1869,2023-06-26 13:35:51,11
442,1980,2023-06-26 13:35:51,12
442,1535,2023-06-26 13:35:51,13
442,1517,2023-06-26 13:35:51,14
442,281,2023-06-26 13:35:51,15
442,628,2023-06-26 13:35:51,16
442,2346,2023-06-26 13:35:51,17
442,1136,2023-06-26 13:35:51,18
442,1225,2023-06-26 13:35:51,19
442,394,2023-06-26 13:35:51,20
442,1257,2023-06-26 13:35:51,21
442,2475,2023-06-26 13:35:51,22
442,677,2023-06-26 13:35:51,23
442,1389,2023-06-26 13:35:51,24
443,411,2020-05-13 03:24:11,1
443,1760,2020-05-13 03:24:11,2
443,1129,2020-05-13 03:24:11,3
443,2540,2020-05-13 03:24:11,4
443,2218,2020-05-13 03:24:11,5
443,729,2020-05-13 03:24:11,6
443,2130,2020-05-13 03:24:11,7
443,1002,2020-05-13 03:24:11,8
443,2120,2020-05-13 03:24:11,9
443,2639,2020-05-13 03:24:11,10
443,1378,2020-05-13 03:24:11,11
444,2337,2020-04-26 10:13:13,1
444,1950,2020-04-26 10:13:13,2
444,1115,2020-04-26 10:13:13,3
444,1803,2020-04-26 10:13:13,4
444,1823,2020-04-26 10:13:13,5
444,1780,2020-04-26 10:13:13,6
444,1436,2020-04-26 10:13:13,7
444,1554,2020-04-26 10:13:13,8
444,1308,2020-04-26 10:13:13,9
444,2386,2020-04-26 10:13:13,10
444,151,2020-04-26 10:13:13,11
444,1972,2020-04-26 10:13:13,12
444,77,2020-04-26 10:13:13,13
444,1482,2020-04-26 10:13:13,14
444,1336,2020-04-26 10:13:13,15
444,1242,2020-04-26 10:13:13,16
444,2510,2020-04-26 10:13:13,17
444,1079,2020-04-26 10:13:13,18
444,862,2020-04-26 10:13:13,19
444,2616,2020-04-26 10:13:13,20
444,1254,2020-04-26 10:13:13,21
444,912,2020-04-26 10:13:13,22
444,1770,2020-04-26 10:13:13,23
444,2200,2020-04-26 10:13:13,24
444,1929,2020-04-26 10:13:13,25
444,2018,2020-04-26 10:13:13,26
445,1378,2024-08-26 01:03:23,1
445,1682,2024-08-26 01:03:23,2
445,2309,2024-08-26 01:03:23,3
445,716,2024-08-26 01:03:23,4
445,577,2024-08-26 01:03:23,5
445,11,2024-08-26 01:03:23,6
445,2385,2024-08-26 01:03:23,7
445,1089,2024-08-26 01:03:23,8
446,2509,2024-03-03 15:59:20,1
446,221,2024-03-03 15:59:20,2
446,1995,2024-03-03 15:59:20,3
446,1659,2024-03-03 15:59:20,4
446,988,2024-03-03 15:59:20,5
446,1223,2024-03-03 15:59:20,6
446,462,2024-03-03 15:59:20,7
446,1417,2024-03-03 15:59:20,8
446,863,2024-03-03 15:59:20,9
446,1475,2024-03-03 15:59:20,10
446,2432,2024-03-03 15:59:20,11
446,1900,2024-03-03 15:59:20,12
446,1912,2024-03-03 15:59:20,13
446,512,2024-03-03 15:59:20,14
446,209,2024-03-03 15:59:20,15
446,196,2024-03-03 15:59:20,16
446,450,2024-03-03 15:59:20,17
446,505,2024-03-03 15:59:20,18
446,1365,2024-03-03 15:59:20,19
446,2636,2024-03-03 15:59:20,20
446,1034,2024-03-03 15:59:20,21
446,1894,2024-03-03 15:59:20,22
446,1864,2024-03-03 15:59:20,23
446,937,2024-03-03 15:59:20,24
446,1179,2024-03-03 15:59:20,25
446,2518,2024-03-03 15:59:20,26
446,1077,2024-03-03 15:59:20,27
446,985,2024-03-03 15:59:20,28
446,294,2024-03-03 15:59:20,29
447,1075,2022-03-31 09:38:55,1
447,2198,2022-03-31 09:38:55,2
447,1982,2022-03-31 09:38:55,3
447,547,2022-03-31 09:38:55,4
447,709,2022-03-31 09:38:55,5
447,1444,2022-03-31 09:38:55,6
447,1497,2022-03-31 09:38:55,7
447,1919,2022-03-31 09:38:55,8
447,2050,2022-03-31 09:38:55,9
447,1380,2022-03-31 09:38:55,10
447,1644,2022-03-31 09:38:55,11
447,1043,2022-03-31 09:38:55,12
447,426,2022-03-31 09:38:55,13
447,915,2022-03-31 09:38:55,14
447,1404,2022-03-31 09:38:55,15
447,1108,2022-03-31 09:38:55,16
447,2655,2022-03-31 09:38:55,17
447,2597,2022-03-31 09:38:55,18
447,1999,2022-03-31 09:38:55,19
447,1266,2022-03-31 09:38:55,20
447,391,2022-03-31 09:38:55,21
447,1612,2022-03-31 09:38:55,22
447,2188,2022-03-31 09:38:55,23
447,1347,2022-03-31 09:38:55,24
447,1533,2022-03-31 09:38:55,25
447,1916,2022-03-31 09:38:55,26
448,2538,2023-07-27 22:58:59,1
448,1287,2023-07-27 22:58:59,2
448,622,2023-07-27 22:58:59,3
448,974,2023-07-27 22:58:59,4
448,593,2023-07-27 22:58:59,5
448,2198,2023-07-27 22:58:59,6
448,1503,2023-07-27 22:58:59,7
448,1528,2023-07-27 22:58:59,8
448,1432,2023-07-27 22:58:59,9
448,2264,2023-07-27 22:58:59,10
448,73,2023-07-27 22:58:59,11
449,2385,2021-02-21 07:41:33,1
449,1410,2021-02-21 07:41:33,2
449,1991,2021-02-21 07:41:33,3
449,2449,2021-02-21 07:41:33,4
449,1235,2021-02-21 07:41:33,5
449,1999,2021-02-21 07:41:33,6
449,1484,2021-02-21 07:41:33,7
449,2055,2021-02-21 07:41:33,8
449,401,2021-02-21 07:41:33,9
449,1675,2021-02-21 07:41:33,10
449,1649,2021-02-21 07:41:33,11
449,182,2021-02-21 07:41:33,12
449,637,2021-02-21 07:41:33,13
449,2175,2021-02-21 07:41:33,14
449,1076,2021-02-21 07:41:33,15
449,2573,2021-02-21 07:41:33,16
449,2623,2021-02-21 07:41:33,17
449,482,2021-02-21 07:41:33,18
449,793,2021-02-21 07:41:33,19
449,1682,2021-02-21 07:41:33,20
449,687,2021-02-21 07:41:33,21
449,977,2021-02-21 07:41:33,22
449,875,2021-02-21 07:41:33,23
449,2614,2021-02-21 07:41:33,24
449,1237,2021-02-21 07:41:33,25
449,1819,2021-02-21 07:41:33,26
449,8,2021-02-21 07:41:33,27
449,1232,2021-02-21 07:41:33,28
449,75,2021-02-21 07:41:33,29
450,417,2022-03-29 00:51:23,1
450,1031,2022-03-29 00:51:23,2
450,1641,2022-03-29 00:51:23,3
450,2429,2022-03-29 00:51:23,4
450,1822,2022-03-29 00:51:23,5
450,2596,2022-03-29 00:51:23,6
450,394,2022-03-29 00:51:23,7
450,1043,2022-03-29 00:51:23,8
450,2019,2022-03-29 00:51:23,9
450,2417,2022-03-29 00:51:23,10
450,2004,2022-03-29 00:51:23,11
450,1006,2022-03-29 00:51:23,12
450,1192,2022-03-29 00:51:23,13
450,510,2022-03-29 00:51:23,14
450,2278,2022-03-29 00:51:23,15
450,1431,2022-03-29 00:51:23,16
450,1309,2022-03-29 00:51:23,17
450,2343,2022-03-29 00:51:23,18
450,1393,2022-03-29 00:51:23,19
451,2123,2023-11-09 07:34:34,1
451,888,2023-11-09 07:34:34,2
451,2046,2023-11-09 07:34:34,3
451,1161,2023-11-09 07:34:34,4
451,1528,2023-11-09 07:34:34,5
451,1649,2023-11-09 07:34:34,6
452,503,2024-12-03 22:14:07,1
452,1891,2024-12-03 22:14:07,2
452,105,2024-12-03 22:14:07,3
452,783,2024-12-03 22:14:07,4
452,2493,2024-12-03 22:14:07,5
452,1591,2024-12-03 22:14:07,6
453,80,2022-09-11 20:22:39,1
453,319,2022-09-11 20:22:39,2
453,1885,2022-09-11 20:22:39,3
453,1426,2022-09-11 20:22:39,4
453,2523,2022-09-11 20:22:39,5
453,128,2022-09-11 20:22:39,6
453,162,2022-09-11 20:22:39,7
453,430,2022-09-11 20:22:39,8
454,145,2024-11-22 12:47:34,1
454,1570,2024-11-22 12:47:34,2
454,1885,2024-11-22 12:47:34,3
454,2347,2024-11-22 12:47:34,4
454,2647,2024-11-22 12:47:34,5
454,1105,2024-11-22 12:47:34,6
454,2354,2024-11-22 12:47:34,7
454,137,2024-11-22 12:47:34,8
454,2003,2024-11-22 12:47:34,9
454,2225,2024-11-22 12:47:34,10
454,1772,2024-11-22 12:47:34,11
454,2447,2024-11-22 12:47:34,12
454,730,2024-11-22 12:47:34,13
454,2167,2024-11-22 12:47:34,14
454,1281,2024-11-22 12:47:34,15
454,1286,2024-11-22 12:47:34,16
454,401,2024-11-22 12:47:34,17
454,1630,2024-11-22 12:47:34,18
454,640,2024-11-22 12:47:34,19
455,1496,2023-07-23 21:21:04,1
455,2369,2023-07-23 21:21:04,2
455,969,2023-07-23 21:21:04,3
455,2252,2023-07-23 21:21:04,4
455,2398,2023-07-23 21:21:04,5
455,1738,2023-07-23 21:21:04,6
455,1824,2023-07-23 21:21:04,7
455,1646,2023-07-23 21:21:04,8
456,1024,2025-11-29 19:49:12,1
456,1446,2025-11-29 19:49:12,2
456,811,2025-11-29 19:49:12,3
456,1755,2025-11-29 19:49:12,4
456,1994,2025-11-29 19:49:12,5
456,984,2025-11-29 19:49:12,6
456,1508,2025-11-29 19:49:12,7
456,1459,2025-11-29 19:49:12,8
456,2160,2025-11-29 19:49:12,9
456,2435,2025-11-29 19:49:12,10
456,1670,2025-11-29 19:49:12,11
456,187,2025-11-29 19:49:12,12
456,2004,2025-11-29 19:49:12,13
456,237,2025-11-29 19:49:12,14
456,1862,2025-11-29 19:49:12,15
456,525,2025-11-29 19:49:12,16
456,545,2025-11-29 19:49:12,17
456,2188,2025-11-29 19:49:12,18
456,2206,2025-11-29 19:49:12,19
456,879,2025-11-29 19:49:12,20
456,1107,2025-11-29 19:49:12,21
456,350,2025-11-29 19:49:12,22
456,876,2025-11-29 19:49:12,23
456,945,2025-11-29 19:49:12,24
456,1415,2025-11-29 19:49:12,25
456,437,2025-11-29 19:49:12,26
457,795,2025-02-28 07:11:41,1
457,2508,2025-02-28 07:11:41,2
457,30,2025-02-28 07:11:41,3
457,305,2025-02-28 07:11:41,4
457,1115,2025-02-28 07:11:41,5
457,777,2025-02-28 07:11:41,6
457,194,2025-02-28 07:11:41,7
457,2473,2025-02-28 07:11:41,8
457,1918,2025-02-28 07:11:41,9
457,1270,2025-02-28 07:11:41,10
457,676,2025-02-28 07:11:41,11
457,2018,2025-02-28 07:11:41,12
457,2602,2025-02-28 07:11:41,13
457,1269,2025-02-28 07:11:41,14
457,2517,2025-02-28 07:11:41,15
457,929,2025-02-28 07:11:41,16
457,1771,2025-02-28 07:11:41,17
457,1660,2025-02-28 07:11:41,18
457,922,2025-02-28 07:11:41,19
457,1285,2025-02-28 07:11:41,20
457,1966,2025-02-28 07:11:41,21
457,2326,2025-02-28 07:11:41,22
457,1696,2025-02-28 07:11:41,23
457,1809,2025-02-28 07:11:41,24
457,257,2025-02-28 07:11:41,25
457,1098,2025-02-28 07:11:41,26
457,2131,2025-02-28 07:11:41,27
457,92,2025-02-28 07:11:41,28
457,803,2025-02-28 07:11:41,29
458,46,2020-01-12 03:58:18,1
458,212,2020-01-12 03:58:18,2
458,1869,2020-01-12 03:58:18,3
458,936,2020-01-12 03:58:18,4
458,1492,2020-01-12 03:58:18,5
458,2576,2020-01-12 03:58:18,6
458,1790,2020-01-12 03:58:18,7
458,1495,2020-01-12 03:58:18,8
458,2297,2020-01-12 03:58:18,9
458,629,2020-01-12 03:58:18,10
458,1597,2020-01-12 03:58:18,11
458,104,2020-01-12 03:58:18,12
458,2104,2020-01-12 03:58:18,13
458,714,2020-01-12 03:58:18,14
458,1404,2020-01-12 03:58:18,15
458,744,2020-01-12 03:58:18,16
458,1701,2020-01-12 03:58:18,17
458,972,2020-01-12 03:58:18,18
458,1929,2020-01-12 03:58:18,19
458,2422,2020-01-12 03:58:18,20
458,1084,2020-01-12 03:58:18,21
458,280,2020-01-12 03:58:18,22
458,580,2020-01-12 03:58:18,23
458,2075,2020-01-12 03:58:18,24
458,2143,2020-01-12 03:58:18,25
458,1599,2020-01-12 03:58:18,26
458,1758,2020-01-12 03:58:18,27
459,425,2024-04-20 00:28:03,1
459,363,2024-04-20 00:28:03,2
459,518,2024-04-20 00:28:03,3
459,527,2024-04-20 00:28:03,4
459,804,2024-04-20 00:28:03,5
459,681,2024-04-20 00:28:03,6
459,310,2024-04-20 00:28:03,7
459,1081,2024-04-20 00:28:03,8
459,2567,2024-04-20 00:28:03,9
459,682,2024-04-20 00:28:03,10
459,1321,2024-04-20 00:28:03,11
459,652,2024-04-20 00:28:03,12
459,1547,2024-04-20 00:28:03,13
459,339,2024-04-20 00:28:03,14
459,444,2024-04-20 00:28:03,15
459,2399,2024-04-20 00:28:03,16
459,2004,2024-04-20 00:28:03,17
459,2630,2024-04-20 00:28:03,18
459,2239,2024-04-20 00:28:03,19
459,2325,2024-04-20 00:28:03,20
459,602,2024-04-20 00:28:03,21
459,1365,2024-04-20 00:28:03,22
459,2535,2024-04-20 00:28:03,23
460,1616,2025-03-21 14:15:37,1
460,1305,2025-03-21 14:15:37,2
460,1850,2025-03-21 14:15:37,3
460,1082,2025-03-21 14:15:37,4
460,2578,2025-03-21 14:15:37,5
460,2577,2025-03-21 14:15:37,6
460,1118,2025-03-21 14:15:37,7
460,1547,2025-03-21 14:15:37,8
460,1525,2025-03-21 14:15:37,9
460,880,2025-03-21 14:15:37,10
460,741,2025-03-21 14:15:37,11
460,1536,2025-03-21 14:15:37,12
460,1299,2025-03-21 14:15:37,13
460,1148,2025-03-21 14:15:37,14
461,313,2022-09-20 21:33:05,1
461,449,2022-09-20 21:33:05,2
461,2134,2022-09-20 21:33:05,3
461,400,2022-09-20 21:33:05,4
461,2181,2022-09-20 21:33:05,5
461,1404,2022-09-20 21:33:05,6
461,350,2022-09-20 21:33:05,7
461,876,2022-09-20 21:33:05,8
461,1565,2022-09-20 21:33:05,9
461,1844,2022-09-20 21:33:05,10
461,769,2022-09-20 21:33:05,11
461,2094,2022-09-20 21:33:05,12
461,75,2022-09-20 21:33:05,13
461,1385,2022-09-20 21:33:05,14
462,238,2020-12-13 14:48:42,1
462,845,2020-12-13 14:48:42,2
462,2264,2020-12-13 14:48:42,3
462,2655,2020-12-13 14:48:42,4
462,2636,2020-12-13 14:48:42,5
462,2212,2020-12-13 14:48:42,6
462,411,2020-12-13 14:48:42,7
462,2430,2020-12-13 14:48:42,8
462,887,2020-12-13 14:48:42,9
463,1757,2022-01-06 17:39:20,1
463,2102,2022-01-06 17:39:20,2
463,1233,2022-01-06 17:39:20,3
463,409,2022-01-06 17:39:20,4
463,2200,2022-01-06 17:39:20,5
463,1145,2022-01-06 17:39:20,6
463,2035,2022-01-06 17:39:20,7
463,329,2022-01-06 17:39:20,8
463,1066,2022-01-06 17:39:20,9
463,1565,2022-01-06 17:39:20,10
463,552,2022-01-06 17:39:20,11
463,680,2022-01-06 17:39:20,12
463,115,2022-01-06 17:39:20,13
463,306,2022-01-06 17:39:20,14
463,1070,2022-01-06 17:39:20,15
463,2140,2022-01-06 17:39:20,16
463,999,2022-01-06 17:39:20,17
463,813,2022-01-06 17:39:20,18
463,996,2022-01-06 17:39:20,19
464,1094,2023-11-10 12:25:20,1
464,245,2023-11-10 12:25:20,2
464,400,2023-11-10 12:25:20,3
464,456,2023-11-10 12:25:20,4
464,757,2023-11-10 12:25:20,5
464,1815,2023-11-10 12:25:20,6
464,693,2023-11-10 12:25:20,7
464,2219,2023-11-10 12:25:20,8
464,849,2023-11-10 12:25:20,9
464,1595,2023-11-10 12:25:20,10
464,47,2023-11-10 12:25:20,11
464,802,2023-11-10 12:25:20,12
464,7,2023-11-10 12:25:20,13
464,2082,2023-11-10 12:25:20,14
464,1973,2023-11-10 12:25:20,15
465,1618,2021-01-18 00:51:41,1
465,1193,2021-01-18 00:51:41,2
465,1920,2021-01-18 00:51:41,3
465,1978,2021-01-18 00:51:41,4
465,190,2021-01-18 00:51:41,5
465,2348,2021-01-18 00:51:41,6
465,44,2021-01-18 00:51:41,7
465,1728,2021-01-18 00:51:41,8
465,1980,2021-01-18 00:51:41,9
465,1784,2021-01-18 00:51:41,10
465,445,2021-01-18 00:51:41,11
465,2227,2021-01-18 00:51:41,12
465,972,2021-01-18 00:51:41,13
465,1905,2021-01-18 00:51:41,14
465,1546,2021-01-18 00:51:41,15
465,592,2021-01-18 00:51:41,16
465,2473,2021-01-18 00:51:41,17
465,1529,2021-01-18 00:51:41,18
465,11,2021-01-18 00:51:41,19
465,1725,2021-01-18 00:51:41,20
465,270,2021-01-18 00:51:41,21
465,2608,2021-01-18 00:51:41,22
465,1705,2021-01-18 00:51:41,23
465,760,2021-01-18 00:51:41,24
465,385,2021-01-18 00:51:41,25
465,2044,2021-01-18 00:51:41,26
465,604,2021-01-18 00:51:41,27
465,172,2021-01-18 00:51:41,28
465,1155,2021-01-18 00:51:41,29
466,2145,2021-09-02 15:31:53,1
466,2115,2021-09-02 15:31:53,2
466,1617,2021-09-02 15:31:53,3
466,2298,2021-09-02 15:31:53,4
466,203,2021-09-02 15:31:53,5
466,1228,2021-09-02 15:31:53,6
466,422,2021-09-02 15:31:53,7
466,2053,2021-09-02 15:31:53,8
466,1598,2021-09-02 15:31:53,9
466,2353,2021-09-02 15:31:53,10
466,911,2021-09-02 15:31:53,11
466,184,2021-09-02 15:31:53,12
466,927,2021-09-02 15:31:53,13
466,663,2021-09-02 15:31:53,14
466,1586,2021-09-02 15:31:53,15
466,1219,2021-09-02 15:31:53,16
466,1346,2021-09-02 15:31:53,17
466,1641,2021-09-02 15:31:53,18
466,1052,2021-09-02 15:31:53,19
466,2519,2021-09-02 15:31:53,20
466,1759,2021-09-02 15:31:53,21
466,1914,2021-09-02 15:31:53,22
467,448,2023-08-12 20:44:37,1
467,2412,2023-08-12 20:44:37,2
467,2511,2023-08-12 20:44:37,3
467,342,2023-08-12 20:44:37,4
467,1644,2023-08-12 20:44:37,5
467,152,2023-08-12 20:44:37,6
467,1323,2023-08-12 20:44:37,7
467,945,2023-08-12 20:44:37,8
467,2496,2023-08-12 20:44:37,9
467,84,2023-08-12 20:44:37,10
467,1585,2023-08-12 20:44:37,11
467,1025,2023-08-12 20:44:37,12
467,2332,2023-08-12 20:44:37,13
467,136,2023-08-12 20:44:37,14
468,1993,2024-10-05 16:56:48,1
468,2643,2024-10-05 16:56:48,2
468,64,2024-10-05 16:56:48,3
468,940,2024-10-05 16:56:48,4
468,1223,2024-10-05 16:56:48,5
468,536,2024-10-05 16:56:48,6
468,1378,2024-10-05 16:56:48,7
468,469,2024-10-05 16:56:48,8
468,2442,2024-10-05 16:56:48,9
468,1846,2024-10-05 16:56:48,10
468,218,2024-10-05 16:56:48,11
468,506,2024-10-05 16:56:48,12
468,2263,2024-10-05 16:56:48,13
468,284,2024-10-05 16:56:48,14
468,1531,2024-10-05 16:56:48,15
468,2289,2024-10-05 16:56:48,16
468,2351,2024-10-05 16:56:48,17
468,409,2024-10-05 16:56:48,18
468,770,2024-10-05 16:56:48,19
468,1627,2024-10-05 16:56:48,20
468,2232,2024-10-05 16:56:48,21
468,583,2024-10-05 16:56:48,22
468,2374,2024-10-05 16:56:48,23
469,1903,2022-04-21 22:24:47,1
469,45,2022-04-21 22:24:47,2
469,1894,2022-04-21 22:24:47,3
469,1136,2022-04-21 22:24:47,4
469,718,2022-04-21 22:24:47,5
469,483,2022-04-21 22:24:47,6
469,1361,2022-04-21 22:24:47,7
469,1011,2022-04-21 22:24:47,8
469,275,2022-04-21 22:24:47,9
469,2451,2022-04-21 22:24:47,10
469,1020,2022-04-21 22:24:47,11
469,2612,2022-04-21 22:24:47,12
469,1631,2022-04-21 22:24:47,13
469,568,2022-04-21 22:24:47,14
469,1397,2022-04-21 22:24:47,15
469,704,2022-04-21 22:24:47,16
469,1645,2022-04-21 22:24:47,17
470,15,2020-04-19 02:20:54,1
470,576,2020-04-19 02:20:54,2
470,714,2020-04-19 02:20:54,3
470,464,2020-04-19 02:20:54,4
470,1735,2020-04-19 02:20:54,5
470,2341,2020-04-19 02:20:54,6
470,103,2020-04-19 02:20:54,7
470,2255,2020-04-19 02:20:54,8
470,2090,2020-04-19 02:20:54,9
470,1866,2020-04-19 02:20:54,10
470,1503,2020-04-19 02:20:54,11
470,1132,2020-04-19 02:20:54,12
470,2107,2020-04-19 02:20:54,13
470,43,2020-04-19 02:20:54,14
470,580,2020-04-19 02:20:54,15
470,2472,2020-04-19 02:20:54,16
470,950,2020-04-19 02:20:54,17
470,816,2020-04-19 02:20:54,18
470,1508,2020-04-19 02:20:54,19
470,2234,2020-04-19 02:20:54,20
470,946,2020-04-19 02:20:54,21
470,2063,2020-04-19 02:20:54,22
470,1221,2020-04-19 02:20:54,23
470,787,2020-04-19 02:20:54,24
470,2546,2020-04-19 02:20:54,25
470,2617,2020-04-19 02:20:54,26
470,339,2020-04-19 02:20:54,27
470,18,2020-04-19 02:20:54,28
470,1673,2020-04-19 02:20:54,29
470,1484,2020-04-19 02:20:54,30
471,981,2021-10-09 01:19:59,1
471,1337,2021-10-09 01:19:59,2
471,346,2021-10-09 01:19:59,3
471,1967,2021-10-09 01:19:59,4
471,1276,2021-10-09 01:19:59,5
471,1385,2021-10-09 01:19:59,6
471,1040,2021-10-09 01:19:59,7
471,1546,2021-10-09 01:19:59,8
471,2351,2021-10-09 01:19:59,9
471,892,2021-10-09 01:19:59,10
471,1414,2021-10-09 01:19:59,11
471,501,2021-10-09 01:19:59,12
471,107,2021-10-09 01:19:59,13
471,668,2021-10-09 01:19:59,14
471,334,2021-10-09 01:19:59,15
471,1247,2021-10-09 01:19:59,16
471,193,2021-10-09 01:19:59,17
471,363,2021-10-09 01:19:59,18
471,617,2021-10-09 01:19:59,19
472,1002,2024-06-12 00:38:16,1
472,776,2024-06-12 00:38:16,2
472,356,2024-06-12 00:38:16,3
472,2341,2024-06-12 00:38:16,4
472,1354,2024-06-12 00:38:16,5
472,1506,2024-06-12 00:38:16,6
472,2103,2024-06-12 00:38:16,7
472,2601,2024-06-12 00:38:16,8
472,2388,2024-06-12 00:38:16,9
472,1976,2024-06-12 00:38:16,10
472,2320,2024-06-12 00:38:16,11
472,2369,2024-06-12 00:38:16,12
472,49,2024-06-12 00:38:16,13
472,904,2024-06-12 00:38:16,14
472,1389,2024-06-12 00:38:16,15
472,2470,2024-06-12 00:38:16,16
472,1859,2024-06-12 00:38:16,17
472,410,2024-06-12 00:38:16,18
472,2019,2024-06-12 00:38:16,19
472,2020,2024-06-12 00:38:16,20
472,334,2024-06-12 00:38:16,21
472,1991,2024-06-12 00:38:16,22
473,110,2024-03-12 23:53:16,1
473,788,2024-03-12 23:53:16,2
473,134,2024-03-12 23:53:16,3
473,1415,2024-03-12 23:53:16,4
473,1683,2024-03-12 23:53:16,5
473,2050,2024-03-12 23:53:16,6
473,1851,2024-03-12 23:53:16,7
473,234,2024-03-12 23:53:16,8
473,2348,2024-03-12 23:53:16,9
473,1243,2024-03-12 23:53:16,10
473,302,2024-03-12 23:53:16,11
473,531,2024-03-12 23:53:16,12
473,1039,2024-03-12 23:53:16,13
473,1565,2024-03-12 23:53:16,14
473,20,2024-03-12 23:53:16,15
473,1352,2024-03-12 23:53:16,16
473,382,2024-03-12 23:53:16,17
473,1607,2024-03-12 23:53:16,18
473,1038,2024-03-12 23:53:16,19
473,2216,2024-03-12 23:53:16,20
473,950,2024-03-12 23:53:16,21
473,2600,2024-03-12 23:53:16,22
473,2586,2024-03-12 23:53:16,23
473,2275,2024-03-12 23:53:16,24
473,2420,2024-03-12 23:53:16,25
473,1314,2024-03-12 23:53:16,26
473,856,2024-03-12 23:53:16,27
474,1836,2023-12-30 21:46:56,1
474,1578,2023-12-30 21:46:56,2
474,2289,2023-12-30 21:46:56,3
474,1061,2023-12-30 21:46:56,4
474,473,2023-12-30 21:46:56,5
474,2283,2023-12-30 21:46:56,6
474,1858,2023-12-30 21:46:56,7
474,1654,2023-12-30 21:46:56,8
474,1874,2023-12-30 21:46:56,9
474,1904,2023-12-30 21:46:56,10
474,1785,2023-12-30 21:46:56,11
474,249,2023-12-30 21:46:56,12
475,1589,2023-01-20 19:44:04,1
475,1147,2023-01-20 19:44:04,2
475,920,2023-01-20 19:44:04,3
475,1271,2023-01-20 19:44:04,4
475,1330,2023-01-20 19:44:04,5
476,2405,2021-12-28 03:01:15,1
476,1864,2021-12-28 03:01:15,2
476,2602,2021-12-28 03:01:15,3
476,956,2021-12-28 03:01:15,4
476,328,2021-12-28 03:01:15,5
476,2618,2021-12-28 03:01:15,6
476,1936,2021-12-28 03:01:15,7
476,969,2021-12-28 03:01:15,8
476,183,2021-12-28 03:01:15,9
476,933,2021-12-28 03:01:15,10
476,925,2021-12-28 03:01:15,11
476,726,2021-12-28 03:01:15,12
476,1083,2021-12-28 03:01:15,13
476,2377,2021-12-28 03:01:15,14
476,1722,2021-12-28 03:01:15,15
476,1849,2021-12-28 03:01:15,16
476,1366,2021-12-28 03:01:15,17
476,2048,2021-12-28 03:01:15,18
476,1082,2021-12-28 03:01:15,19
476,1394,2021-12-28 03:01:15,20
476,477,2021-12-28 03:01:15,21
476,2,2021-12-28 03:01:15,22
476,1238,2021-12-28 03:01:15,23
476,2224,2021-12-28 03:01:15,24
476,1151,2021-12-28 03:01:15,25
477,177,2022-06-01 05:56:28,1
477,2403,2022-06-01 05:56:28,2
477,1244,2022-06-01 05:56:28,3
477,1798,2022-06-01 05:56:28,4
477,890,2022-06-01 05:56:28,5
477,480,2022-06-01 05:56:28,6
477,2218,2022-06-01 05:56:28,7
477,380,2022-06-01 05:56:28,8
477,1411,2022-06-01 05:56:28,9
477,1586,2022-06-01 05:56:28,10
477,81,2022-06-01 05:56:28,11
477,1397,2022-06-01 05:56:28,12
477,1186,2022-06-01 05:56:28,13
477,665,2022-06-01 05:56:28,14
477,1982,2022-06-01 05:56:28,15
477,211,2022-06-01 05:56:28,16
477,1864,2022-06-01 05:56:28,17
477,2435,2022-06-01 05:56:28,18
477,2391,2022-06-01 05:56:28,19
477,1475,2022-06-01 05:56:28,20
477,2375,2022-06-01 05:56:28,21
477,1225,2022-06-01 05:56:28,22
478,1956,2020-02-13 06:17:25,1
478,1694,2020-02-13 06:17:25,2
478,481,2020-02-13 06:17:25,3
478,431,2020-02-13 06:17:25,4
478,441,2020-02-13 06:17:25,5
478,210,2020-02-13 06:17:25,6
478,1983,2020-02-13 06:17:25,7
478,2360,2020-02-13 06:17:25,8
478,1937,2020-02-13 06:17:25,9
478,1607,2020-02-13 06:17:25,10
478,1257,2020-02-13 06:17:25,11
478,1842,2020-02-13 06:17:25,12
478,1483,2020-02-13 06:17:25,13
478,1188,2020-02-13 06:17:25,14
478,1439,2020-02-13 06:17:25,15
478,1714,2020-02-13 06:17:25,16
478,1399,2020-02-13 06:17:25,17
478,1890,2020-02-13 06:17:25,18
478,614,2020-02-13 06:17:25,19
478,2097,2020-02-13 06:17:25,20
478,2316,2020-02-13 06:17:25,21
478,1868,2020-02-13 06:17:25,22
478,622,2020-02-13 06:17:25,23
478,682,2020-02-13 06:17:25,24
478,1587,2020-02-13 06:17:25,25
478,2362,2020-02-13 06:17:25,26
478,861,2020-02-13 06:17:25,27
478,1213,2020-02-13 06:17:25,28
478,2077,2020-02-13 06:17:25,29
478,1384,2020-02-13 06:17:25,30
479,102,2020-10-19 23:00:09,1
479,833,2020-10-19 23:00:09,2
479,2376,2020-10-19 23:00:09,3
479,43,2020-10-19 23:00:09,4
479,2494,2020-10-19 23:00:09,5
479,2079,2020-10-19 23:00:09,6
479,1057,2020-10-19 23:00:09,7
479,1558,2020-10-19 23:00:09,8
479,2165,2020-10-19 23:00:09,9
479,1429,2020-10-19 23:00:09,10
479,1708,2020-10-19 23:00:09,11
479,47,2020-10-19 23:00:09,12
479,1778,2020-10-19 23:00:09,13
480,2418,2020-01-27 04:29:32,1
480,2448,2020-01-27 04:29:32,2
480,746,2020-01-27 04:29:32,3
480,1671,2020-01-27 04:29:32,4
480,278,2020-01-27 04:29:32,5
480,895,2020-01-27 04:29:32,6
480,2128,2020-01-27 04:29:32,7
480,542,2020-01-27 04:29:32,8
480,1679,2020-01-27 04:29:32,9
480,2245,2020-01-27 04:29:32,10
480,1952,2020-01-27 04:29:32,11
480,139,2020-01-27 04:29:32,12
480,2560,2020-01-27 04:29:32,13
480,1814,2020-01-27 04:29:32,14
480,1806,2020-01-27 04:29:32,15
480,1869,2020-01-27 04:29:32,16
480,1799,2020-01-27 04:29:32,17
481,1535,2025-04-18 15:01:53,1
481,1919,2025-04-18 15:01:53,2
481,168,2025-04-18 15:01:53,3
481,841,2025-04-18 15:01:53,4
481,2333,2025-04-18 15:01:53,5
481,2315,2025-04-18 15:01:53,6
481,1665,2025-04-18 15:01:53,7
481,592,2025-04-18 15:01:53,8
481,1542,2025-04-18 15:01:53,9
481,913,2025-04-18 15:01:53,10
481,2036,2025-04-18 15:01:53,11
481,2414,2025-04-18 15:01:53,12
481,753,2025-04-18 15:01:53,13
481,1819,2025-04-18 15:01:53,14
481,286,2025-04-18 15:01:53,15
481,350,2025-04-18 15:01:53,16
481,226,2025-04-18 15:01:53,17
481,1794,2025-04-18 15:01:53,18
481,977,2025-04-18 15:01:53,19
481,1465,2025-04-18 15:01:53,20
481,505,2025-04-18 15:01:53,21
481,533,2025-04-18 15:01:53,22
481,2269,2025-04-18 15:01:53,23
481,2446,2025-04-18 15:01:53,24
482,707,2021-08-22 15:13:35,1
482,768,2021-08-22 15:13:35,2
482,134,2021-08-22 15:13:35,3
482,1667,2021-08-22 15:13:35,4
482,2211,2021-08-22 15:13:35,5
482,688,2021-08-22 15:13:35,6
482,1178,2021-08-22 15:13:35,7
482,827,2021-08-22 15:13:35,8
482,672,2021-08-22 15:13:35,9
482,950,2021-08-22 15:13:35,10
482,789,2021-08-22 15:13:35,11
482,991,2021-08-22 15:13:35,12
482,213,2021-08-22 15:13:35,13
482,587,2021-08-22 15:13:35,14
482,884,2021-08-22 15:13:35,15
482,2527,2021-08-22 15:13:35,16
482,2415,2021-08-22 15:13:35,17
482,942,2021-08-22 15:13:35,18
483,1147,2023-07-26 04:40:58,1
483,1553,2023-07-26 04:40:58,2
483,93,2023-07-26 04:40:58,3
483,1644,2023-07-26 04:40:58,4
483,113,2023-07-26 04:40:58,5
483,1548,2023-07-26 04:40:58,6
483,2319,2023-07-26 04:40:58,7
483,1060,2023-07-26 04:40:58,8
483,929,2023-07-26 04:40:58,9
483,10,2023-07-26 04:40:58,10
483,1634,2023-07-26 04:40:58,11
483,2507,2023-07-26 04:40:58,12
483,1409,2023-07-26 04:40:58,13
484,535,2024-08-20 02:29:58,1
484,782,2024-08-20 02:29:58,2
484,1397,2024-08-20 02:29:58,3
484,1793,2024-08-20 02:29:58,4
484,2203,2024-08-20 02:29:58,5
484,1605,2024-08-20 02:29:58,6
484,1324,2024-08-20 02:29:58,7
484,576,2024-08-20 02:29:58,8
484,2453,2024-08-20 02:29:58,9
484,1252,2024-08-20 02:29:58,10
484,371,2024-08-20 02:29:58,11
484,560,2024-08-20 02:29:58,12
484,2072,2024-08-20 02:29:58,13
484,1408,2024-08-20 02:29:58,14
484,994,2024-08-20 02:29:58,15
484,1976,2024-08-20 02:29:58,16
484,199,2024-08-20 02:29:58,17
484,136,2024-08-20 02:29:58,18
484,1567,2024-08-20 02:29:58,19
484,1086,2024-08-20 02:29:58,20
484,1040,2024-08-20 02:29:58,21
484,2176,2024-08-20 02:29:58,22
484,2277,2024-08-20 02:29:58,23
484,1378,2024-08-20 02:29:58,24
484,1177,2024-08-20 02:29:58,25
485,1962,2022-12-19 07:31:35,1
485,1396,2022-12-19 07:31:35,2
485,1006,2022-12-19 07:31:35,3
485,437,2022-12-19 07:31:35,4
485,477,2022-12-19 07:31:35,5
485,2371,2022-12-19 07:31:35,6
485,2588,2022-12-19 07:31:35,7
485,2132,2022-12-19 07:31:35,8
485,41,2022-12-19 07:31:35,9
485,1049,2022-12-19 07:31:35,10
485,683,2022-12-19 07:31:35,11
485,1484,2022-12-19 07:31:35,12
485,1434,2022-12-19 07:31:35,13
485,1274,2022-12-19 07:31:35,14
485,587,2022-12-19 07:31:35,15
485,2169,2022-12-19 07:31:35,16
485,27,2022-12-19 07:31:35,17
485,1328,2022-12-19 07:31:35,18
485,1015,2022-12-19 07:31:35,19
485,1819,2022-12-19 07:31:35,20
485,1681,2022-12-19 07:31:35,21
485,1240,2022-12-19 07:31:35,22
486,1496,2020-05-02 18:46:01,1
486,1365,2020-05-02 18:46:01,2
486,123,2020-05-02 18:46:01,3
486,1965,2020-05-02 18:46:01,4
486,2283,2020-05-02 18:46:01,5
486,1738,2020-05-02 18:46:01,6
486,2256,2020-05-02 18:46:01,7
486,2172,2020-05-02 18:46:01,8
486,2612,2020-05-02 18:46:01,9
487,2230,2025-07-28 15:54:26,1
487,1626,2025-07-28 15:54:26,2
487,113,2025-07-28 15:54:26,3
487,740,2025-07-28 15:54:26,4
487,173,2025-07-28 15:54:26,5
487,937,2025-07-28 15:54:26,6
487,2418,2025-07-28 15:54:26,7
487,533,2025-07-28 15:54:26,8
487,692,2025-07-28 15:54:26,9
487,502,2025-07-28 15:54:26,10
487,1021,2025-07-28 15:54:26,11
487,308,2025-07-28 15:54:26,12
487,1969,2025-07-28 15:54:26,13
487,141,2025-07-28 15:54:26,14
487,382,2025-07-28 15:54:26,15
487,2546,2025-07-28 15:54:26,16
487,1336,2025-07-28 15:54:26,17
487,2295,2025-07-28 15:54:26,18
487,1644,2025-07-28 15:54:26,19
488,856,2020-09-21 01:30:04,1
488,2425,2020-09-21 01:30:04,2
488,2363,2020-09-21 01:30:04,3
488,540,2020-09-21 01:30:04,4
488,2212,2020-09-21 01:30:04,5
488,1934,2020-09-21 01:30:04,6
488,2318,2020-09-21 01:30:04,7
488,2149,2020-09-21 01:30:04,8
488,1983,2020-09-21 01:30:04,9
488,654,2020-09-21 01:30:04,10
488,2128,2020-09-21 01:30:04,11
488,2036,2020-09-21 01:30:04,12
488,832,2020-09-21 01:30:04,13
488,313,2020-09-21 01:30:04,14
488,1031,2020-09-21 01:30:04,15
488,646,2020-09-21 01:30:04,16
488,1269,2020-09-21 01:30:04,17
488,2325,2020-09-21 01:30:04,18
489,1675,2025-07-19 20:26:46,1
489,712,2025-07-19 20:26:46,2
489,2361,2025-07-19 20:26:46,3
489,464,2025-07-19 20:26:46,4
489,1942,2025-07-19 20:26:46,5
489,2366,2025-07-19 20:26:46,6
489,1607,2025-07-19 20:26:46,7
489,1269,2025-07-19 20:26:46,8
489,1231,2025-07-19 20:26:46,9
489,471,2025-07-19 20:26:46,10
489,1750,2025-07-19 20:26:46,11
489,35,2025-07-19 20:26:46,12
489,961,2025-07-19 20:26:46,13
489,798,2025-07-19 20:26:46,14
489,749,2025-07-19 20:26:46,15
489,2220,2025-07-19 20:26:46,16
490,2075,2021-02-20 04:04:26,1
490,28,2021-02-20 04:04:26,2
490,1930,2021-02-20 04:04:26,3
490,19,2021-02-20 04:04:26,4
490,80,2021-02-20 04:04:26,5
490,1328,2021-02-20 04:04:26,6
490,322,2021-02-20 04:04:26,7
490,170,2021-02-20 04:04:26,8
490,733,2021-02-20 04:04:26,9
490,2159,2021-02-20 04:04:26,10
490,1998,2021-02-20 04:04:26,11
490,1279,2021-02-20 04:04:26,12
490,1387,2021-02-20 04:04:26,13
490,325,2021-02-20 04:04:26,14
490,615,2021-02-20 04:04:26,15
490,87,2021-02-20 04:04:26,16
490,603,2021-02-20 04:04:26,17
490,653,2021-02-20 04:04:26,18
490,15,2021-02-20 04:04:26,19
490,337,2021-02-20 04:04:26,20
490,2004,2021-02-20 04:04:26,21
490,1479,2021-02-20 04:04:26,22
491,1502,2022-05-18 08:55:01,1
491,1113,2022-05-18 08:55:01,2
491,274,2022-05-18 08:55:01,3
491,1632,2022-05-18 08:55:01,4
491,1129,2022-05-18 08:55:01,5
491,2171,2022-05-18 08:55:01,6
491,2041,2022-05-18 08:55:01,7
491,2538,2022-05-18 08:55:01,8
491,564,2022-05-18 08:55:01,9
491,280,2022-05-18 08:55:01,10
491,228,2022-05-18 08:55:01,11
491,1103,2022-05-18 08:55:01,12
491,1663,2022-05-18 08:55:01,13
491,1701,2022-05-18 08:55:01,14
492,1911,2020-06-24 20:11:08,1
492,1309,2020-06-24 20:11:08,2
492,74,2020-06-24 20:11:08,3
492,401,2020-06-24 20:11:08,4
492,1457,2020-06-24 20:11:08,5
492,701,2020-06-24 20:11:08,6
492,1662,2020-06-24 20:11:08,7
492,2340,2020-06-24 20:11:08,8
492,1833,2020-06-24 20:11:08,9
493,1130,2024-03-17 03:04:43,1
493,700,2024-03-17 03:04:43,2
493,209,2024-03-17 03:04:43,3
493,942,2024-03-17 03:04:43,4
493,1632,2024-03-17 03:04:43,5
493,227,2024-03-17 03:04:43,6
493,1972,2024-03-17 03:04:43,7
493,2190,2024-03-17 03:04:43,8
493,1400,2024-03-17 03:04:43,9
493,1198,2024-03-17 03:04:43,10
493,2224,2024-03-17 03:04:43,11
493,773,2024-03-17 03:04:43,12
493,827,2024-03-17 03:04:43,13
494,2347,2020-11-05 18:31:38,1
494,1526,2020-11-05 18:31:38,2
494,2080,2020-11-05 18:31:38,3
494,2022,2020-11-05 18:31:38,4
494,581,2020-11-05 18:31:38,5
495,2275,2021-05-10 17:43:59,1
495,886,2021-05-10 17:43:59,2
495,1630,2021-05-10 17:43:59,3
495,2191,2021-05-10 17:43:59,4
495,2639,2021-05-10 17:43:59,5
495,43,2021-05-10 17:43:59,6
495,1746,2021-05-10 17:43:59,7
495,201,2021-05-10 17:43:59,8
495,361,2021-05-10 17:43:59,9
495,1064,2021-05-10 17:43:59,10
495,1375,2021-05-10 17:43:59,11
495,1825,2021-05-10 17:43:59,12
496,629,2022-01-16 06:27:45,1
496,939,2022-01-16 06:27:45,2
496,552,2022-01-16 06:27:45,3
496,1644,2022-01-16 06:27:45,4
496,1989,2022-01-16 06:27:45,5
496,310,2022-01-16 06:27:45,6
496,1098,2022-01-16 06:27:45,7
496,2178,2022-01-16 06:27:45,8
496,1402,2022-01-16 06:27:45,9
496,2049,2022-01-16 06:27:45,10
496,409,2022-01-16 06:27:45,11
496,2544,2022-01-16 06:27:45,12
496,2598,2022-01-16 06:27:45,13
496,1886,2022-01-16 06:27:45,14
496,29,2022-01-16 06:27:45,15
496,392,2022-01-16 06:27:45,16
496,1495,2022-01-16 06:27:45,17
496,182,2022-01-16 06:27:45,18
496,438,2022-01-16 06:27:45,19
496,2317,2022-01-16 06:27:45,20
496,1771,2022-01-16 06:27:45,21
496,2034,2022-01-16 06:27:45,22
496,2496,2022-01-16 06:27:45,23
496,1980,2022-01-16 06:27:45,24
497,542,2020-07-03 20:26:07,1
497,114,2020-07-03 20:26:07,2
497,2529,2020-07-03 20:26:07,3
497,529,2020-07-03 20:26:07,4
497,1436,2020-07-03 20:26:07,5
497,302,2020-07-03 20:26:07,6
497,2341,2020-07-03 20:26:07,7
497,536,2020-07-03 20:26:07,8
497,190,2020-07-03 20:26:07,9
497,489,2020-07-03 20:26:07,10
497,2304,2020-07-03 20:26:07,11
497,634,2020-07-03 20:26:07,12
497,2252,2020-07-03 20:26:07,13
497,1446,2020-07-03 20:26:07,14
497,518,2020-07-03 20:26:07,15
497,976,2020-07-03 20:26:07,16
497,930,2020-07-03 20:26:07,17
497,612,2020-07-03 20:26:07,18
497,2315,2020-07-03 20:26:07,19
497,1844,2020-07-03 20:26:07,20
497,16,2020-07-03 20:26:07,21
497,1101,2020-07-03 20:26:07,22
497,2357,2020-07-03 20:26:07,23
497,2652,2020-07-03 20:26:07,24
497,810,2020-07-03 20:26:07,25
497,1953,2020-07-03 20:26:07,26
498,1395,2022-08-19 18:56:32,1
498,2071,2022-08-19 18:56:32,2
498,662,2022-08-19 18:56:32,3
498,2431,2022-08-19 18:56:32,4
498,423,2022-08-19 18:56:32,5
498,1408,2022-08-19 18:56:32,6
498,2194,2022-08-19 18:56:32,7
498,2588,2022-08-19 18:56:32,8
498,1524,2022-08-19 18:56:32,9
498,1322,2022-08-19 18:56:32,10
498,512,2022-08-19 18:56:32,11
498,317,2022-08-19 18:56:32,12
498,1759,2022-08-19 18:56:32,13
498,865,2022-08-19 18:56:32,14
498,2476,2022-08-19 18:56:32,15
498,2646,2022-08-19 18:56:32,16
498,1818,2022-08-19 18:56:32,17
498,342,2022-08-19 18:56:32,18
498,1157,2022-08-19 18:56:32,19
498,2464,2022-08-19 18:56:32,20
498,676,2022-08-19 18:56:32,21
498,80,2022-08-19 18:56:32,22
498,1912,2022-08-19 18:56:32,23
499,1883,2021-03-24 18:26:24,1
499,1240,2021-03-24 18:26:24,2
499,454,2021-03-24 18:26:24,3
499,1269,2021-03-24 18:26:24,4
499,752,2021-03-24 18:26:24,5
499,1225,2021-03-24 18:26:24,6
499,2300,2021-03-24 18:26:24,7
499,1916,2021-03-24 18:26:24,8
499,976,2021-03-24 18:26:24,9
499,2388,2021-03-24 18:26:24,10
499,1688,2021-03-24 18:26:24,11
499,650,2021-03-24 18:26:24,12
499,1579,2021-03-24 18:26:24,13
499,534,2021-03-24 18:26:24,14
499,1417,2021-03-24 18:26:24,15
500,327,2024-08-17 02:32:47,1
500,2119,2024-08-17 02:32:47,2
500,2235,2024-08-17 02:32:47,3
500,974,2024-08-17 02:32:47,4
500,288,2024-08-17 02:32:47,5
500,729,2024-08-17 02:32:47,6
500,1231,2024-08-17 02:32:47,7
500,2356,2024-08-17 02:32:47,8
500,1925,2024-08-17 02:32:47,9
500,1842,2024-08-17 02:32:47,10
500,966,2024-08-17 02:32:47,11
500,2646,2024-08-17 02:32:47,12
500,1779,2024-08-17 02:32:47,13
500,1889,2024-08-17 02:32:47,14
500,1967,2024-08-17 02:32:47,15
500,704,2024-08-17 02:32:47,16
500,1057,2024-08-17 02:32:47,17
500,1217,2024-08-17 02:32:47,18
500,784,2024-08-17 02:32:47,19
500,2603,2024-08-17 02:32:47,20
500,1253,2024-08-17 02:32:47,21
500,810,2024-08-17 02:32:47,22
500,2580,2024-08-17 02:32:47,23
500,1404,2024-08-17 02:32:47,24
501,2551,2024-12-29 22:21:17,1
501,1895,2024-12-29 22:21:17,2
501,2126,2024-12-29 22:21:17,3
501,2030,2024-12-29 22:21:17,4
501,675,2024-12-29 22:21:17,5
501,2473,2024-12-29 22:21:17,6
501,1542,2024-12-29 22:21:17,7
501,1483,2024-12-29 22:21:17,8
501,1952,2024-12-29 22:21:17,9
501,452,2024-12-29 22:21:17,10
501,1383,2024-12-29 22:21:17,11
501,1664,2024-12-29 22:21:17,12
501,1260,2024-12-29 22:21:17,13
501,913,2024-12-29 22:21:17,14
502,2653,2024-09-29 17:03:25,1
502,177,2024-09-29 17:03:25,2
502,642,2024-09-29 17:03:25,3
502,2513,2024-09-29 17:03:25,4
502,2341,2024-09-29 17:03:25,5
502,193,2024-09-29 17:03:25,6
502,928,2024-09-29 17:03:25,7
502,1107,2024-09-29 17:03:25,8
502,2188,2024-09-29 17:03:25,9
502,2652,2024-09-29 17:03:25,10
502,77,2024-09-29 17:03:25,11
502,2625,2024-09-29 17:03:25,12
502,1216,2024-09-29 17:03:25,13
502,514,2024-09-29 17:03:25,14
502,1201,2024-09-29 17:03:25,15
502,1929,2024-09-29 17:03:25,16
502,2381,2024-09-29 17:03:25,17
502,1716,2024-09-29 17:03:25,18
502,208,2024-09-29 17:03:25,19
502,2567,2024-09-29 17:03:25,20
502,126,2024-09-29 17:03:25,21
503,205,2022-03-05 14:47:49,1
503,2325,2022-03-05 14:47:49,2
503,1176,2022-03-05 14:47:49,3
503,39,2022-03-05 14:47:49,4
503,2464,2022-03-05 14:47:49,5
503,270,2022-03-05 14:47:49,6
503,1717,2022-03-05 14:47:49,7
503,1452,2022-03-05 14:47:49,8
503,1979,2022-03-05 14:47:49,9
503,935,2022-03-05 14:47:49,10
503,1958,2022-03-05 14:47:49,11
503,1701,2022-03-05 14:47:49,12
503,523,2022-03-05 14:47:49,13
503,1180,2022-03-05 14:47:49,14
503,688,2022-03-05 14:47:49,15
503,1661,2022-03-05 14:47:49,16
503,1565,2022-03-05 14:47:49,17
503,567,2022-03-05 14:47:49,18
503,516,2022-03-05 14:47:49,19
503,1500,2022-03-05 14:47:49,20
503,1072,2022-03-05 14:47:49,21
503,2433,2022-03-05 14:47:49,22
503,630,2022-03-05 14:47:49,23
503,136,2022-03-05 14:47:49,24
503,905,2022-03-05 14:47:49,25
503,1690,2022-03-05 14:47:49,26
503,2456,2022-03-05 14:47:49,27
503,946,2022-03-05 14:47:49,28
504,2439,2023-06-18 02:42:45,1
504,347,2023-06-18 02:42:45,2
504,1100,2023-06-18 02:42:45,3
504,2579,2023-06-18 02:42:45,4
504,241,2023-06-18 02:42:45,5
504,411,2023-06-18 02:42:45,6
505,1361,2021-07-05 08:05:00,1
505,608,2021-07-05 08:05:00,2
505,1912,2021-07-05 08:05:00,3
505,991,2021-07-05 08:05:00,4
505,446,2021-07-05 08:05:00,5
505,466,2021-07-05 08:05:00,6
505,1885,2021-07-05 08:05:00,7
505,756,2021-07-05 08:05:00,8
505,747,2021-07-05 08:05:00,9
505,1623,2021-07-05 08:05:00,10
505,1273,2021-07-05 08:05:00,11
505,270,2021-07-05 08:05:00,12
505,1060,2021-07-05 08:05:00,13
505,2013,2021-07-05 08:05:00,14
505,1345,2021-07-05 08:05:00,15
505,1725,2021-07-05 08:05:00,16
505,2342,2021-07-05 08:05:00,17
505,53,2021-07-05 08:05:00,18
505,48,2021-07-05 08:05:00,19
505,2598,2021-07-05 08:05:00,20
505,2137,2021-07-05 08:05:00,21
505,1090,2021-07-05 08:05:00,22
505,516,2021-07-05 08:05:00,23
505,2501,2021-07-05 08:05:00,24
505,913,2021-07-05 08:05:00,25
505,891,2021-07-05 08:05:00,26
506,2502,2024-03-21 01:06:18,1
506,2161,2024-03-21 01:06:18,2
506,1118,2024-03-21 01:06:18,3
506,1837,2024-03-21 01:06:18,4
506,1255,2024-03-21 01:06:18,5
506,671,2024-03-21 01:06:18,6
506,647,2024-03-21 01:06:18,7
506,2357,2024-03-21 01:06:18,8
506,2207,2024-03-21 01:06:18,9
506,2611,2024-03-21 01:06:18,10
506,993,2024-03-21 01:06:18,11
506,2652,2024-03-21 01:06:18,12
506,1324,2024-03-21 01:06:18,13
506,2526,2024-03-21 01:06:18,14
506,1710,2024-03-21 01:06:18,15
507,1702,2021-07-30 09:32:08,1
507,1972,2021-07-30 09:32:08,2
507,1953,2021-07-30 09:32:08,3
507,338,2021-07-30 09:32:08,4
507,1446,2021-07-30 09:32:08,5
507,1021,2021-07-30 09:32:08,6
507,2438,2021-07-30 09:32:08,7
507,82,2021-07-30 09:32:08,8
507,692,2021-07-30 09:32:08,9
507,681,2021-07-30 09:32:08,10
507,1767,2021-07-30 09:32:08,11
507,670,2021-07-30 09:32:08,12
507,1234,2021-07-30 09:32:08,13
507,1905,2021-07-30 09:32:08,14
507,968,2021-07-30 09:32:08,15
507,1650,2021-07-30 09:32:08,16
507,1329,2021-07-30 09:32:08,17
507,44,2021-07-30 09:32:08,18
507,175,2021-07-30 09:32:08,19
507,831,2021-07-30 09:32:08,20
507,587,2021-07-30 09:32:08,21
507,2479,2021-07-30 09:32:08,22
507,2306,2021-07-30 09:32:08,23
507,66,2021-07-30 09:32:08,24
507,2354,2021-07-30 09:32:08,25
507,156,2021-07-30 09:32:08,26
508,2606,2022-04-03 08:55:49,1
508,228,2022-04-03 08:55:49,2
508,1771,2022-04-03 08:55:49,3
508,1232,2022-04-03 08:55:49,4
508,1857,2022-04-03 08:55:49,5
508,1666,2022-04-03 08:55:49,6
508,277,2022-04-03 08:55:49,7
508,2642,2022-04-03 08:55:49,8
508,1277,2022-04-03 08:55:49,9
508,1234,2022-04-03 08:55:49,10
508,597,2022-04-03 08:55:49,11
508,1850,2022-04-03 08:55:49,12
508,2062,2022-04-03 08:55:49,13
508,2003,2022-04-03 08:55:49,14
508,1022,2022-04-03 08:55:49,15
508,1331,2022-04-03 08:55:49,16
508,1303,2022-04-03 08:55:49,17
508,1065,2022-04-03 08:55:49,18
508,216,2022-04-03 08:55:49,19
508,1164,2022-04-03 08:55:49,20
508,722,2022-04-03 08:55:49,21
508,2627,2022-04-03 08:55:49,22
508,1019,2022-04-03 08:55:49,23
508,512,2022-04-03 08:55:49,24
508,1641,2022-04-03 08:55:49,25
508,2537,2022-04-03 08:55:49,26
508,2019,2022-04-03 08:55:49,27
509,589,2021-06-19 14:25:48,1
509,251,2021-06-19 14:25:48,2
509,1774,2021-06-19 14:25:48,3
509,1815,2021-06-19 14:25:48,4
509,1490,2021-06-19 14:25:48,5
509,1097,2021-06-19 14:25:48,6
509,2339,2021-06-19 14:25:48,7
509,921,2021-06-19 14:25:48,8
509,2548,2021-06-19 14:25:48,9
509,805,2021-06-19 14:25:48,10
509,1253,2021-06-19 14:25:48,11
509,947,2021-06-19 14:25:48,12
509,2354,2021-06-19 14:25:48,13
509,1640,2021-06-19 14:25:48,14
509,2407,2021-06-19 14:25:48,15
509,79,2021-06-19 14:25:48,16
509,1136,2021-06-19 14:25:48,17
509,1309,2021-06-19 14:25:48,18
509,869,2021-06-19 14:25:48,19
509,2417,2021-06-19 14:25:48,20
509,751,2021-06-19 14:25:48,21
509,1421,2021-06-19 14:25:48,22
509,715,2021-06-19 14:25:48,23
509,2103,2021-06-19 14:25:48,24
510,2286,2020-12-01 04:17:12,1
510,912,2020-12-01 04:17:12,2
510,1370,2020-12-01 04:17:12,3
510,1871,2020-12-01 04:17:12,4
510,812,2020-12-01 04:17:12,5
510,1017,2020-12-01 04:17:12,6
510,2093,2020-12-01 04:17:12,7
510,404,2020-12-01 04:17:12,8
510,907,2020-12-01 04:17:12,9
510,1009,2020-12-01 04:17:12,10
510,81,2020-12-01 04:17:12,11
510,1972,2020-12-01 04:17:12,12
510,953,2020-12-01 04:17:12,13
510,1136,2020-12-01 04:17:12,14
510,1395,2020-12-01 04:17:12,15
510,1019,2020-12-01 04:17:12,16
510,2577,2020-12-01 04:17:12,17
510,853,2020-12-01 04:17:12,18
510,207,2020-12-01 04:17:12,19
510,741,2020-12-01 04:17:12,20
511,1734,2020-04-20 03:02:53,1
511,1271,2020-04-20 03:02:53,2
511,416,2020-04-20 03:02:53,3
511,733,2020-04-20 03:02:53,4
511,625,2020-04-20 03:02:53,5
511,1201,2020-04-20 03:02:53,6
511,1949,2020-04-20 03:02:53,7
511,1039,2020-04-20 03:02:53,8
511,89,2020-04-20 03:02:53,9
511,2595,2020-04-20 03:02:53,10
511,2335,2020-04-20 03:02:53,11
511,2207,2020-04-20 03:02:53,12
512,782,2024-06-21 17:30:24,1
512,1879,2024-06-21 17:30:24,2
512,645,2024-06-21 17:30:24,3
512,226,2024-06-21 17:30:24,4
512,991,2024-06-21 17:30:24,5
512,943,2024-06-21 17:30:24,6
512,1421,2024-06-21 17:30:24,7
512,184,2024-06-21 17:30:24,8
512,1328,2024-06-21 17:30:24,9
512,298,2024-06-21 17:30:24,10
512,1638,2024-06-21 17:30:24,11
512,198,2024-06-21 17:30:24,12
512,515,2024-06-21 17:30:24,13
512,1019,2024-06-21 17:30:24,14
512,541,2024-06-21 17:30:24,15
512,1338,2024-06-21 17:30:24,16
513,117,2025-11-06 02:52:02,1
513,1997,2025-11-06 02:52:02,2
513,368,2025-11-06 02:52:02,3
513,1498,2025-11-06 02:52:02,4
513,1461,2025-11-06 02:52:02,5
513,1329,2025-11-06 02:52:02,6
513,2189,2025-11-06 02:52:02,7
513,2043,2025-11-06 02:52:02,8
514,2408,2020-06-05 03:41:45,1
514,1093,2020-06-05 03:41:45,2
514,2598,2020-06-05 03:41:45,3
514,215,2020-06-05 03:41:45,4
514,1120,2020-06-05 03:41:45,5
514,623,2020-06-05 03:41:45,6
515,2653,2021-04-08 21:18:26,1
515,1226,2021-04-08 21:18:26,2
515,1397,2021-04-08 21:18:26,3
515,1611,2021-04-08 21:18:26,4
515,1252,2021-04-08 21:18:26,5
515,292,2021-04-08 21:18:26,6
515,323,2021-04-08 21:18:26,7
515,2432,2021-04-08 21:18:26,8
515,2543,2021-04-08 21:18:26,9
516,1521,2025-11-27 14:35:02,1
516,1525,2025-11-27 14:35:02,2
516,359,2025-11-27 14:35:02,3
516,540,2025-11-27 14:35:02,4
516,1314,2025-11-27 14:35:02,5
516,953,2025-11-27 14:35:02,6
516,2092,2025-11-27 14:35:02,7
516,146,2025-11-27 14:35:02,8
516,1992,2025-11-27 14:35:02,9
516,2118,2025-11-27 14:35:02,10
517,2402,2020-06-23 06:24:50,1
517,374,2020-06-23 06:24:50,2
517,1022,2020-06-23 06:24:50,3
517,1415,2020-06-23 06:24:50,4
517,88,2020-06-23 06:24:50,5
517,1431,2020-06-23 06:24:50,6
517,915,2020-06-23 06:24:50,7
518,1271,2020-04-19 04:49:06,1
518,2504,2020-04-19 04:49:06,2
518,1041,2020-04-19 04:49:06,3
518,281,2020-04-19 04:49:06,4
518,2526,2020-04-19 04:49:06,5
518,1927,2020-04-19 04:49:06,6
518,451,2020-04-19 04:49:06,7
518,1365,2020-04-19 04:49:06,8
518,2037,2020-04-19 04:49:06,9
518,1287,2020-04-19 04:49:06,10
518,1467,2020-04-19 04:49:06,11
518,2033,2020-04-19 04:49:06,12
518,497,2020-04-19 04:49:06,13
518,1607,2020-04-19 04:49:06,14
518,1771,2020-04-19 04:49:06,15
518,945,2020-04-19 04:49:06,16
518,712,2020-04-19 04:49:06,17
518,2110,2020-04-19 04:49:06,18
518,2588,2020-04-19 04:49:06,19
518,539,2020-04-19 04:49:06,20
518,1138,2020-04-19 04:49:06,21
518,1678,2020-04-19 04:49:06,22
518,1008,2020-04-19 04:49:06,23
518,72,2020-04-19 04:49:06,24
518,1764,2020-04-19 04:49:06,25
518,493,2020-04-19 04:49:06,26
518,1682,2020-04-19 04:49:06,27
518,550,2020-04-19 04:49:06,28
519,2198,2022-11-07 11:54:07,1
519,1494,2022-11-07 11:54:07,2
519,1772,2022-11-07 11:54:07,3
519,973,2022-11-07 11:54:07,4
519,1295,2022-11-07 11:54:07,5
519,539,2022-11-07 11:54:07,6
519,38,2022-11-07 11:54:07,7
520,4,2023-07-10 13:52:30,1
520,1877,2023-07-10 13:52:30,2
520,1786,2023-07-10 13:52:30,3
520,300,2023-07-10 13:52:30,4
520,1281,2023-07-10 13:52:30,5
520,171,2023-07-10 13:52:30,6
520,1185,2023-07-10 13:52:30,7
520,631,2023-07-10 13:52:30,8
520,225,2023-07-10 13:52:30,9
520,1288,2023-07-10 13:52:30,10
520,2487,2023-07-10 13:52:30,11
520,2304,2023-07-10 13:52:30,12
520,1579,2023-07-10 13:52:30,13
520,2052,2023-07-10 13:52:30,14
520,1469,2023-07-10 13:52:30,15
520,1721,2023-07-10 13:52:30,16
520,2440,2023-07-10 13:52:30,17
520,1825,2023-07-10 13:52:30,18
520,1887,2023-07-10 13:52:30,19
520,317,2023-07-10 13:52:30,20
520,1254,2023-07-10 13:52:30,21
520,778,2023-07-10 13:52:30,22
520,884,2023-07-10 13:52:30,23
520,1731,2023-07-10 13:52:30,24
520,99,2023-07-10 13:52:30,25
520,2070,2023-07-10 13:52:30,26
520,173,2023-07-10 13:52:30,27
520,2429,2023-07-10 13:52:30,28
520,156,2023-07-10 13:52:30,29
521,181,2020-08-05 17:25:38,1
521,323,2020-08-05 17:25:38,2
521,1166,2020-08-05 17:25:38,3
521,1711,2020-08-05 17:25:38,4
521,394,2020-08-05 17:25:38,5
521,206,2020-08-05 17:25:38,6
521,887,2020-08-05 17:25:38,7
521,2458,2020-08-05 17:25:38,8
522,1989,2021-09-02 19:06:07,1
522,2104,2021-09-02 19:06:07,2
522,2149,2021-09-02 19:06:07,3
522,2052,2021-09-02 19:06:07,4
522,2283,2021-09-02 19:06:07,5
522,403,2021-09-02 19:06:07,6
522,2204,2021-09-02 19:06:07,7
522,2433,2021-09-02 19:06:07,8
522,849,2021-09-02 19:06:07,9
523,1152,2024-12-17 12:53:23,1
523,1601,2024-12-17 12:53:23,2
523,470,2024-12-17 12:53:23,3
523,1581,2024-12-17 12:53:23,4
523,996,2024-12-17 12:53:23,5
523,2273,2024-12-17 12:53:23,6
524,467,2023-12-15 05:27:18,1
524,1670,2023-12-15 05:27:18,2
524,2082,2023-12-15 05:27:18,3
524,1938,2023-12-15 05:27:18,4
524,2195,2023-12-15 05:27:18,5
524,1444,2023-12-15 05:27:18,6
524,363,2023-12-15 05:27:18,7
524,2161,2023-12-15 05:27:18,8
524,1447,2023-12-15 05:27:18,9
524,1723,2023-12-15 05:27:18,10
524,2441,2023-12-15 05:27:18,11
524,188,2023-12-15 05:27:18,12
524,1436,2023-12-15 05:27:18,13
524,2572,2023-12-15 05:27:18,14
524,145,2023-12-15 05:27:18,15
524,2422,2023-12-15 05:27:18,16
524,1564,2023-12-15 05:27:18,17
524,1369,2023-12-15 05:27:18,18
524,1640,2023-12-15 05:27:18,19
524,2281,2023-12-15 05:27:18,20
524,2197,2023-12-15 05:27:18,21
525,657,2022-08-30 10:06:46,1
525,1558,2022-08-30 10:06:46,2
525,1961,2022-08-30 10:06:46,3
525,722,2022-08-30 10:06:46,4
525,2147,2022-08-30 10:06:46,5
525,141,2022-08-30 10:06:46,6
525,50,2022-08-30 10:06:46,7
525,1963,2022-08-30 10:06:46,8
525,640,2022-08-30 10:06:46,9
525,2000,2022-08-30 10:06:46,10
525,642,2022-08-30 10:06:46,11
525,8,2022-08-30 10:06:46,12
525,2615,2022-08-30 10:06:46,13
525,2270,2022-08-30 10:06:46,14
525,460,2022-08-30 10:06:46,15
525,1190,2022-08-30 10:06:46,16
525,1833,2022-08-30 10:06:46,17
525,633,2022-08-30 10:06:46,18
525,2590,2022-08-30 10:06:46,19
525,792,2022-08-30 10:06:46,20
525,1877,2022-08-30 10:06:46,21
525,864,2022-08-30 10:06:46,22
525,1441,2022-08-30 10:06:46,23
525,1721,2022-08-30 10:06:46,24
525,1159,2022-08-30 10:06:46,25
525,73,2022-08-30 10:06:46,26
525,1910,2022-08-30 10:06:46,27
525,2113,2022-08-30 10:06:46,28
525,915,2022-08-30 10:06:46,29
526,118,2020-10-24 13:51:04,1
526,2186,2020-10-24 13:51:04,2
526,910,2020-10-24 13:51:04,3
526,204,2020-10-24 13:51:04,4
526,1640,2020-10-24 13:51:04,5
526,2473,2020-10-24 13:51:04,6
526,1817,2020-10-24 13:51:04,7
526,2132,2020-10-24 13:51:04,8
526,2452,2020-10-24 13:51:04,9
526,2393,2020-10-24 13:51:04,10
526,2576,2020-10-24 13:51:04,11
526,2334,2020-10-24 13:51:04,12
526,1521,2020-10-24 13:51:04,13
526,423,2020-10-24 13:51:04,14
526,2628,2020-10-24 13:51:04,15
526,1046,2020-10-24 13:51:04,16
526,1420,2020-10-24 13:51:04,17
526,1164,2020-10-24 13:51:04,18
526,2489,2020-10-24 13:51:04,19
526,2248,2020-10-24 13:51:04,20
526,838,2020-10-24 13:51:04,21
526,1687,2020-10-24 13:51:04,22
526,1891,2020-10-24 13:51:04,23
526,326,2020-10-24 13:51:04,24
526,1066,2020-10-24 13:51:04,25
526,1588,2020-10-24 13:51:04,26
526,1970,2020-10-24 13:51:04,27
526,1080,2020-10-24 13:51:04,28
527,145,2022-11-02 06:25:19,1
527,1781,2022-11-02 06:25:19,2
527,1553,2022-11-02 06:25:19,3
527,2158,2022-11-02 06:25:19,4
527,2110,2022-11-02 06:25:19,5
527,1712,2022-11-02 06:25:19,6
527,1841,2022-11-02 06:25:19,7
527,1527,2022-11-02 06:25:19,8
527,281,2022-11-02 06:25:19,9
527,2299,2022-11-02 06:25:19,10
527,1383,2022-11-02 06:25:19,11
527,2013,2022-11-02 06:25:19,12
527,414,2022-11-02 06:25:19,13
527,345,2022-11-02 06:25:19,14
527,1741,2022-11-02 06:25:19,15
527,1247,2022-11-02 06:25:19,16
527,1452,2022-11-02 06:25:19,17
527,1766,2022-11-02 06:25:19,18
527,187,2022-11-02 06:25:19,19
527,1439,2022-11-02 06:25:19,20
527,2489,2022-11-02 06:25:19,21
527,1497,2022-11-02 06:25:19,22
527,1648,2022-11-02 06:25:19,23
528,1244,2020-02-08 06:57:48,1
528,1020,2020-02-08 06:57:48,2
528,367,2020-02-08 06:57:48,3
528,2064,2020-02-08 06:57:48,4
528,200,2020-02-08 06:57:48,5
528,2564,2020-02-08 06:57:48,6
528,1798,2020-02-08 06:57:48,7
528,859,2020-02-08 06:57:48,8
528,2411,2020-02-08 06:57:48,9
528,601,2020-02-08 06:57:48,10
528,67,2020-02-08 06:57:48,11
529,133,2025-03-26 18:46:23,1
529,552,2025-03-26 18:46:23,2
529,1432,2025-03-26 18:46:23,3
529,2168,2025-03-26 18:46:23,4
529,1418,2025-03-26 18:46:23,5
529,1756,2025-03-26 18:46:23,6
529,1357,2025-03-26 18:46:23,7
529,877,2025-03-26 18:46:23,8
529,984,2025-03-26 18:46:23,9
529,1924,2025-03-26 18:46:23,10
529,1954,2025-03-26 18:46:23,11
529,1975,2025-03-26 18:46:23,12
529,992,2025-03-26 18:46:23,13
529,76,2025-03-26 18:46:23,14
529,820,2025-03-26 18:46:23,15
529,408,2025-03-26 18:46:23,16
529,1551,2025-03-26 18:46:23,17
529,2029,2025-03-26 18:46:23,18
529,2283,2025-03-26 18:46:23,19
529,1971,2025-03-26 18:46:23,20
529,444,2025-03-26 18:46:23,21
529,2425,2025-03-26 18:46:23,22
529,659,2025-03-26 18:46:23,23
529,1703,2025-03-26 18:46:23,24
529,442,2025-03-26 18:46:23,25
529,1521,2025-03-26 18:46:23,26
529,1160,2025-03-26 18:46:23,27
529,2243,2025-03-26 18:46:23,28
530,630,2021-08-11 18:37:59,1
530,52,2021-08-11 18:37:59,2
530,424,2021-08-11 18:37:59,3
530,589,2021-08-11 18:37:59,4
530,1076,2021-08-11 18:37:59,5
530,236,2021-08-11 18:37:59,6
530,568,2021-08-11 18:37:59,7
530,1536,2021-08-11 18:37:59,8
530,1189,2021-08-11 18:37:59,9
530,1381,2021-08-11 18:37:59,10
530,1316,2021-08-11 18:37:59,11
530,98,2021-08-11 18:37:59,12
530,237,2021-08-11 18:37:59,13
530,1402,2021-08-11 18:37:59,14
530,1212,2021-08-11 18:37:59,15
530,2417,2021-08-11 18:37:59,16
530,129,2021-08-11 18:37:59,17
530,2078,2021-08-11 18:37:59,18
530,150,2021-08-11 18:37:59,19
530,2309,2021-08-11 18:37:59,20
531,2256,2021-06-17 08:17:00,1
531,856,2021-06-17 08:17:00,2
531,2327,2021-06-17 08:17:00,3
531,2032,2021-06-17 08:17:00,4
531,1645,2021-06-17 08:17:00,5
531,2585,2021-06-17 08:17:00,6
531,1877,2021-06-17 08:17:00,7
531,971,2021-06-17 08:17:00,8
531,2132,2021-06-17 08:17:00,9
531,2089,2021-06-17 08:17:00,10
531,1960,2021-06-17 08:17:00,11
531,554,2021-06-17 08:17:00,12
531,1270,2021-06-17 08:17:00,13
531,1547,2021-06-17 08:17:00,14
531,399,2021-06-17 08:17:00,15
531,1605,2021-06-17 08:17:00,16
531,879,2021-06-17 08:17:00,17
531,55,2021-06-17 08:17:00,18
531,829,2021-06-17 08:17:00,19
531,1156,2021-06-17 08:17:00,20
531,1019,2021-06-17 08:17:00,21
531,2156,2021-06-17 08:17:00,22
531,901,2021-06-17 08:17:00,23
532,244,2020-12-05 03:20:30,1
532,113,2020-12-05 03:20:30,2
532,123,2020-12-05 03:20:30,3
532,2377,2020-12-05 03:20:30,4
532,326,2020-12-05 03:20:30,5
532,1193,2020-12-05 03:20:30,6
532,916,2020-12-05 03:20:30,7
532,1282,2020-12-05 03:20:30,8
532,645,2020-12-05 03:20:30,9
532,2520,2020-12-05 03:20:30,10
532,1259,2020-12-05 03:20:30,11
532,2534,2020-12-05 03:20:30,12
532,926,2020-12-05 03:20:30,13
532,73,2020-12-05 03:20:30,14
532,2015,2020-12-05 03:20:30,15
532,1139,2020-12-05 03:20:30,16
532,436,2020-12-05 03:20:30,17
532,1793,2020-12-05 03:20:30,18
532,2328,2020-12-05 03:20:30,19
532,2320,2020-12-05 03:20:30,20
532,2638,2020-12-05 03:20:30,21
532,1691,2020-12-05 03:20:30,22
532,1287,2020-12-05 03:20:30,23
532,1112,2020-12-05 03:20:30,24
532,1693,2020-12-05 03:20:30,25
532,1588,2020-12-05 03:20:30,26
532,626,2020-12-05 03:20:30,27
532,2098,2020-12-05 03:20:30,28
532,2537,2020-12-05 03:20:30,29
533,798,2023-03-28 17:09:59,1
533,1472,2023-03-28 17:09:59,2
533,409,2023-03-28 17:09:59,3
533,2138,2023-03-28 17:09:59,4
533,2481,2023-03-28 17:09:59,5
533,1547,2023-03-28 17:09:59,6
533,643,2023-03-28 17:09:59,7
533,596,2023-03-28 17:09:59,8
533,1380,2023-03-28 17:09:59,9
533,636,2023-03-28 17:09:59,10
533,1853,2023-03-28 17:09:59,11
533,1341,2023-03-28 17:09:59,12
533,2589,2023-03-28 17:09:59,13
533,1656,2023-03-28 17:09:59,14
533,229,2023-03-28 17:09:59,15
533,18,2023-03-28 17:09:59,16
533,680,2023-03-28 17:09:59,17
533,522,2023-03-28 17:09:59,18
533,1024,2023-03-28 17:09:59,19
533,154,2023-03-28 17:09:59,20
534,920,2024-05-01 09:21:36,1
534,1176,2024-05-01 09:21:36,2
534,160,2024-05-01 09:21:36,3
534,1525,2024-05-01 09:21:36,4
534,1566,2024-05-01 09:21:36,5
534,1918,2024-05-01 09:21:36,6
534,1850,2024-05-01 09:21:36,7
534,419,2024-05-01 09:21:36,8
534,756,2024-05-01 09:21:36,9
535,323,2024-03-19 19:40:40,1
535,1512,2024-03-19 19:40:40,2
535,2125,2024-03-19 19:40:40,3
535,2310,2024-03-19 19:40:40,4
535,179,2024-03-19 19:40:40,5
535,1075,2024-03-19 19:40:40,6
535,419,2024-03-19 19:40:40,7
535,2116,2024-03-19 19:40:40,8
535,2577,2024-03-19 19:40:40,9
535,680,2024-03-19 19:40:40,10
535,2077,2024-03-19 19:40:40,11
535,50,2024-03-19 19:40:40,12
535,1380,2024-03-19 19:40:40,13
535,285,2024-03-19 19:40:40,14
535,1691,2024-03-19 19:40:40,15
535,1649,2024-03-19 19:40:40,16
536,178,2021-01-07 16:08:32,1
536,2222,2021-01-07 16:08:32,2
536,471,2021-01-07 16:08:32,3
536,737,2021-01-07 16:08:32,4
536,891,2021-01-07 16:08:32,5
536,2373,2021-01-07 16:08:32,6
536,521,2021-01-07 16:08:32,7
536,1999,2021-01-07 16:08:32,8
536,2160,2021-01-07 16:08:32,9
536,2267,2021-01-07 16:08:32,10
536,1204,2021-01-07 16:08:32,11
536,1129,2021-01-07 16:08:32,12
536,1991,2021-01-07 16:08:32,13
536,2601,2021-01-07 16:08:32,14
536,2516,2021-01-07 16:08:32,15
536,138,2021-01-07 16:08:32,16
536,2391,2021-01-07 16:08:32,17
536,2281,2021-01-07 16:08:32,18
537,794,2022-09-09 10:34:35,1
537,1706,2022-09-09 10:34:35,2
537,340,2022-09-09 10:34:35,3
537,1337,2022-09-09 10:34:35,4
537,576,2022-09-09 10:34:35,5
537,1941,2022-09-09 10:34:35,6
537,1602,2022-09-09 10:34:35,7
537,2505,2022-09-09 10:34:35,8
537,1323,2022-09-09 10:34:35,9
537,2260,2022-09-09 10:34:35,10
537,1155,2022-09-09 10:34:35,11
537,1241,2022-09-09 10:34:35,12
537,637,2022-09-09 10:34:35,13
537,61,2022-09-09 10:34:35,14
537,593,2022-09-09 10:34:35,15
537,656,2022-09-09 10:34:35,16
537,1064,2022-09-09 10:34:35,17
538,2275,2022-05-17 20:11:11,1
538,612,2022-05-17 20:11:11,2
538,1029,2022-05-17 20:11:11,3
538,2199,2022-05-17 20:11:11,4
538,2230,2022-05-17 20:11:11,5
538,1610,2022-05-17 20:11:11,6
538,784,2022-05-17 20:11:11,7
538,289,2022-05-17 20:11:11,8
538,1001,2022-05-17 20:11:11,9
538,1891,2022-05-17 20:11:11,10
538,962,2022-05-17 20:11:11,11
538,1893,2022-05-17 20:11:11,12
538,315,2022-05-17 20:11:11,13
538,1230,2022-05-17 20:11:11,14
538,1504,2022-05-17 20:11:11,15
538,171,2022-05-17 20:11:11,16
538,928,2022-05-17 20:11:11,17
538,302,2022-05-17 20:11:11,18
538,451,2022-05-17 20:11:11,19
538,2184,2022-05-17 20:11:11,20
538,130,2022-05-17 20:11:11,21
538,625,2022-05-17 20:11:11,22
538,1558,2022-05-17 20:11:11,23
538,1560,2022-05-17 20:11:11,24
538,2586,2022-05-17 20:11:11,25
538,2406,2022-05-17 20:11:11,26
538,499,2022-05-17 20:11:11,27
539,498,2024-03-20 22:47:51,1
539,2476,2024-03-20 22:47:51,2
539,1019,2024-03-20 22:47:51,3
539,2351,2024-03-20 22:47:51,4
539,1675,2024-03-20 22:47:51,5
539,27,2024-03-20 22:47:51,6
539,1570,2024-03-20 22:47:51,7
539,350,2024-03-20 22:47:51,8
539,101,2024-03-20 22:47:51,9
539,1081,2024-03-20 22:47:51,10
539,1861,2024-03-20 22:47:51,11
539,379,2024-03-20 22:47:51,12
539,2054,2024-03-20 22:47:51,13
540,509,2024-08-26 23:01:52,1
540,418,2024-08-26 23:01:52,2
540,2377,2024-08-26 23:01:52,3
540,2522,2024-08-26 23:01:52,4
540,513,2024-08-26 23:01:52,5
540,1292,2024-08-26 23:01:52,6
540,1550,2024-08-26 23:01:52,7
540,2455,2024-08-26 23:01:52,8
540,586,2024-08-26 23:01:52,9
540,1245,2024-08-26 23:01:52,10
540,1992,2024-08-26 23:01:52,11
540,1677,2024-08-26 23:01:52,12
540,2295,2024-08-26 23:01:52,13
540,2262,2024-08-26 23:01:52,14
540,866,2024-08-26 23:01:52,15
540,1186,2024-08-26 23:01:52,16
540,260,2024-08-26 23:01:52,17
540,186,2024-08-26 23:01:52,18
540,903,2024-08-26 23:01:52,19
540,1073,2024-08-26 23:01:52,20
540,322,2024-08-26 23:01:52,21
540,1151,2024-08-26 23:01:52,22
540,382,2024-08-26 23:01:52,23
541,286,2024-01-12 13:05:35,1
541,2113,2024-01-12 13:05:35,2
541,425,2024-01-12 13:05:35,3
541,455,2024-01-12 13:05:35,4
541,2304,2024-01-12 13:05:35,5
541,2595,2024-01-12 13:05:35,6
541,1279,2024-01-12 13:05:35,7
541,40,2024-01-12 13:05:35,8
541,1401,2024-01-12 13:05:35,9
541,352,2024-01-12 13:05:35,10
541,949,2024-01-12 13:05:35,11
542,1290,2022-03-08 23:01:47,1
542,2606,2022-03-08 23:01:47,2
542,475,2022-03-08 23:01:47,3
542,1823,2022-03-08 23:01:47,4
542,2406,2022-03-08 23:01:47,5
542,10,2022-03-08 23:01:47,6
542,1269,2022-03-08 23:01:47,7
542,1278,2022-03-08 23:01:47,8
542,1845,2022-03-08 23:01:47,9
542,158,2022-03-08 23:01:47,10
543,1480,2023-06-18 16:45:59,1
543,1697,2023-06-18 16:45:59,2
543,6,2023-06-18 16:45:59,3
543,2346,2023-06-18 16:45:59,4
543,1126,2023-06-18 16:45:59,5
543,196,2023-06-18 16:45:59,6
543,1583,2023-06-18 16:45:59,7
543,1857,2023-06-18 16:45:59,8
543,410,2023-06-18 16:45:59,9
543,1213,2023-06-18 16:45:59,10
543,2062,2023-06-18 16:45:59,11
543,1880,2023-06-18 16:45:59,12
543,2157,2023-06-18 16:45:59,13
543,872,2023-06-18 16:45:59,14
543,284,2023-06-18 16:45:59,15
543,90,2023-06-18 16:45:59,16
543,811,2023-06-18 16:45:59,17
543,429,2023-06-18 16:45:59,18
543,1076,2023-06-18 16:45:59,19
543,1449,2023-06-18 16:45:59,20
543,1597,2023-06-18 16:45:59,21
544,1290,2021-12-01 20:40:44,1
544,1941,2021-12-01 20:40:44,2
544,513,2021-12-01 20:40:44,3
544,625,2021-12-01 20:40:44,4
544,1875,2021-12-01 20:40:44,5
544,1344,2021-12-01 20:40:44,6
544,1935,2021-12-01 20:40:44,7
544,2457,2021-12-01 20:40:44,8
544,1101,2021-12-01 20:40:44,9
544,224,2021-12-01 20:40:44,10
544,1864,2021-12-01 20:40:44,11
544,1097,2021-12-01 20:40:44,12
544,112,2021-12-01 20:40:44,13
545,880,2022-06-29 17:47:10,1
545,1843,2022-06-29 17:47:10,2
545,1088,2022-06-29 17:47:10,3
545,1058,2022-06-29 17:47:10,4
545,2533,2022-06-29 17:47:10,5
545,2570,2022-06-29 17:47:10,6
545,2379,2022-06-29 17:47:10,7
545,2513,2022-06-29 17:47:10,8
545,2152,2022-06-29 17:47:10,9
545,16,2022-06-29 17:47:10,10
545,2476,2022-06-29 17:47:10,11
545,941,2022-06-29 17:47:10,12
546,2493,2023-01-25 04:15:07,1
546,437,2023-01-25 04:15:07,2
546,937,2023-01-25 04:15:07,3
546,1611,2023-01-25 04:15:07,4
546,2519,2023-01-25 04:15:07,5
546,1184,2023-01-25 04:15:07,6
546,365,2023-01-25 04:15:07,7
546,762,2023-01-25 04:15:07,8
546,2581,2023-01-25 04:15:07,9
546,1657,2023-01-25 04:15:07,10
546,1231,2023-01-25 04:15:07,11
546,291,2023-01-25 04:15:07,12
547,1579,2025-07-06 02:20:24,1
547,70,2025-07-06 02:20:24,2
547,919,2025-07-06 02:20:24,3
547,688,2025-07-06 02:20:24,4
547,1748,2025-07-06 02:20:24,5
548,1847,2022-11-29 13:19:13,1
548,1437,2022-11-29 13:19:13,2
548,958,2022-11-29 13:19:13,3
548,268,2022-11-29 13:19:13,4
548,2646,2022-11-29 13:19:13,5
548,2280,2022-11-29 13:19:13,6
548,187,2022-11-29 13:19:13,7
548,1425,2022-11-29 13:19:13,8
548,2003,2022-11-29 13:19:13,9
548,1625,2022-11-29 13:19:13,10
548,989,2022-11-29 13:19:13,11
548,359,2022-11-29 13:19:13,12
548,149,2022-11-29 13:19:13,13
548,333,2022-11-29 13:19:13,14
548,110,2022-11-29 13:19:13,15
548,2187,2022-11-29 13:19:13,16
548,2469,2022-11-29 13:19:13,17
548,1664,2022-11-29 13:19:13,18
548,2638,2022-11-29 13:19:13,19
548,1362,2022-11-29 13:19:13,20
548,1210,2022-11-29 13:19:13,21
548,1668,2022-11-29 13:19:13,22
548,388,2022-11-29 13:19:13,23
548,679,2022-11-29 13:19:13,24
548,1320,2022-11-29 13:19:13,25
548,926,2022-11-29 13:19:13,26
548,1623,2022-11-29 13:19:13,27
548,154,2022-11-29 13:19:13,28
548,1592,2022-11-29 13:19:13,29
549,88,2024-12-30 23:04:08,1
549,252,2024-12-30 23:04:08,2
549,1151,2024-12-30 23:04:08,3
549,1806,2024-12-30 23:04:08,4
549,1191,2024-12-30 23:04:08,5
549,2135,2024-12-30 23:04:08,6
549,1639,2024-12-30 23:04:08,7
549,1901,2024-12-30 23:04:08,8
549,2456,2024-12-30 23:04:08,9
549,1231,2024-12-30 23:04:08,10
549,2300,2024-12-30 23:04:08,11
549,1551,2024-12-30 23:04:08,12
549,2604,2024-12-30 23:04:08,13
549,2606,2024-12-30 23:04:08,14
550,2126,2025-08-25 23:12:40,1
550,2421,2025-08-25 23:12:40,2
550,1113,2025-08-25 23:12:40,3
550,2084,2025-08-25 23:12:40,4
550,1034,2025-08-25 23:12:40,5
550,2117,2025-08-25 23:12:40,6
550,285,2025-08-25 23:12:40,7
550,1915,2025-08-25 23:12:40,8
550,50,2025-08-25 23:12:40,9
550,1010,2025-08-25 23:12:40,10
550,1661,2025-08-25 23:12:40,11
550,437,2025-08-25 23:12:40,12
550,104,2025-08-25 23:12:40,13
550,220,2025-08-25 23:12:40,14
550,1868,2025-08-25 23:12:40,15
550,1920,2025-08-25 23:12:40,16
550,17,2025-08-25 23:12:40,17
550,295,2025-08-25 23:12:40,18
550,1821,2025-08-25 23:12:40,19
550,1992,2025-08-25 23:12:40,20
550,909,2025-08-25 23:12:40,21
550,1969,2025-08-25 23:12:40,22
550,1283,2025-08-25 23:12:40,23
551,1270,2024-12-17 09:03:38,1
551,2440,2024-12-17 09:03:38,2
551,809,2024-12-17 09:03:38,3
551,828,2024-12-17 09:03:38,4
551,152,2024-12-17 09:03:38,5
551,1820,2024-12-17 09:03:38,6
551,2162,2024-12-17 09:03:38,7
551,423,2024-12-17 09:03:38,8
551,454,2024-12-17 09:03:38,9
551,303,2024-12-17 09:03:38,10
551,1812,2024-12-17 09:03:38,11
551,437,2024-12-17 09:03:38,12
551,2351,2024-12-17 09:03:38,13
551,1734,2024-12-17 09:03:38,14
551,214,2024-12-17 09:03:38,15
551,150,2024-12-17 09:03:38,16
551,1139,2024-12-17 09:03:38,17
551,2524,2024-12-17 09:03:38,18
551,97,2024-12-17 09:03:38,19
551,698,2024-12-17 09:03:38,20
551,381,2024-12-17 09:03:38,21
551,1098,2024-12-17 09:03:38,22
551,1174,2024-12-17 09:03:38,23
552,353,2024-01-14 02:19:39,1
552,1461,2024-01-14 02:19:39,2
552,1369,2024-01-14 02:19:39,3
552,2425,2024-01-14 02:19:39,4
552,1733,2024-01-14 02:19:39,5
552,1834,2024-01-14 02:19:39,6
552,1145,2024-01-14 02:19:39,7
552,932,2024-01-14 02:19:39,8
552,952,2024-01-14 02:19:39,9
552,956,2024-01-14 02:19:39,10
552,2126,2024-01-14 02:19:39,11
552,1242,2024-01-14 02:19:39,12
552,2313,2024-01-14 02:19:39,13
552,1668,2024-01-14 02:19:39,14
553,1403,2023-03-13 15:44:18,1
553,1533,2023-03-13 15:44:18,2
553,663,2023-03-13 15:44:18,3
553,938,2023-03-13 15:44:18,4
553,2325,2023-03-13 15:44:18,5
553,447,2023-03-13 15:44:18,6
553,1967,2023-03-13 15:44:18,7
553,109,2023-03-13 15:44:18,8
553,865,2023-03-13 15:44:18,9
553,960,2023-03-13 15:44:18,10
553,1476,2023-03-13 15:44:18,11
553,999,2023-03-13 15:44:18,12
553,6,2023-03-13 15:44:18,13
553,227,2023-03-13 15:44:18,14
553,1275,2023-03-13 15:44:18,15
553,2529,2023-03-13 15:44:18,16
553,2399,2023-03-13 15:44:18,17
553,2391,2023-03-13 15:44:18,18
553,738,2023-03-13 15:44:18,19
553,1576,2023-03-13 15:44:18,20
553,2567,2023-03-13 15:44:18,21
553,1656,2023-03-13 15:44:18,22
553,1426,2023-03-13 15:44:18,23
553,879,2023-03-13 15:44:18,24
553,1581,2023-03-13 15:44:18,25
553,458,2023-03-13 15:44:18,26
553,2513,2023-03-13 15:44:18,27
554,2653,2021-10-08 23:48:26,1
554,1870,2021-10-08 23:48:26,2
554,965,2021-10-08 23:48:26,3
554,426,2021-10-08 23:48:26,4
554,1862,2021-10-08 23:48:26,5
554,887,2021-10-08 23:48:26,6
554,2327,2021-10-08 23:48:26,7
554,1243,2021-10-08 23:48:26,8
554,1752,2021-10-08 23:48:26,9
554,634,2021-10-08 23:48:26,10
554,1119,2021-10-08 23:48:26,11
554,2075,2021-10-08 23:48:26,12
554,2029,2021-10-08 23:48:26,13
554,624,2021-10-08 23:48:26,14
554,804,2021-10-08 23:48:26,15
554,2295,2021-10-08 23:48:26,16
554,1430,2021-10-08 23:48:26,17
554,2155,2021-10-08 23:48:26,18
554,1541,2021-10-08 23:48:26,19
554,1350,2021-10-08 23:48:26,20
555,998,2023-07-30 23:08:58,1
555,2547,2023-07-30 23:08:58,2
555,629,2023-07-30 23:08:58,3
555,1963,2023-07-30 23:08:58,4
555,1590,2023-07-30 23:08:58,5
555,2267,2023-07-30 23:08:58,6
555,1857,2023-07-30 23:08:58,7
555,379,2023-07-30 23:08:58,8
555,1069,2023-07-30 23:08:58,9
555,321,2023-07-30 23:08:58,10
555,989,2023-07-30 23:08:58,11
555,1121,2023-07-30 23:08:58,12
555,2362,2023-07-30 23:08:58,13
555,823,2023-07-30 23:08:58,14
555,510,2023-07-30 23:08:58,15
555,1973,2023-07-30 23:08:58,16
555,2495,2023-07-30 23:08:58,17
555,1600,2023-07-30 23:08:58,18
555,1804,2023-07-30 23:08:58,19
555,137,2023-07-30 23:08:58,20
555,1764,2023-07-30 23:08:58,21
555,25,2023-07-30 23:08:58,22
555,1497,2023-07-30 23:08:58,23
555,1491,2023-07-30 23:08:58,24
555,2291,2023-07-30 23:08:58,25
555,2626,2023-07-30 23:08:58,26
556,1957,2022-09-08 04:13:21,1
556,938,2022-09-08 04:13:21,2
556,1309,2022-09-08 04:13:21,3
556,1895,2022-09-08 04:13:21,4
556,2489,2022-09-08 04:13:21,5
556,514,2022-09-08 04:13:21,6
556,486,2022-09-08 04:13:21,7
556,498,2022-09-08 04:13:21,8
557,559,2021-02-09 14:30:45,1
557,1389,2021-02-09 14:30:45,2
557,101,2021-02-09 14:30:45,3
557,1611,2021-02-09 14:30:45,4
557,2407,2021-02-09 14:30:45,5
557,2283,2021-02-09 14:30:45,6
557,2509,2021-02-09 14:30:45,7
557,770,2021-02-09 14:30:45,8
557,1520,2021-02-09 14:30:45,9
557,1078,2021-02-09 14:30:45,10
557,1239,2021-02-09 14:30:45,11
557,1642,2021-02-09 14:30:45,12
557,855,2021-02-09 14:30:45,13
557,2428,2021-02-09 14:30:45,14
557,2192,2021-02-09 14:30:45,15
557,2442,2021-02-09 14:30:45,16
557,1835,2021-02-09 14:30:45,17
558,417,2020-09-02 03:25:11,1
558,1213,2020-09-02 03:25:11,2
558,2574,2020-09-02 03:25:11,3
558,2646,2020-09-02 03:25:11,4
558,1343,2020-09-02 03:25:11,5
559,1991,2022-07-21 09:40:12,1
559,21,2022-07-21 09:40:12,2
559,946,2022-07-21 09:40:12,3
559,2455,2022-07-21 09:40:12,4
559,973,2022-07-21 09:40:12,5
559,1027,2022-07-21 09:40:12,6
559,542,2022-07-21 09:40:12,7
559,1948,2022-07-21 09:40:12,8
559,406,2022-07-21 09:40:12,9
559,2216,2022-07-21 09:40:12,10
559,1619,2022-07-21 09:40:12,11
559,1629,2022-07-21 09:40:12,12
559,2389,2022-07-21 09:40:12,13
559,619,2022-07-21 09:40:12,14
559,1484,2022-07-21 09:40:12,15
559,1320,2022-07-21 09:40:12,16
560,2476,2020-03-15 21:30:23,1
560,225,2020-03-15 21:30:23,2
560,1349,2020-03-15 21:30:23,3
560,98,2020-03-15 21:30:23,4
560,2545,2020-03-15 21:30:23,5
560,712,2020-03-15 21:30:23,6
560,1596,2020-03-15 21:30:23,7
560,220,2020-03-15 21:30:23,8
560,30,2020-03-15 21:30:23,9
561,329,2022-04-19 22:38:13,1
561,456,2022-04-19 22:38:13,2
561,227,2022-04-19 22:38:13,3
561,341,2022-04-19 22:38:13,4
561,1339,2022-04-19 22:38:13,5
561,1738,2022-04-19 22:38:13,6
562,1701,2023-01-20 15:42:46,1
562,289,2023-01-20 15:42:46,2
562,2398,2023-01-20 15:42:46,3
562,1883,2023-01-20 15:42:46,4
562,789,2023-01-20 15:42:46,5
562,2302,2023-01-20 15:42:46,6
562,1057,2023-01-20 15:42:46,7
563,1034,2022-12-25 18:13:52,1
563,2554,2022-12-25 18:13:52,2
563,2568,2022-12-25 18:13:52,3
563,2107,2022-12-25 18:13:52,4
563,336,2022-12-25 18:13:52,5
563,571,2022-12-25 18:13:52,6
563,360,2022-12-25 18:13:52,7
563,947,2022-12-25 18:13:52,8
563,5,2022-12-25 18:13:52,9
563,193,2022-12-25 18:13:52,10
563,2278,2022-12-25 18:13:52,11
563,2098,2022-12-25 18:13:52,12
563,574,2022-12-25 18:13:52,13
563,792,2022-12-25 18:13:52,14
563,2175,2022-12-25 18:13:52,15
563,1241,2022-12-25 18:13:52,16
563,1538,2022-12-25 18:13:52,17
563,2347,2022-12-25 18:13:52,18
563,2558,2022-12-25 18:13:52,19
563,210,2022-12-25 18:13:52,20
563,2297,2022-12-25 18:13:52,21
563,1659,2022-12-25 18:13:52,22
563,1959,2022-12-25 18:13:52,23
563,524,2022-12-25 18:13:52,24
563,806,2022-12-25 18:13:52,25
563,894,2022-12-25 18:13:52,26
563,302,2022-12-25 18:13:52,27
563,252,2022-12-25 18:13:52,28
563,1081,2022-12-25 18:13:52,29
563,1075,2022-12-25 18:13:52,30
564,512,2021-02-12 06:52:52,1
564,2023,2021-02-12 06:52:52,2
564,1910,2021-02-12 06:52:52,3
564,2573,2021-02-12 06:52:52,4
564,1004,2021-02-12 06:52:52,5
564,1691,2021-02-12 06:52:52,6
564,1487,2021-02-12 06:52:52,7
564,1299,2021-02-12 06:52:52,8
564,1717,2021-02-12 06:52:52,9
564,288,2021-02-12 06:52:52,10
564,2482,2021-02-12 06:52:52,11
564,568,2021-02-12 06:52:52,12
564,518,2021-02-12 06:52:52,13
564,295,2021-02-12 06:52:52,14
564,2173,2021-02-12 06:52:52,15
564,2241,2021-02-12 06:52:52,16
564,558,2021-02-12 06:52:52,17
564,573,2021-02-12 06:52:52,18
564,86,2021-02-12 06:52:52,19
564,1683,2021-02-12 06:52:52,20
564,874,2021-02-12 06:52:52,21
565,335,2025-09-04 14:03:27,1
565,2156,2025-09-04 14:03:27,2
565,1629,2025-09-04 14:03:27,3
565,1178,2025-09-04 14:03:27,4
565,498,2025-09-04 14:03:27,5
565,1969,2025-09-04 14:03:27,6
565,1575,2025-09-04 14:03:27,7
565,259,2025-09-04 14:03:27,8
565,2614,2025-09-04 14:03:27,9
565,2580,2025-09-04 14:03:27,10
565,2570,2025-09-04 14:03:27,11
565,915,2025-09-04 14:03:27,12
565,120,2025-09-04 14:03:27,13
565,638,2025-09-04 14:03:27,14
565,777,2025-09-04 14:03:27,15
565,1694,2025-09-04 14:03:27,16
565,1073,2025-09-04 14:03:27,17
565,477,2025-09-04 14:03:27,18
565,2572,2025-09-04 14:03:27,19
565,1788,2025-09-04 14:03:27,20
565,2489,2025-09-04 14:03:27,21
565,978,2025-09-04 14:03:27,22
565,1735,2025-09-04 14:03:27,23
565,2076,2025-09-04 14:03:27,24
565,776,2025-09-04 14:03:27,25
565,1298,2025-09-04 14:03:27,26
565,2563,2025-09-04 14:03:27,27
565,2497,2025-09-04 14:03:27,28
565,2421,2025-09-04 14:03:27,29
566,1696,2024-07-26 11:25:00,1
566,1895,2024-07-26 11:25:00,2
566,1780,2024-07-26 11:25:00,3
566,1122,2024-07-26 11:25:00,4
566,62,2024-07-26 11:25:00,5
566,999,2024-07-26 11:25:00,6
566,604,2024-07-26 11:25:00,7
567,2366,2021-06-14 10:30:59,1
567,278,2021-06-14 10:30:59,2
567,2342,2021-06-14 10:30:59,3
567,935,2021-06-14 10:30:59,4
567,736,2021-06-14 10:30:59,5
567,1407,2021-06-14 10:30:59,6
567,574,2021-06-14 10:30:59,7
567,2186,2021-06-14 10:30:59,8
567,612,2021-06-14 10:30:59,9
567,2602,2021-06-14 10:30:59,10
567,1648,2021-06-14 10:30:59,11
567,1861,2021-06-14 10:30:59,12
568,717,2024-08-06 06:02:56,1
568,1559,2024-08-06 06:02:56,2
568,2468,2024-08-06 06:02:56,3
568,985,2024-08-06 06:02:56,4
568,1889,2024-08-06 06:02:56,5
568,2389,2024-08-06 06:02:56,6
568,1066,2024-08-06 06:02:56,7
568,2479,2024-08-06 06:02:56,8
569,2326,2025-12-24 12:19:46,1
569,1315,2025-12-24 12:19:46,2
569,678,2025-12-24 12:19:46,3
569,764,2025-12-24 12:19:46,4
569,1283,2025-12-24 12:19:46,5
569,758,2025-12-24 12:19:46,6
569,2519,2025-12-24 12:19:46,7
569,1698,2025-12-24 12:19:46,8
569,1054,2025-12-24 12:19:46,9
569,1058,2025-12-24 12:19:46,10
569,1235,2025-12-24 12:19:46,11
569,2131,2025-12-24 12:19:46,12
569,1141,2025-12-24 12:19:46,13
569,1018,2025-12-24 12:19:46,14
569,2580,2025-12-24 12:19:46,15
569,1759,2025-12-24 12:19:46,16
569,2221,2025-12-24 12:19:46,17
569,1782,2025-12-24 12:19:46,18
569,2078,2025-12-24 12:19:46,19
569,463,2025-12-24 12:19:46,20
569,476,2025-12-24 12:19:46,21
569,305,2025-12-24 12:19:46,22
569,1267,2025-12-24 12:19:46,23
569,912,2025-12-24 12:19:46,24
570,190,2024-07-22 20:39:51,1
570,1746,2024-07-22 20:39:51,2
570,1055,2024-07-22 20:39:51,3
570,100,2024-07-22 20:39:51,4
570,2479,2024-07-22 20:39:51,5
570,2129,2024-07-22 20:39:51,6
570,101,2024-07-22 20:39:51,7
570,1313,2024-07-22 20:39:51,8
570,2302,2024-07-22 20:39:51,9
570,2047,2024-07-22 20:39:51,10
570,1962,2024-07-22 20:39:51,11
570,349,2024-07-22 20:39:51,12
571,1300,2022-03-04 04:29:33,1
571,1425,2022-03-04 04:29:33,2
571,2433,2022-03-04 04:29:33,3
571,229,2022-03-04 04:29:33,4
571,2623,2022-03-04 04:29:33,5
571,1592,2022-03-04 04:29:33,6
571,684,2022-03-04 04:29:33,7
571,1973,2022-03-04 04:29:33,8
571,2174,2022-03-04 04:29:33,9
571,1962,2022-03-04 04:29:33,10
571,2498,2022-03-04 04:29:33,11
571,214,2022-03-04 04:29:33,12
571,704,2022-03-04 04:29:33,13
571,1460,2022-03-04 04:29:33,14
571,2364,2022-03-04 04:29:33,15
572,623,2023-08-22 15:00:05,1
572,65,2023-08-22 15:00:05,2
572,1092,2023-08-22 15:00:05,3
572,1599,2023-08-22 15:00:05,4
572,965,2023-08-22 15:00:05,5
572,1917,2023-08-22 15:00:05,6
572,690,2023-08-22 15:00:05,7
572,477,2023-08-22 15:00:05,8
573,732,2025-09-26 11:43:09,1
573,1626,2025-09-26 11:43:09,2
573,1620,2025-09-26 11:43:09,3
573,93,2025-09-26 11:43:09,4
573,887,2025-09-26 11:43:09,5
573,598,2025-09-26 11:43:09,6
573,780,2025-09-26 11:43:09,7
573,1328,2025-09-26 11:43:09,8
573,2084,2025-09-26 11:43:09,9
573,1217,2025-09-26 11:43:09,10
573,297,2025-09-26 11:43:09,11
573,2193,2025-09-26 11:43:09,12
573,28,2025-09-26 11:43:09,13
573,718,2025-09-26 11:43:09,14
573,2550,2025-09-26 11:43:09,15
573,1309,2025-09-26 11:43:09,16
573,1412,2025-09-26 11:43:09,17
573,2537,2025-09-26 11:43:09,18
574,2326,2021-10-26 13:05:09,1
574,2006,2021-10-26 13:05:09,2
574,1919,2021-10-26 13:05:09,3
574,932,2021-10-26 13:05:09,4
574,1866,2021-10-26 13:05:09,5
574,2340,2021-10-26 13:05:09,6
574,802,2021-10-26 13:05:09,7
574,2465,2021-10-26 13:05:09,8
574,1471,2021-10-26 13:05:09,9
574,2003,2021-10-26 13:05:09,10
574,2372,2021-10-26 13:05:09,11
574,1294,2021-10-26 13:05:09,12
574,1419,2021-10-26 13:05:09,13
574,277,2021-10-26 13:05:09,14
574,2312,2021-10-26 13:05:09,15
574,2636,2021-10-26 13:05:09,16
574,599,2021-10-26 13:05:09,17
574,1044,2021-10-26 13:05:09,18
574,1850,2021-10-26 13:05:09,19
574,1104,2021-10-26 13:05:09,20
574,350,2021-10-26 13:05:09,21
574,302,2021-10-26 13:05:09,22
574,264,2021-10-26 13:05:09,23
575,888,2020-01-31 01:10:05,1
575,1604,2020-01-31 01:10:05,2
575,1868,2020-01-31 01:10:05,3
575,49,2020-01-31 01:10:05,4
575,895,2020-01-31 01:10:05,5
575,2162,2020-01-31 01:10:05,6
575,1744,2020-01-31 01:10:05,7
575,608,2020-01-31 01:10:05,8
575,1455,2020-01-31 01:10:05,9
575,1610,2020-01-31 01:10:05,10
575,1897,2020-01-31 01:10:05,11
575,1766,2020-01-31 01:10:05,12
575,427,2020-01-31 01:10:05,13
575,424,2020-01-31 01:10:05,14
575,657,2020-01-31 01:10:05,15
575,1495,2020-01-31 01:10:05,16
575,2276,2020-01-31 01:10:05,17
575,1195,2020-01-31 01:10:05,18
575,841,2020-01-31 01:10:05,19
575,852,2020-01-31 01:10:05,20
576,60,2022-08-27 05:32:20,1
576,2225,2022-08-27 05:32:20,2
576,176,2022-08-27 05:32:20,3
576,1481,2022-08-27 05:32:20,4
576,1630,2022-08-27 05:32:20,5
577,132,2020-03-14 10:23:54,1
577,2082,2020-03-14 10:23:54,2
577,599,2020-03-14 10:23:54,3
577,2368,2020-03-14 10:23:54,4
577,681,2020-03-14 10:23:54,5
577,2574,2020-03-14 10:23:54,6
577,1036,2020-03-14 10:23:54,7
577,2612,2020-03-14 10:23:54,8
577,2289,2020-03-14 10:23:54,9
577,571,2020-03-14 10:23:54,10
577,2095,2020-03-14 10:23:54,11
577,1911,2020-03-14 10:23:54,12
578,702,2021-12-17 19:49:31,1
578,454,2021-12-17 19:49:31,2
578,162,2021-12-17 19:49:31,3
578,1933,2021-12-17 19:49:31,4
578,2137,2021-12-17 19:49:31,5
578,2150,2021-12-17 19:49:31,6
578,831,2021-12-17 19:49:31,7
578,341,2021-12-17 19:49:31,8
578,704,2021-12-17 19:49:31,9
578,2608,2021-12-17 19:49:31,10
578,1808,2021-12-17 19:49:31,11
578,941,2021-12-17 19:49:31,12
579,1749,2020-10-02 04:18:51,1
579,1447,2020-10-02 04:18:51,2
579,1191,2020-10-02 04:18:51,3
579,2232,2020-10-02 04:18:51,4
579,1430,2020-10-02 04:18:51,5
579,612,2020-10-02 04:18:51,6
579,754,2020-10-02 04:18:51,7
579,11,2020-10-02 04:18:51,8
579,1934,2020-10-02 04:18:51,9
579,548,2020-10-02 04:18:51,10
579,27,2020-10-02 04:18:51,11
579,263,2020-10-02 04:18:51,12
579,2528,2020-10-02 04:18:51,13
579,1840,2020-10-02 04:18:51,14
579,93,2020-10-02 04:18:51,15
579,2255,2020-10-02 04:18:51,16
579,1209,2020-10-02 04:18:51,17
579,565,2020-10-02 04:18:51,18
579,1925,2020-10-02 04:18:51,19
579,1038,2020-10-02 04:18:51,20
579,285,2020-10-02 04:18:51,21
579,1790,2020-10-02 04:18:51,22
579,657,2020-10-02 04:18:51,23
579,2008,2020-10-02 04:18:51,24
579,2512,2020-10-02 04:18:51,25
579,1761,2020-10-02 04:18:51,26
579,858,2020-10-02 04:18:51,27
580,1621,2024-11-11 18:59:25,1
580,1337,2024-11-11 18:59:25,2
580,272,2024-11-11 18:59:25,3
580,644,2024-11-11 18:59:25,4
580,2559,2024-11-11 18:59:25,5
580,1341,2024-11-11 18:59:25,6
580,1448,2024-11-11 18:59:25,7
580,1360,2024-11-11 18:59:25,8
580,375,2024-11-11 18:59:25,9
580,80,2024-11-11 18:59:25,10
580,76,2024-11-11 18:59:25,11
580,1489,2024-11-11 18:59:25,12
580,331,2024-11-11 18:59:25,13
580,133,2024-11-11 18:59:25,14
580,2103,2024-11-11 18:59:25,15
580,471,2024-11-11 18:59:25,16
580,2534,2024-11-11 18:59:25,17
580,1244,2024-11-11 18:59:25,18
580,2203,2024-11-11 18:59:25,19
580,1049,2024-11-11 18:59:25,20
580,528,2024-11-11 18:59:25,21
580,1759,2024-11-11 18:59:25,22
580,709,2024-11-11 18:59:25,23
580,852,2024-11-11 18:59:25,24
580,196,2024-11-11 18:59:25,25
581,860,2022-06-24 21:28:35,1
581,1714,2022-06-24 21:28:35,2
581,44,2022-06-24 21:28:35,3
581,1851,2022-06-24 21:28:35,4
581,552,2022-06-24 21:28:35,5
582,986,2021-02-09 20:26:29,1
582,1320,2021-02-09 20:26:29,2
582,157,2021-02-09 20:26:29,3
582,629,2021-02-09 20:26:29,4
582,2167,2021-02-09 20:26:29,5
582,946,2021-02-09 20:26:29,6
582,12,2021-02-09 20:26:29,7
582,780,2021-02-09 20:26:29,8
582,1113,2021-02-09 20:26:29,9
583,584,2022-07-23 11:26:59,1
583,2621,2022-07-23 11:26:59,2
583,1125,2022-07-23 11:26:59,3
583,809,2022-07-23 11:26:59,4
583,1872,2022-07-23 11:26:59,5
583,1356,2022-07-23 11:26:59,6
583,839,2022-07-23 11:26:59,7
583,2353,2022-07-23 11:26:59,8
583,470,2022-07-23 11:26:59,9
583,1781,2022-07-23 11:26:59,10
583,2348,2022-07-23 11:26:59,11
583,580,2022-07-23 11:26:59,12
583,2295,2022-07-23 11:26:59,13
583,124,2022-07-23 11:26:59,14
583,2483,2022-07-23 11:26:59,15
583,459,2022-07-23 11:26:59,16
583,1703,2022-07-23 11:26:59,17
583,1624,2022-07-23 11:26:59,18
583,906,2022-07-23 11:26:59,19
583,508,2022-07-23 11:26:59,20
583,1729,2022-07-23 11:26:59,21
583,1747,2022-07-23 11:26:59,22
583,2508,2022-07-23 11:26:59,23
583,1580,2022-07-23 11:26:59,24
583,2287,2022-07-23 11:26:59,25
583,1931,2022-07-23 11:26:59,26
584,1252,2024-11-09 21:46:08,1
584,38,2024-11-09 21:46:08,2
584,1019,2024-11-09 21:46:08,3
584,846,2024-11-09 21:46:08,4
584,6,2024-11-09 21:46:08,5
584,1042,2024-11-09 21:46:08,6
584,1532,2024-11-09 21:46:08,7
584,1141,2024-11-09 21:46:08,8
584,1036,2024-11-09 21:46:08,9
584,264,2024-11-09 21:46:08,10
584,78,2024-11-09 21:46:08,11
584,1596,2024-11-09 21:46:08,12
584,408,2024-11-09 21:46:08,13
584,1786,2024-11-09 21:46:08,14
584,1602,2024-11-09 21:46:08,15
584,1081,2024-11-09 21:46:08,16
584,2377,2024-11-09 21:46:08,17
584,1902,2024-11-09 21:46:08,18
584,18,2024-11-09 21:46:08,19
584,126,2024-11-09 21:46:08,20
584,2239,2024-11-09 21:46:08,21
584,1178,2024-11-09 21:46:08,22
584,1189,2024-11-09 21:46:08,23
584,1357,2024-11-09 21:46:08,24
584,2263,2024-11-09 21:46:08,25
584,113,2024-11-09 21:46:08,26
584,409,2024-11-09 21:46:08,27
584,1349,2024-11-09 21:46:08,28
585,390,2024-07-01 19:33:01,1
585,2007,2024-07-01 19:33:01,2
585,1668,2024-07-01 19:33:01,3
585,1227,2024-07-01 19:33:01,4
585,585,2024-07-01 19:33:01,5
585,2377,2024-07-01 19:33:01,6
585,1692,2024-07-01 19:33:01,7
585,697,2024-07-01 19:33:01,8
585,2113,2024-07-01 19:33:01,9
585,15,2024-07-01 19:33:01,10
585,2402,2024-07-01 19:33:01,11
585,531,2024-07-01 19:33:01,12
585,1212,2024-07-01 19:33:01,13
585,393,2024-07-01 19:33:01,14
585,488,2024-07-01 19:33:01,15
585,1470,2024-07-01 19:33:01,16
585,25,2024-07-01 19:33:01,17
585,1302,2024-07-01 19:33:01,18
585,75,2024-07-01 19:33:01,19
585,2498,2024-07-01 19:33:01,20
585,1671,2024-07-01 19:33:01,21
585,2521,2024-07-01 19:33:01,22
585,2348,2024-07-01 19:33:01,23
585,1703,2024-07-01 19:33:01,24
585,405,2024-07-01 19:33:01,25
585,800,2024-07-01 19:33:01,26
585,501,2024-07-01 19:33:01,27
585,1352,2024-07-01 19:33:01,28
586,1358,2023-05-06 03:02:47,1
586,1526,2023-05-06 03:02:47,2
586,655,2023-05-06 03:02:47,3
586,1002,2023-05-06 03:02:47,4
586,667,2023-05-06 03:02:47,5
586,546,2023-05-06 03:02:47,6
586,2264,2023-05-06 03:02:47,7
586,197,2023-05-06 03:02:47,8
586,1329,2023-05-06 03:02:47,9
586,2062,2023-05-06 03:02:47,10
587,791,2025-04-26 19:46:43,1
587,1868,2025-04-26 19:46:43,2
587,2654,2025-04-26 19:46:43,3
587,1823,2025-04-26 19:46:43,4
587,2605,2025-04-26 19:46:43,5
587,1246,2025-04-26 19:46:43,6
587,963,2025-04-26 19:46:43,7
587,1433,2025-04-26 19:46:43,8
587,1111,2025-04-26 19:46:43,9
587,235,2025-04-26 19:46:43,10
587,1254,2025-04-26 19:46:43,11
587,2036,2025-04-26 19:46:43,12
587,1658,2025-04-26 19:46:43,13
587,715,2025-04-26 19:46:43,14
587,1393,2025-04-26 19:46:43,15
587,813,2025-04-26 19:46:43,16
587,2441,2025-04-26 19:46:43,17
587,1492,2025-04-26 19:46:43,18
587,192,2025-04-26 19:46:43,19
587,437,2025-04-26 19:46:43,20
587,357,2025-04-26 19:46:43,21
587,475,2025-04-26 19:46:43,22
588,652,2021-12-17 00:26:05,1
588,1330,2021-12-17 00:26:05,2
588,1309,2021-12-17 00:26:05,3
588,2075,2021-12-17 00:26:05,4
588,1784,2021-12-17 00:26:05,5
588,744,2021-12-17 00:26:05,6
588,1897,2021-12-17 00:26:05,7
588,1825,2021-12-17 00:26:05,8
588,2226,2021-12-17 00:26:05,9
588,2262,2021-12-17 00:26:05,10
588,2205,2021-12-17 00:26:05,11
588,726,2021-12-17 00:26:05,12
588,1647,2021-12-17 00:26:05,13
588,166,2021-12-17 00:26:05,14
588,906,2021-12-17 00:26:05,15
589,1824,2022-04-15 19:15:03,1
589,1132,2022-04-15 19:15:03,2
589,2178,2022-04-15 19:15:03,3
589,2407,2022-04-15 19:15:03,4
589,77,2022-04-15 19:15:03,5
589,975,2022-04-15 19:15:03,6
589,82,2022-04-15 19:15:03,7
590,1470,2022-04-20 03:54:13,1
590,2186,2022-04-20 03:54:13,2
590,2079,2022-04-20 03:54:13,3
590,29,2022-04-20 03:54:13,4
590,2429,2022-04-20 03:54:13,5
590,1929,2022-04-20 03:54:13,6
590,483,2022-04-20 03:54:13,7
590,2227,2022-04-20 03:54:13,8
590,1769,2022-04-20 03:54:13,9
590,277,2022-04-20 03:54:13,10
590,1268,2022-04-20 03:54:13,11
590,538,2022-04-20 03:54:13,12
590,730,2022-04-20 03:54:13,13
591,902,2021-05-05 00:28:50,1
591,1508,2021-05-05 00:28:50,2
591,1346,2021-05-05 00:28:50,3
591,1209,2021-05-05 00:28:50,4
591,1493,2021-05-05 00:28:50,5
591,2443,2021-05-05 00:28:50,6
591,742,2021-05-05 00:28:50,7
591,186,2021-05-05 00:28:50,8
591,1336,2021-05-05 00:28:50,9
591,1445,2021-05-05 00:28:50,10
591,2309,2021-05-05 00:28:50,11
591,1667,2021-05-05 00:28:50,12
591,1815,2021-05-05 00:28:50,13
591,1316,2021-05-05 00:28:50,14
591,1823,2021-05-05 00:28:50,15
591,2032,2021-05-05 00:28:50,16
591,2456,2021-05-05 00:28:50,17
591,2488,2021-05-05 00:28:50,18
591,362,2021-05-05 00:28:50,19
591,439,2021-05-05 00:28:50,20
591,772,2021-05-05 00:28:50,21
591,1840,2021-05-05 00:28:50,22
591,2427,2021-05-05 00:28:50,23
591,2246,2021-05-05 00:28:50,24
592,76,2024-11-18 14:49:28,1
592,1252,2024-11-18 14:49:28,2
592,1358,2024-11-18 14:49:28,3
592,1916,2024-11-18 14:49:28,4
592,1687,2024-11-18 14:49:28,5
592,585,2024-11-18 14:49:28,6
592,1812,2024-11-18 14:49:28,7
592,1025,2024-11-18 14:49:28,8
592,1332,2024-11-18 14:49:28,9
592,427,2024-11-18 14:49:28,10
592,360,2024-11-18 14:49:28,11
592,1594,2024-11-18 14:49:28,12
593,2251,2022-09-16 17:38:23,1
593,2335,2022-09-16 17:38:23,2
593,1461,2022-09-16 17:38:23,3
593,2174,2022-09-16 17:38:23,4
593,2337,2022-09-16 17:38:23,5
594,160,2021-08-05 12:23:28,1
594,447,2021-08-05 12:23:28,2
594,1428,2021-08-05 12:23:28,3
594,688,2021-08-05 12:23:28,4
594,744,2021-08-05 12:23:28,5
594,477,2021-08-05 12:23:28,6
594,841,2021-08-05 12:23:28,7
594,826,2021-08-05 12:23:28,8
594,1553,2021-08-05 12:23:28,9
594,2137,2021-08-05 12:23:28,10
594,2438,2021-08-05 12:23:28,11
594,1540,2021-08-05 12:23:28,12
594,249,2021-08-05 12:23:28,13
594,32,2021-08-05 12:23:28,14
594,2106,2021-08-05 12:23:28,15
594,802,2021-08-05 12:23:28,16
594,1116,2021-08-05 12:23:28,17
594,1879,2021-08-05 12:23:28,18
594,1773,2021-08-05 12:23:28,19
595,289,2020-01-31 05:23:52,1
595,533,2020-01-31 05:23:52,2
595,2080,2020-01-31 05:23:52,3
595,2604,2020-01-31 05:23:52,4
595,2367,2020-01-31 05:23:52,5
595,2115,2020-01-31 05:23:52,6
595,2404,2020-01-31 05:23:52,7
595,2529,2020-01-31 05:23:52,8
595,931,2020-01-31 05:23:52,9
595,29,2020-01-31 05:23:52,10
595,2031,2020-01-31 05:23:52,11
595,1151,2020-01-31 05:23:52,12
595,1600,2020-01-31 05:23:52,13
595,434,2020-01-31 05:23:52,14
595,479,2020-01-31 05:23:52,15
595,1010,2020-01-31 05:23:52,16
595,2344,2020-01-31 05:23:52,17
595,2476,2020-01-31 05:23:52,18
595,2618,2020-01-31 05:23:52,19
595,1963,2020-01-31 05:23:52,20
595,2365,2020-01-31 05:23:52,21
595,2435,2020-01-31 05:23:52,22
595,519,2020-01-31 05:23:52,23
595,1911,2020-01-31 05:23:52,24
595,431,2020-01-31 05:23:52,25
595,2595,2020-01-31 05:23:52,26
596,1614,2021-09-11 05:01:24,1
596,200,2021-09-11 05:01:24,2
596,903,2021-09-11 05:01:24,3
596,866,2021-09-11 05:01:24,4
596,2134,2021-09-11 05:01:24,5
596,1990,2021-09-11 05:01:24,6
596,2216,2021-09-11 05:01:24,7
596,2127,2021-09-11 05:01:24,8
596,1445,2021-09-11 05:01:24,9
596,597,2021-09-11 05:01:24,10
596,2103,2021-09-11 05:01:24,11
596,1498,2021-09-11 05:01:24,12
596,2633,2021-09-11 05:01:24,13
596,2298,2021-09-11 05:01:24,14
596,2519,2021-09-11 05:01:24,15
597,1625,2024-03-07 13:25:17,1
597,2100,2024-03-07 13:25:17,2
597,430,2024-03-07 13:25:17,3
597,2237,2024-03-07 13:25:17,4
597,1058,2024-03-07 13:25:17,5
597,962,2024-03-07 13:25:17,6
597,2357,2024-03-07 13:25:17,7
597,1915,2024-03-07 13:25:17,8
597,1622,2024-03-07 13:25:17,9
597,995,2024-03-07 13:25:17,10
597,210,2024-03-07 13:25:17,11
597,2329,2024-03-07 13:25:17,12
597,36,2024-03-07 13:25:17,13
597,2643,2024-03-07 13:25:17,14
597,17,2024-03-07 13:25:17,15
597,1927,2024-03-07 13:25:17,16
597,972,2024-03-07 13:25:17,17
597,2034,2024-03-07 13:25:17,18
597,2406,2024-03-07 13:25:17,19
597,1166,2024-03-07 13:25:17,20
597,2521,2024-03-07 13:25:17,21
598,2506,2020-02-15 04:32:25,1
598,1218,2020-02-15 04:32:25,2
598,1134,2020-02-15 04:32:25,3
598,1281,2020-02-15 04:32:25,4
598,1895,2020-02-15 04:32:25,5
598,2632,2020-02-15 04:32:25,6
598,1035,2020-02-15 04:32:25,7
598,1269,2020-02-15 04:32:25,8
598,1136,2020-02-15 04:32:25,9
598,452,2020-02-15 04:32:25,10
598,178,2020-02-15 04:32:25,11
598,1851,2020-02-15 04:32:25,12
598,1651,2020-02-15 04:32:25,13
598,2382,2020-02-15 04:32:25,14
598,698,2020-02-15 04:32:25,15
598,1746,2020-02-15 04:32:25,16
598,555,2020-02-15 04:32:25,17
598,1580,2020-02-15 04:32:25,18
598,2623,2020-02-15 04:32:25,19
598,1407,2020-02-15 04:32:25,20
598,1167,2020-02-15 04:32:25,21
598,952,2020-02-15 04:32:25,22
598,1220,2020-02-15 04:32:25,23
599,1852,2020-01-05 15:06:32,1
599,1453,2020-01-05 15:06:32,2
599,2327,2020-01-05 15:06:32,3
599,447,2020-01-05 15:06:32,4
599,1602,2020-01-05 15:06:32,5
599,127,2020-01-05 15:06:32,6
599,1062,2020-01-05 15:06:32,7
599,1022,2020-01-05 15:06:32,8
599,1397,2020-01-05 15:06:32,9
599,2375,2020-01-05 15:06:32,10
599,2112,2020-01-05 15:06:32,11
599,858,2020-01-05 15:06:32,12
599,2504,2020-01-05 15:06:32,13
599,2113,2020-01-05 15:06:32,14
599,1350,2020-01-05 15:06:32,15
599,2567,2020-01-05 15:06:32,16
599,2609,2020-01-05 15:06:32,17
599,2326,2020-01-05 15:06:32,18
599,222,2020-01-05 15:06:32,19
599,1893,2020-01-05 15:06:32,20
599,2483,2020-01-05 15:06:32,21
599,2345,2020-01-05 15:06:32,22
599,1758,2020-01-05 15:06:32,23
599,1491,2020-01-05 15:06:32,24
599,2074,2020-01-05 15:06:32,25
599,1288,2020-01-05 15:06:32,26
599,1846,2020-01-05 15:06:32,27
599,2079,2020-01-05 15:06:32,28
599,914,2020-01-05 15:06:32,29
600,2036,2020-01-07 03:30:56,1
600,1352,2020-01-07 03:30:56,2
600,1707,2020-01-07 03:30:56,3
600,2262,2020-01-07 03:30:56,4
600,296,2020-01-07 03:30:56,5
600,1550,2020-01-07 03:30:56,6
600,1954,2020-01-07 03:30:56,7
600,2156,2020-01-07 03:30:56,8
600,1268,2020-01-07 03:30:56,9
600,894,2020-01-07 03:30:56,10
600,1256,2020-01-07 03:30:56,11
600,160,2020-01-07 03:30:56,12
600,2003,2020-01-07 03:30:56,13
600,863,2020-01-07 03:30:56,14
600,233,2020-01-07 03:30:56,15
600,1814,2020-01-07 03:30:56,16
600,401,2020-01-07 03:30:56,17
600,1909,2020-01-07 03:30:56,18
600,1908,2020-01-07 03:30:56,19
600,1589,2020-01-07 03:30:56,20
600,385,2020-01-07 03:30:56,21
600,2609,2020-01-07 03:30:56,22
600,792,2020-01-07 03:30:56,23
600,1296,2020-01-07 03:30:56,24
600,105,2020-01-07 03:30:56,25
600,2630,2020-01-07 03:30:56,26
601,11,2020-02-26 11:07:47,1
601,2015,2020-02-26 11:07:47,2
601,2081,2020-02-26 11:07:47,3
601,2190,2020-02-26 11:07:47,4
601,893,2020-02-26 11:07:47,5
601,1589,2020-02-26 11:07:47,6
601,2392,2020-02-26 11:07:47,7
601,642,2020-02-26 11:07:47,8
601,609,2020-02-26 11:07:47,9
601,782,2020-02-26 11:07:47,10
601,809,2020-02-26 11:07:47,11
601,2053,2020-02-26 11:07:47,12
601,1318,2020-02-26 11:07:47,13
601,1158,2020-02-26 11:07:47,14
601,56,2020-02-26 11:07:47,15
601,968,2020-02-26 11:07:47,16
601,775,2020-02-26 11:07:47,17
601,1675,2020-02-26 11:07:47,18
601,2383,2020-02-26 11:07:47,19
601,2408,2020-02-26 11:07:47,20
601,2475,2020-02-26 11:07:47,21
601,1393,2020-02-26 11:07:47,22
601,533,2020-02-26 11:07:47,23
601,2271,2020-02-26 11:07:47,24
601,1365,2020-02-26 11:07:47,25
602,178,2022-02-11 13:56:30,1
602,768,2022-02-11 13:56:30,2
602,919,2022-02-11 13:56:30,3
602,357,2022-02-11 13:56:30,4
602,567,2022-02-11 13:56:30,5
602,1609,2022-02-11 13:56:30,6
602,1291,2022-02-11 13:56:30,7
602,802,2022-02-11 13:56:30,8
602,650,2022-02-11 13:56:30,9
602,1879,2022-02-11 13:56:30,10
602,975,2022-02-11 13:56:30,11
602,1285,2022-02-11 13:56:30,12
602,1356,2022-02-11 13:56:30,13
602,487,2022-02-11 13:56:30,14
602,1167,2022-02-11 13:56:30,15
602,2553,2022-02-11 13:56:30,16
602,1846,2022-02-11 13:56:30,17
602,639,2022-02-11 13:56:30,18
602,1076,2022-02-11 13:56:30,19
602,2434,2022-02-11 13:56:30,20
602,220,2022-02-11 13:56:30,21
602,772,2022-02-11 13:56:30,22
602,573,2022-02-11 13:56:30,23
602,525,2022-02-11 13:56:30,24
602,1007,2022-02-11 13:56:30,25
602,1098,2022-02-11 13:56:30,26
603,1996,2023-06-07 00:41:02,1
603,307,2023-06-07 00:41:02,2
603,1197,2023-06-07 00:41:02,3
603,1737,2023-06-07 00:41:02,4
603,2509,2023-06-07 00:41:02,5
603,1351,2023-06-07 00:41:02,6
603,137,2023-06-07 00:41:02,7
603,2397,2023-06-07 00:41:02,8
603,996,2023-06-07 00:41:02,9
603,1463,2023-06-07 00:41:02,10
603,1286,2023-06-07 00:41:02,11
603,1508,2023-06-07 00:41:02,12
603,1412,2023-06-07 00:41:02,13
603,1850,2023-06-07 00:41:02,14
603,172,2023-06-07 00:41:02,15
603,610,2023-06-07 00:41:02,16
603,151,2023-06-07 00:41:02,17
603,168,2023-06-07 00:41:02,18
603,1684,2023-06-07 00:41:02,19
603,466,2023-06-07 00:41:02,20
604,1031,2025-01-18 16:44:20,1
604,302,2025-01-18 16:44:20,2
604,797,2025-01-18 16:44:20,3
604,1713,2025-01-18 16:44:20,4
604,1267,2025-01-18 16:44:20,5
604,1088,2025-01-18 16:44:20,6
604,1477,2025-01-18 16:44:20,7
604,2309,2025-01-18 16:44:20,8
604,1123,2025-01-18 16:44:20,9
604,1926,2025-01-18 16:44:20,10
604,1605,2025-01-18 16:44:20,11
604,456,2025-01-18 16:44:20,12
604,656,2025-01-18 16:44:20,13
604,442,2025-01-18 16:44:20,14
604,2257,2025-01-18 16:44:20,15
604,1022,2025-01-18 16:44:20,16
604,2446,2025-01-18 16:44:20,17
604,382,2025-01-18 16:44:20,18
604,2601,2025-01-18 16:44:20,19
604,605,2025-01-18 16:44:20,20
605,59,2020-01-16 00:05:43,1
605,1715,2020-01-16 00:05:43,2
605,1331,2020-01-16 00:05:43,3
605,122,2020-01-16 00:05:43,4
605,1793,2020-01-16 00:05:43,5
605,1660,2020-01-16 00:05:43,6
605,424,2020-01-16 00:05:43,7
605,631,2020-01-16 00:05:43,8
605,692,2020-01-16 00:05:43,9
605,613,2020-01-16 00:05:43,10
605,2217,2020-01-16 00:05:43,11
605,971,2020-01-16 00:05:43,12
605,2590,2020-01-16 00:05:43,13
605,109,2020-01-16 00:05:43,14
605,1494,2020-01-16 00:05:43,15
605,1582,2020-01-16 00:05:43,16
605,1213,2020-01-16 00:05:43,17
605,1161,2020-01-16 00:05:43,18
605,1718,2020-01-16 00:05:43,19
605,2284,2020-01-16 00:05:43,20
606,1445,2024-11-11 07:49:19,1
606,1018,2024-11-11 07:49:19,2
606,18,2024-11-11 07:49:19,3
606,1052,2024-11-11 07:49:19,4
606,1520,2024-11-11 07:49:19,5
606,1515,2024-11-11 07:49:19,6
606,1327,2024-11-11 07:49:19,7
606,1394,2024-11-11 07:49:19,8
606,2379,2024-11-11 07:49:19,9
606,1364,2024-11-11 07:49:19,10
606,210,2024-11-11 07:49:19,11
606,517,2024-11-11 07:49:19,12
606,1671,2024-11-11 07:49:19,13
606,870,2024-11-11 07:49:19,14
606,1756,2024-11-11 07:49:19,15
606,28,2024-11-11 07:49:19,16
606,2047,2024-11-11 07:49:19,17
606,2042,2024-11-11 07:49:19,18
606,1996,2024-11-11 07:49:19,19
606,2208,2024-11-11 07:49:19,20
606,2482,2024-11-11 07:49:19,21
606,1277,2024-11-11 07:49:19,22
606,887,2024-11-11 07:49:19,23
606,951,2024-11-11 07:49:19,24
606,2647,2024-11-11 07:49:19,25
606,561,2024-11-11 07:49:19,26
606,2000,2024-11-11 07:49:19,27
607,786,2020-10-06 13:29:29,1
607,2362,2020-10-06 13:29:29,2
607,2461,2020-10-06 13:29:29,3
607,253,2020-10-06 13:29:29,4
607,1077,2020-10-06 13:29:29,5
607,1684,2020-10-06 13:29:29,6
607,145,2020-10-06 13:29:29,7
607,120,2020-10-06 13:29:29,8
607,2129,2020-10-06 13:29:29,9
607,729,2020-10-06 13:29:29,10
607,1001,2020-10-06 13:29:29,11
607,1640,2020-10-06 13:29:29,12
607,2317,2020-10-06 13:29:29,13
607,1545,2020-10-06 13:29:29,14
607,583,2020-10-06 13:29:29,15
607,1738,2020-10-06 13:29:29,16
607,2306,2020-10-06 13:29:29,17
607,72,2020-10-06 13:29:29,18
608,753,2021-01-05 01:33:22,1
608,614,2021-01-05 01:33:22,2
608,255,2021-01-05 01:33:22,3
608,2312,2021-01-05 01:33:22,4
608,1820,2021-01-05 01:33:22,5
608,1535,2021-01-05 01:33:22,6
608,1382,2021-01-05 01:33:22,7
608,96,2021-01-05 01:33:22,8
608,1641,2021-01-05 01:33:22,9
608,427,2021-01-05 01:33:22,10
609,2481,2020-03-12 21:38:29,1
609,153,2020-03-12 21:38:29,2
609,1769,2020-03-12 21:38:29,3
609,2636,2020-03-12 21:38:29,4
609,1894,2020-03-12 21:38:29,5
609,98,2020-03-12 21:38:29,6
609,275,2020-03-12 21:38:29,7
609,1396,2020-03-12 21:38:29,8
609,442,2020-03-12 21:38:29,9
609,708,2020-03-12 21:38:29,10
609,159,2020-03-12 21:38:29,11
609,229,2020-03-12 21:38:29,12
609,849,2020-03-12 21:38:29,13
609,2393,2020-03-12 21:38:29,14
609,856,2020-03-12 21:38:29,15
609,1036,2020-03-12 21:38:29,16
609,1268,2020-03-12 21:38:29,17
609,2506,2020-03-12 21:38:29,18
609,136,2020-03-12 21:38:29,19
610,1788,2023-04-09 13:08:15,1
610,2455,2023-04-09 13:08:15,2
610,1949,2023-04-09 13:08:15,3
610,671,2023-04-09 13:08:15,4
610,470,2023-04-09 13:08:15,5
610,1567,2023-04-09 13:08:15,6
610,747,2023-04-09 13:08:15,7
610,303,2023-04-09 13:08:15,8
610,2258,2023-04-09 13:08:15,9
610,794,2023-04-09 13:08:15,10
610,974,2023-04-09 13:08:15,11
610,948,2023-04-09 13:08:15,12
610,2410,2023-04-09 13:08:15,13
610,2602,2023-04-09 13:08:15,14
610,298,2023-04-09 13:08:15,15
610,2443,2023-04-09 13:08:15,16
610,646,2023-04-09 13:08:15,17
610,2368,2023-04-09 13:08:15,18
610,1548,2023-04-09 13:08:15,19
611,2497,2021-12-31 10:05:56,1
611,601,2021-12-31 10:05:56,2
611,461,2021-12-31 10:05:56,3
611,11,2021-12-31 10:05:56,4
611,1382,2021-12-31 10:05:56,5
611,919,2021-12-31 10:05:56,6
611,102,2021-12-31 10:05:56,7
611,1968,2021-12-31 10:05:56,8
611,349,2021-12-31 10:05:56,9
611,654,2021-12-31 10:05:56,10
611,710,2021-12-31 10:05:56,11
611,1712,2021-12-31 10:05:56,12
611,173,2021-12-31 10:05:56,13
611,228,2021-12-31 10:05:56,14
611,2291,2021-12-31 10:05:56,15
611,516,2021-12-31 10:05:56,16
611,596,2021-12-31 10:05:56,17
611,2093,2021-12-31 10:05:56,18
611,956,2021-12-31 10:05:56,19
611,1898,2021-12-31 10:05:56,20
611,1821,2021-12-31 10:05:56,21
611,1146,2021-12-31 10:05:56,22
611,745,2021-12-31 10:05:56,23
611,1860,2021-12-31 10:05:56,24
611,222,2021-12-31 10:05:56,25
611,1293,2021-12-31 10:05:56,26
611,1172,2021-12-31 10:05:56,27
611,2542,2021-12-31 10:05:56,28
611,2293,2021-12-31 10:05:56,29
611,1328,2021-12-31 10:05:56,30
612,2218,2024-03-16 06:30:49,1
612,2194,2024-03-16 06:30:49,2
612,1823,2024-03-16 06:30:49,3
612,683,2024-03-16 06:30:49,4
612,2243,2024-03-16 06:30:49,5
612,596,2024-03-16 06:30:49,6
612,255,2024-03-16 06:30:49,7
612,1640,2024-03-16 06:30:49,8
612,793,2024-03-16 06:30:49,9
612,618,2024-03-16 06:30:49,10
612,651,2024-03-16 06:30:49,11
612,2124,2024-03-16 06:30:49,12
612,106,2024-03-16 06:30:49,13
612,325,2024-03-16 06:30:49,14
612,686,2024-03-16 06:30:49,15
612,1727,2024-03-16 06:30:49,16
612,2364,2024-03-16 06:30:49,17
612,2267,2024-03-16 06:30:49,18
612,218,2024-03-16 06:30:49,19
612,1193,2024-03-16 06:30:49,20
613,1704,2025-09-22 17:27:57,1
613,1717,2025-09-22 17:27:57,2
613,1498,2025-09-22 17:27:57,3
613,2062,2025-09-22 17:27:57,4
613,2375,2025-09-22 17:27:57,5
613,1328,2025-09-22 17:27:57,6
613,563,2025-09-22 17:27:57,7
613,1109,2025-09-22 17:27:57,8
613,2012,2025-09-22 17:27:57,9
613,1673,2025-09-22 17:27:57,10
613,54,2025-09-22 17:27:57,11
613,2326,2025-09-22 17:27:57,12
613,1708,2025-09-22 17:27:57,13
614,80,2023-11-29 15:29:36,1
614,2650,2023-11-29 15:29:36,2
614,1748,2023-11-29 15:29:36,3
614,1087,2023-11-29 15:29:36,4
614,1803,2023-11-29 15:29:36,5
614,638,2023-11-29 15:29:36,6
614,2571,2023-11-29 15:29:36,7
614,1053,2023-11-29 15:29:36,8
614,1404,2023-11-29 15:29:36,9
614,725,2023-11-29 15:29:36,10
614,1482,2023-11-29 15:29:36,11
614,1889,2023-11-29 15:29:36,12
614,891,2023-11-29 15:29:36,13
614,1856,2023-11-29 15:29:36,14
614,2254,2023-11-29 15:29:36,15
614,1908,2023-11-29 15:29:36,16
614,1027,2023-11-29 15:29:36,17
614,1923,2023-11-29 15:29:36,18
614,2027,2023-11-29 15:29:36,19
614,2243,2023-11-29 15:29:36,20
614,2197,2023-11-29 15:29:36,21
614,1069,2023-11-29 15:29:36,22
614,58,2023-11-29 15:29:36,23
614,1809,2023-11-29 15:29:36,24
614,15,2023-11-29 15:29:36,25
614,2483,2023-11-29 15:29:36,26
614,1117,2023-11-29 15:29:36,27
615,1303,2025-04-03 08:42:41,1
615,1961,2025-04-03 08:42:41,2
615,1918,2025-04-03 08:42:41,3
615,1877,2025-04-03 08:42:41,4
615,217,2025-04-03 08:42:41,5
615,1778,2025-04-03 08:42:41,6
615,354,2025-04-03 08:42:41,7
615,583,2025-04-03 08:42:41,8
615,2519,2025-04-03 08:42:41,9
615,2106,2025-04-03 08:42:41,10
615,2049,2025-04-03 08:42:41,11
615,2485,2025-04-03 08:42:41,12
615,1859,2025-04-03 08:42:41,13
615,628,2025-04-03 08:42:41,14
615,2236,2025-04-03 08:42:41,15
615,1255,2025-04-03 08:42:41,16
615,636,2025-04-03 08:42:41,17
615,1634,2025-04-03 08:42:41,18
616,252,2020-01-28 16:06:28,1
616,2453,2020-01-28 16:06:28,2
616,559,2020-01-28 16:06:28,3
616,2100,2020-01-28 16:06:28,4
616,601,2020-01-28 16:06:28,5
616,1643,2020-01-28 16:06:28,6
616,292,2020-01-28 16:06:28,7
616,2638,2020-01-28 16:06:28,8
616,1547,2020-01-28 16:06:28,9
616,1054,2020-01-28 16:06:28,10
616,490,2020-01-28 16:06:28,11
616,1793,2020-01-28 16:06:28,12
616,110,2020-01-28 16:06:28,13
616,6,2020-01-28 16:06:28,14
616,1400,2020-01-28 16:06:28,15
616,803,2020-01-28 16:06:28,16
616,2019,2020-01-28 16:06:28,17
616,306,2020-01-28 16:06:28,18
616,2644,2020-01-28 16:06:28,19
616,2114,2020-01-28 16:06:28,20
616,1738,2020-01-28 16:06:28,21
617,1371,2022-11-12 12:29:31,1
617,1586,2022-11-12 12:29:31,2
617,1630,2022-11-12 12:29:31,3
617,2224,2022-11-12 12:29:31,4
617,2111,2022-11-12 12:29:31,5
617,44,2022-11-12 12:29:31,6
