song_id,album_id,title,track_number,duration_seconds,explicit,play_count,release_date
1,1,Never Let Go,1,176,False,9735027,1981-09-19
2,1,Stand Tall,2,322,True,45172462,1981-09-19
3,1,Hurricane,3,285,False,21139813,1981-09-19
4,1,Wild Heart,4,369,False,23381086,1981-09-19
5,1,Whisper,5,302,False,89326148,1981-09-19
6,1,Autumn Wind,6,313,False,98515137,1981-09-19
7,1,Storm,7,185,False,97822035,1981-09-19
8,2,Midnight Rain,1,413,False,76166246,2022-04-30
9,2,Starlight,2,213,False,82058189,2022-04-30
10,2,Moment in Time,3,409,True,66596831,2022-04-30
11,2,Never Let Go,4,289,True,31943272,2022-04-30
12,2,Purgatory,5,283,False,85387542,2022-04-30
13,2,Neon Dreams,6,291,False,1529494,2022-04-30
14,2,Golden Hour,7,227,False,93036518,2022-04-30
15,2,Mountain High,8,299,False,14500158,2022-04-30
16,2,Midnight Rain,9,144,False,58816911,2022-04-30
17,2,New Beginning,10,205,False,66180344,2022-04-30
18,2,Lay Low,11,299,False,13613510,2022-04-30
19,2,Shattered Glass,12,415,False,21831387,2022-04-30
20,3,Brave Soul,1,157,True,39581964,2019-09-09
21,3,Sunset Boulevard,2,283,False,14055958,2019-09-09
22,3,River Deep,3,295,False,50393104,2019-09-09
23,3,Summer Night,4,158,True,45358959,2019-09-09
24,3,Shattered Glass,5,135,False,87729428,2019-09-09
25,3,Winter Morning,6,342,False,7188130,2019-09-09
26,3,Concrete Jungle,7,289,False,25499255,2019-09-09
27,3,Final Chapter,8,403,False,88663948,2019-09-09
28,3,Lightning,9,272,False,12873617,2019-09-09
29,3,Fireflies,10,321,False,20614492,2019-09-09
30,3,Fireflies,11,304,True,57392300,2019-09-09
31,3,Neon Dreams,12,270,False,26799898,2019-09-09
32,4,Concrete Jungle,1,133,False,22928708,2018-06-09
33,4,Storm,2,161,False,15503345,2018-06-09
34,5,Tornado,1,323,False,65645462,2009-07-09
35,5,Golden Hour,2,166,False,24814337,2009-07-09
36,5,Stand Tall,3,315,False,25042738,2009-07-09
37,5,Brave Soul,4,142,False,59020960,2009-07-09
38,5,Pure Love,5,254,False,36045780,2009-07-09
39,5,Scream,6,151,False,93478748,2009-07-09
40,5,Concrete Jungle,7,163,False,72672055,2009-07-09
41,5,Final Chapter,8,236,True,51956500,2009-07-09
42,5,Defeat,9,334,False,76868410,2009-07-09
43,5,Red Sky,10,363,False,10597167,2009-07-09
44,5,First Kiss,11,137,False,16143959,2009-07-09
45,6,Brave Soul,1,208,False,28439415,2009-12-26
46,6,Seasonal Change,2,184,True,56824417,2009-12-26
47,6,City Lights,3,342,False,84184877,2009-12-26
48,6,Never Let Go,4,252,False,97590113,2009-12-26
49,6,Mountain High,5,164,False,74673939,2009-12-26
50,6,First Kiss,6,402,False,37071046,2009-12-26
51,6,Defeat,7,354,True,94007723,2009-12-26
52,6,Defeat,8,334,True,55625517,2009-12-26
53,6,Always There,9,195,True,14178065,2009-12-26
54,6,Scream,10,171,False,71891508,2009-12-26
55,6,Purgatory,11,330,False,51411224,2009-12-26
56,6,Torn Apart,12,412,False,5028557,2009-12-26
57,6,Autumn Wind,13,261,False,19307578,2009-12-26
58,7,Last Dance,1,139,False,44492381,1987-07-12
59,7,Red Sky,2,145,False,36048781,1987-07-12
60,7,Stand Tall,3,130,False,40675347,1987-07-12
61,7,Tornado,4,263,False,93440079,1987-07-12
62,7,Concrete Jungle,5,236,False,40329802,1987-07-12
63,7,Free Spirit,6,284,False,97817801,1987-07-12
64,7,New Beginning,7,165,False,59286198,1987-07-12
65,7,Time Flies,8,328,False,69323646,1987-07-12
66,7,Stand Tall,9,148,False,8806960,1987-07-12
67,7,Tornado,10,379,False,18206610,1987-07-12
68,7,Battle,11,411,True,23318633,1987-07-12
69,7,Seasonal Change,12,222,True,33486016,1987-07-12
70,7,Starlight,13,353,True,48368724,1987-07-12
71,7,Fast Lane,14,260,False,62306347,1987-07-12
72,7,Fragments,15,323,True,91425675,1987-07-12
73,7,Dancing in the Dark,16,243,False,65603845,1987-07-12
74,8,Brave Soul,1,210,False,78769733,2001-12-30
75,8,Echo,2,299,False,21946425,2001-12-30
76,8,Golden Hour,3,166,False,3684342,2001-12-30
77,8,Move On,4,145,False,76807176,2001-12-30
78,8,Time Flies,5,233,False,90958716,2001-12-30
79,8,Slow Motion,6,257,False,68891441,2001-12-30
80,8,Sunset Boulevard,7,124,False,17758896,2001-12-30
81,8,Autumn Wind,8,124,False,33875271,2001-12-30
82,8,Tornado,9,260,False,50529679,2001-12-30
83,9,Purgatory,1,355,False,29287523,1982-07-17
84,9,Pure Love,2,274,False,78448538,1982-07-17
85,9,Urban Paradise,3,123,False,75357498,1982-07-17
86,9,Lightning,4,272,True,64657836,1982-07-17
87,10,Mountain High,1,292,False,85979171,2013-08-01
88,10,Demon,2,261,False,88062882,2013-08-01
89,10,Hurricane,3,216,False,69429969,2013-08-01
90,10,Red Sky,4,149,False,88654879,2013-08-01
91,10,Angel,5,191,True,87966375,2013-08-01
92,10,Pieces,6,271,False,56178935,2013-08-01
93,10,Last Dance,7,318,True,78252116,2013-08-01
94,10,Silence,8,217,False,97515873,2013-08-01
95,10,Moment in Time,9,393,False,90176660,2013-08-01
96,10,Rise Up,10,379,False,22815223,2013-08-01
97,10,Whisper,11,212,False,13100061,2013-08-01
98,11,Broken Dreams,1,185,False,97332902,2013-07-29
99,11,Whisper,2,213,False,87836731,2013-07-29
100,11,Neon Dreams,3,233,False,29974566,2013-07-29
101,11,Tornado,4,335,False,49886371,2013-07-29
102,11,Golden Hour,5,419,False,62244897,2013-07-29
103,11,Love Song,6,360,True,85147289,2013-07-29
104,11,Noise,7,417,True,63380252,2013-07-29
105,11,Seasonal Change,8,376,True,91361707,2013-07-29
106,11,Lay Low,9,391,False,55446317,2013-07-29
107,11,Fireflies,10,197,False,26883353,2013-07-29
108,11,Hell,11,329,False,19223220,2013-07-29
109,12,Angel,1,212,True,65441993,2016-12-02
110,12,Heaven,2,210,False,85161010,2016-12-02
111,12,Ocean Waves,3,122,False,36712288,2016-12-02
112,12,Slow Motion,4,206,False,65709924,2016-12-02
113,12,Neon Dreams,5,186,False,85025258,2016-12-02
114,12,Fresh Start,6,326,False,64075580,2016-12-02
115,12,Move On,7,122,True,71643088,2016-12-02
116,12,Fast Lane,8,311,True,43246714,2016-12-02
117,12,Battle,9,217,True,90831598,2016-12-02
118,12,Midnight Rain,10,247,False,93083315,2016-12-02
119,12,Purgatory,11,279,False,13785264,2016-12-02
120,12,Move On,12,377,False,22417070,2016-12-02
121,12,Mountain High,13,143,False,39034245,2016-12-02
122,12,Kind Mind,14,386,False,58205561,2016-12-02
123,12,Forever Young,15,295,False,48217837,2016-12-02
124,13,Seasonal Change,1,204,False,2566878,2021-05-03
125,13,Timeless,2,234,False,28345472,2021-05-03
126,13,Sunset Boulevard,3,378,False,16530521,2021-05-03
127,13,Fall Down,4,139,False,85942441,2021-05-03
128,14,Green Fields,1,393,True,79715138,2011-02-03
129,14,Fireflies,2,175,True,6473999,2011-02-03
130,14,Street Corner,3,333,False,51036796,2011-02-03
131,14,Love Song,4,400,False,63672398,2011-02-03
132,14,Always There,5,225,True,40415166,2011-02-03
133,14,New Beginning,6,171,False,83590502,2011-02-03
134,15,Forever Young,1,334,True,68663747,2020-01-14
135,15,Love Song,2,264,True,14262473,2020-01-14
136,15,Pieces,3,221,False,35298445,2020-01-14
137,15,Defeat,4,223,False,94413682,2020-01-14
138,15,Final Chapter,5,271,False,5288944,2020-01-14
139,15,Echo,6,374,False,92369165,2020-01-14
140,15,Shattered Glass,7,289,False,367488,2020-01-14
141,15,Electric Love,8,165,True,77061479,2020-01-14
142,15,Pieces,9,196,True,68679929,2020-01-14
143,15,River Deep,10,171,False,86481420,2020-01-14
144,15,Timeless,11,353,False,35450260,2020-01-14
145,15,Pure Love,12,145,True,23448079,2020-01-14
146,16,Moonshine,1,268,False,90834066,2013-12-06
147,16,Angel,2,338,True,12750478,2013-12-06
148,16,Moonshine,3,124,False,89034004,2013-12-06
149,16,Winter Morning,4,288,False,58749047,2013-12-06
150,16,Silver Lining,5,167,False,45999465,2013-12-06
151,16,Spring Rain,6,178,False,53720675,2013-12-06
152,16,Kind Mind,7,259,False,92597136,2013-12-06
153,16,Shattered Glass,8,335,False,15174194,2013-12-06
154,16,Heartbeat,9,150,False,13920137,2013-12-06
155,16,New Beginning,10,367,False,24328380,2013-12-06
156,17,Lay Low,1,303,True,91867220,2009-01-05
157,17,Heartbeat,2,367,False,15158211,2009-01-05
158,17,Final Chapter,3,345,True,8500820,2009-01-05
159,17,Golden Hour,4,280,True,94565539,2009-01-05
160,17,Battle,5,415,False,89904987,2009-01-05
161,17,Hell,6,385,True,58095862,2009-01-05
162,17,Blue Moon,7,366,False,89081734,2009-01-05
163,17,Move On,8,196,True,1562947,2009-01-05
164,17,Summer Night,9,378,False,66549837,2009-01-05
165,17,Winter Morning,10,158,False,43034742,2009-01-05
166,17,Red Sky,11,289,False,6757958,2009-01-05
167,17,Fragments,12,234,False,54126921,2009-01-05
168,17,Red Sky,13,160,False,59618021,2009-01-05
169,18,Silence,1,349,True,66901651,2020-05-29
170,18,Brave Soul,2,281,True,66756320,2020-05-29
171,18,Sunset Boulevard,3,172,False,55343143,2020-05-29
172,18,Starlight,4,405,True,12199793,2020-05-29
173,18,Hurricane,5,380,False,87858385,2020-05-29
174,18,Kind Mind,6,294,False,7284695,2020-05-29
175,19,Moment in Time,1,352,False,75182173,1996-02-04
176,19,Broken Dreams,2,306,False,15303956,1996-02-04
177,19,Concrete Jungle,3,233,True,45816176,1996-02-04
178,19,Rise Up,4,269,False,94233737,1996-02-04
179,19,Urban Paradise,5,143,False,66091781,1996-02-04
180,19,Forever Young,6,329,True,34130133,1996-02-04
181,19,Fast Lane,7,216,True,52733674,1996-02-04
182,19,Time Flies,8,354,False,96205645,1996-02-04
183,19,Hell,9,175,False,6241172,1996-02-04
184,19,Love Song,10,350,False,88376561,1996-02-04
185,19,Fragments,11,188,False,582186,1996-02-04
186,19,Battle,12,144,False,78533572,1996-02-04
187,19,Shattered Glass,13,380,False,92854201,1996-02-04
188,19,Noise,14,208,False,13898777,1996-02-04
189,19,Move On,15,284,False,56192230,1996-02-04
190,19,Blue Moon,16,260,False,46017729,1996-02-04
191,20,Storm,1,351,False,18546206,1979-09-04
192,20,Final Chapter,2,382,False,94152972,1979-09-04
193,21,Echo,1,280,False,26962876,1979-11-10
194,21,Slow Motion,2,268,False,90244472,1979-11-10
195,21,Heartbeat,3,211,False,95341929,1979-11-10
196,21,Street Corner,4,300,False,78222933,1979-11-10
197,21,Silence,5,333,False,56691738,1979-11-10
198,21,Electric Love,6,387,True,3391969,1979-11-10
199,21,Lay Low,7,194,True,89959993,1979-11-10
200,21,Ocean Waves,8,222,False,21600382,1979-11-10
201,21,Lightning,9,248,False,8325904,1979-11-10
202,21,Storm,10,224,True,48141541,1979-11-10
203,22,Brave Soul,1,172,False,99644950,1965-08-12
204,22,Whisper,2,319,False,68574830,1965-08-12
205,22,Lightning,3,144,False,52016704,1965-08-12
206,22,New Beginning,4,280,True,1740164,1965-08-12
207,22,Green Fields,5,223,False,30272606,1965-08-12
208,22,Stand Tall,6,399,False,97296379,1965-08-12
209,22,Seasonal Change,7,270,False,23813700,1965-08-12
210,22,River Deep,8,215,False,98660698,1965-08-12
211,22,Victory,9,181,False,5453834,1965-08-12
212,22,Fresh Start,10,262,False,17457234,1965-08-12
213,22,Summer Night,11,419,False,757677,1965-08-12
214,22,Heaven,12,358,False,5360735,1965-08-12
215,22,Always There,13,285,True,83935292,1965-08-12
216,22,Hurricane,14,371,False,9781894,1965-08-12
217,22,Angel,15,389,False,24678492,1965-08-12
218,22,Defeat,16,154,False,55825346,1965-08-12
219,23,Peace,1,394,False,12340723,2004-07-02
220,23,Purgatory,2,233,False,89031246,2004-07-02
221,23,Heaven,3,289,False,39402883,2004-07-02
222,23,Time Flies,4,391,False,75341065,2004-07-02
223,23,Electric Love,5,178,False,59816445,2004-07-02
224,23,Red Sky,6,244,True,91610492,2004-07-02
225,24,Demon,1,315,True,51791391,1991-06-04
226,24,Green Fields,2,396,False,3315946,1991-06-04
227,24,Defeat,3,311,False,65337822,1991-06-04
228,24,Moonshine,4,271,False,42991650,1991-06-04
229,24,Victory,5,162,True,22467350,1991-06-04
230,25,War,1,393,True,84145533,2016-06-03
231,25,Mountain High,2,227,False,91993526,2016-06-03
232,25,Fresh Start,3,173,False,72176148,2016-06-03
233,25,Wild Heart,4,156,False,3188066,2016-06-03
234,25,Kind Mind,5,289,True,11746856,2016-06-03
235,25,River Deep,6,147,False,33810519,2016-06-03
236,25,Whisper,7,156,False,34715141,2016-06-03
237,26,Final Chapter,1,318,False,84586329,2024-04-20
238,26,Last Dance,2,341,False,2267067,2024-04-20
239,26,Move On,3,180,True,86090303,2024-04-20
240,26,Mountain High,4,419,True,94070793,2024-04-20
241,26,River Deep,5,303,True,38901209,2024-04-20
242,26,Hurricane,6,164,False,58743898,2024-04-20
243,26,Lay Low,7,322,True,63617549,2024-04-20
244,26,Summer Night,8,393,False,18304809,2024-04-20
245,26,First Kiss,9,399,False,85100169,2024-04-20
246,26,Never Let Go,10,272,False,1496555,2024-04-20
247,26,Echo,11,404,False,16540343,2024-04-20
248,26,Moonshine,12,122,False,72095327,2024-04-20
249,27,Echo,1,163,False,28192821,2007-12-01
250,27,Purgatory,2,228,False,86695458,2007-12-01
251,27,Victory,3,192,False,24695085,2007-12-01
252,27,Moment in Time,4,249,False,15384377,2007-12-01
253,27,Spring Rain,5,410,True,73665549,2007-12-01
254,27,Pure Love,6,401,True,39010740,2007-12-01
255,27,Mountain High,7,248,True,26496940,2007-12-01
256,27,Noise,8,369,False,47934299,2007-12-01
257,27,Heartbeat,9,240,True,38270459,2007-12-01
258,27,Mountain High,10,219,False,65211190,2007-12-01
259,27,Brave Soul,11,288,False,93074374,2007-12-01
260,27,Noise,12,198,False,42457517,2007-12-01
261,27,Fresh Start,13,206,True,42038976,2007-12-01
262,28,Blue Moon,1,233,False,37135338,2024-04-15
263,28,Fall Down,2,188,False,64418331,2024-04-15
264,28,Pure Love,3,348,False,40999730,2024-04-15
265,28,Torn Apart,4,402,True,23591471,2024-04-15
266,28,City Lights,5,263,False,72292089,2024-04-15
267,28,Fast Lane,6,254,True,97633380,2024-04-15
268,28,River Deep,7,129,True,78100019,2024-04-15
269,28,Noise,8,327,False,4919926,2024-04-15
270,29,Echo,1,253,False,87766064,2024-07-20
271,29,Always There,2,307,False,29971710,2024-07-20
272,29,Storm,3,188,False,67259613,2024-07-20
273,29,Victory,4,166,False,48837208,2024-07-20
274,30,Fragments,1,125,False,82414513,2013-11-12
275,30,Winter Morning,2,383,False,59890694,2013-11-12
276,30,Summer Night,3,211,False,98773484,2013-11-12
277,30,Shattered Glass,4,303,True,29369404,2013-11-12
278,30,Torn Apart,5,238,True,35481411,2013-11-12
279,30,Stand Tall,6,239,True,89736040,2013-11-12
280,30,Slow Motion,7,385,False,52088975,2013-11-12
281,30,Broken Dreams,8,352,True,5355917,2013-11-12
282,30,Demon,9,172,False,99577435,2013-11-12
283,30,Golden Hour,10,416,False,50554391,2013-11-12
284,31,Lay Low,1,307,True,69345320,1980-09-12
285,31,Green Fields,2,312,False,69306247,1980-09-12
286,32,Last Dance,1,300,False,65345452,2016-01-18
287,32,Shattered Glass,2,123,False,59042204,2016-01-18
288,32,Winter Morning,3,237,True,69060560,2016-01-18
289,32,Thunder,4,228,False,25086055,2016-01-18
290,32,Summer Night,5,305,True,88732634,2016-01-18
291,32,Timeless,6,332,False,96671078,2016-01-18
292,32,Street Corner,7,366,False,64293132,2016-01-18
293,32,Slow Motion,8,202,False,3012656,2016-01-18
294,32,Blue Moon,9,142,False,76972056,2016-01-18
295,32,Summer Night,10,188,True,76808685,2016-01-18
296,33,Never Let Go,1,148,False,34663022,2021-04-23
297,33,Spring Rain,2,384,False,80444404,2021-04-23
298,33,Scream,3,129,False,11508969,2021-04-23
299,33,Time Flies,4,349,False,64648438,2021-04-23
300,33,Winter Morning,5,232,False,80643207,2021-04-23
301,33,Never Let Go,6,418,False,83646063,2021-04-23
302,33,Victory,7,255,False,97198706,2021-04-23
303,33,Hell,8,352,True,30845084,2021-04-23
304,33,Lay Low,9,317,False,14572034,2021-04-23
305,33,Sunset Boulevard,10,223,False,20073763,2021-04-23
306,33,Concrete Jungle,11,210,False,82510102,2021-04-23
307,33,Starlight,12,392,True,12507745,2021-04-23
308,33,Shattered Glass,13,186,True,91074695,2021-04-23
309,33,Wild Heart,14,387,False,49711219,2021-04-23
310,33,Moonshine,15,391,False,30801123,2021-04-23
311,33,Shattered Glass,16,315,False,79060695,2021-04-23
312,34,Silence,1,170,False,17969486,2025-07-14
313,34,Green Fields,2,364,False,11249805,2025-07-14
314,35,Lightning,1,398,False,34601998,2012-10-21
315,35,Seasonal Change,2,122,True,77576121,2012-10-21
316,35,Defeat,3,180,True,50335658,2012-10-21
317,35,Slow Motion,4,281,False,48623028,2012-10-21
318,35,Urban Paradise,5,199,False,87453041,2012-10-21
319,35,Noise,6,249,False,71954780,2012-10-21
320,35,Fresh Start,7,409,False,82125234,2012-10-21
321,35,Thunder,8,323,False,55462544,2012-10-21
322,35,Echo,9,405,False,23987338,2012-10-21
323,35,Stand Tall,10,406,False,34061458,2012-10-21
324,35,Tornado,11,415,False,94689883,2012-10-21
325,35,First Kiss,12,190,True,30839382,2012-10-21
326,35,Brave Soul,13,202,True,28784084,2012-10-21
327,35,Victory,14,325,False,73897088,2012-10-21
328,35,Fireflies,15,202,False,85345915,2012-10-21
329,36,Midnight Rain,1,166,False,63306295,2009-09-17
330,36,Wild Heart,2,165,True,35311610,2009-09-17
331,36,Moment in Time,3,309,True,81742470,2009-09-17
332,36,Starlight,4,316,False,82405066,2009-09-17
333,36,Defeat,5,266,True,23524492,2009-09-17
334,36,Pieces,6,344,True,27072687,2009-09-17
335,36,Defeat,7,266,False,4510970,2009-09-17
336,36,Victory,8,384,False,82569402,2009-09-17
337,36,Winter Morning,9,138,False,32112480,2009-09-17
338,36,Midnight Rain,10,200,True,37035619,2009-09-17
339,36,Last Dance,11,300,False,54418707,2009-09-17
340,36,Fast Lane,12,385,True,98908471,2009-09-17
341,36,Mountain High,13,166,False,97460687,2009-09-17
342,36,Whisper,14,418,False,46637316,2009-09-17
343,36,Thunder,15,235,False,61036720,2009-09-17
344,36,Last Dance,16,414,True,35045256,2009-09-17
345,37,Autumn Wind,1,328,True,74978145,1981-04-01
346,37,River Deep,2,377,False,45629449,1981-04-01
347,37,Street Corner,3,382,False,72196170,1981-04-01
348,37,Silence,4,248,False,50610858,1981-04-01
349,37,Scream,5,367,False,45588495,1981-04-01
350,37,Kind Mind,6,355,True,64688940,1981-04-01
351,37,Street Corner,7,252,True,51361533,1981-04-01
352,37,Moment in Time,8,237,False,55354876,1981-04-01
353,37,Rise Up,9,384,True,94062273,1981-04-01
354,37,Golden Hour,10,247,False,12483514,1981-04-01
355,37,Last Dance,11,295,True,74430642,1981-04-01
356,37,Autumn Wind,12,363,False,47451057,1981-04-01
357,37,Time Flies,13,413,False,24532913,1981-04-01
358,37,Seasonal Change,14,375,False,31522559,1981-04-01
359,37,Red Sky,15,255,False,30763714,1981-04-01
360,38,Fast Lane,1,247,False,20937370,1990-09-13
361,38,Urban Paradise,2,181,True,90705967,1990-09-13
362,38,Pieces,3,123,True,64732147,1990-09-13
363,38,Stand Tall,4,281,False,77110685,1990-09-13
364,38,Thunder,5,371,False,68603195,1990-09-13
365,38,Thunder,6,323,False,77398691,1990-09-13
366,38,Heartbeat,7,147,False,64199033,1990-09-13
367,38,Peace,8,136,False,52843790,1990-09-13
368,38,Autumn Wind,9,354,True,93716799,1990-09-13
369,38,Defeat,10,355,False,92504274,1990-09-13
370,38,Electric Love,11,126,False,50925964,1990-09-13
371,39,Noise,1,171,False,48533442,1992-06-10
372,39,Golden Hour,2,215,False,31828278,1992-06-10
373,39,Silver Lining,3,361,False,49113508,1992-06-10
374,39,Spring Rain,4,375,False,28257191,1992-06-10
375,39,New Beginning,5,310,False,53766628,1992-06-10
376,39,Thunder,6,350,False,76693314,1992-06-10
377,39,Heartbeat,7,414,False,13404289,1992-06-10
378,40,Silver Lining,1,240,False,51121302,1974-12-07
379,40,Fast Lane,2,194,False,63483243,1974-12-07
380,40,Electric Love,3,210,False,67054885,1974-12-07
381,40,Forever Young,4,384,False,65313057,1974-12-07
382,40,Hurricane,5,248,True,53472598,1974-12-07
383,40,Concrete Jungle,6,203,True,28919534,1974-12-07
384,40,Green Fields,7,363,True,60378491,1974-12-07
385,40,Heaven,8,253,False,48359530,1974-12-07
386,40,Whisper,9,405,False,46189726,1974-12-07
387,40,Sunset Boulevard,10,330,True,47122567,1974-12-07
388,40,Fast Lane,11,415,False,38199537,1974-12-07
389,40,Rise Up,12,286,False,98854868,1974-12-07
390,41,Brave Soul,1,160,False,82364557,2025-05-03
391,41,Lightning,2,357,False,22491607,2025-05-03
392,41,Hell,3,335,False,9575640,2025-05-03
393,41,City Lights,4,202,False,30630893,2025-05-03
394,41,Angel,5,282,False,95352768,2025-05-03
395,41,Silver Lining,6,322,False,59713250,2025-05-03
396,41,Fall Down,7,420,False,55564671,2025-05-03
397,41,Winter Morning,8,214,True,16782572,2025-05-03
398,41,Red Sky,9,248,True,28262427,2025-05-03
399,41,Winter Morning,10,323,True,12825003,2025-05-03
400,41,Mountain High,11,362,True,3538638,2025-05-03
401,41,First Kiss,12,388,True,13949034,2025-05-03
402,41,Golden Hour,13,199,True,87890153,2025-05-03
403,42,Move On,1,278,False,33204998,2014-06-14
404,42,Lightning,2,346,False,17619715,2014-06-14
405,42,Battle,3,207,True,4718421,2014-06-14
406,42,Rise Up,4,286,False,62705646,2014-06-14
407,42,Peace,5,259,False,18134815,2014-06-14
408,42,Peace,6,210,False,84697764,2014-06-14
409,42,Scream,7,342,False,46596140,2014-06-14
410,42,Shattered Glass,8,396,False,12019737,2014-06-14
411,43,Free Spirit,1,277,False,55325058,2022-09-17
412,43,Golden Hour,2,199,False,1416778,2022-09-17
413,43,Midnight Rain,3,387,False,46155452,2022-09-17
414,43,Lightning,4,360,True,92310921,2022-09-17
415,43,Torn Apart,5,364,False,1225756,2022-09-17
416,43,Wild Heart,6,269,False,968781,2022-09-17
417,43,Echo,7,311,False,55262252,2022-09-17
418,43,Whisper,8,343,False,33540489,2022-09-17
419,43,Summer Night,9,319,False,29607414,2022-09-17
420,43,Golden Hour,10,160,False,83929434,2022-09-17
421,43,Red Sky,11,384,False,38208680,2022-09-17
422,43,War,12,257,False,25233016,2022-09-17
423,43,Mountain High,13,213,False,38868823,2022-09-17
424,43,Street Corner,14,353,False,36525224,2022-09-17
425,43,Torn Apart,15,216,False,2603206,2022-09-17
426,44,Always There,1,145,True,24956121,2012-07-13
427,44,Urban Paradise,2,264,False,16782477,2012-07-13
428,44,Free Spirit,3,124,False,12106034,2012-07-13
429,44,Always There,4,127,False,29150491,2012-07-13
430,44,Hell,5,335,False,66893545,2012-07-13
431,44,Stand Tall,6,357,True,44325223,2012-07-13
432,44,City Lights,7,194,True,35769504,2012-07-13
433,44,First Kiss,8,156,False,24374441,2012-07-13
434,44,Seasonal Change,9,248,False,1693222,2012-07-13
435,44,Love Song,10,247,False,59453211,2012-07-13
436,44,Blue Moon,11,137,False,61852177,2012-07-13
437,45,Concrete Jungle,1,386,False,63461570,2023-08-13
438,45,Move On,2,279,False,21288466,2023-08-13
439,45,Moonshine,3,401,True,33999060,2023-08-13
440,45,Shattered Glass,4,272,False,48375646,2023-08-13
441,45,Fireflies,5,231,True,31670798,2023-08-13
442,45,Wild Heart,6,286,True,22462726,2023-08-13
443,45,Thunder,7,419,True,53124490,2023-08-13
444,45,Blue Moon,8,124,True,77990837,2023-08-13
445,45,Broken Dreams,9,199,False,12009789,2023-08-13
446,45,Blue Moon,10,200,False,12267708,2023-08-13
447,45,Hell,11,150,True,47716774,2023-08-13
448,45,Always There,12,394,True,16888275,2023-08-13
449,45,Torn Apart,13,239,False,74940527,2023-08-13
450,45,Purgatory,14,344,False,2865928,2023-08-13
451,45,Lay Low,15,303,False,33647879,2023-08-13
452,45,Moonshine,16,368,False,75031037,2023-08-13
453,46,Storm,1,397,False,25471281,2013-06-09
454,46,Scream,2,215,False,43443711,2013-06-09
455,47,Pure Love,1,260,False,9244458,1989-12-28
456,47,Battle,2,199,False,39684512,1989-12-28
457,47,Golden Hour,3,397,False,60945449,1989-12-28
458,47,Midnight Rain,4,379,False,98469875,1989-12-28
459,48,Spring Rain,1,129,False,83241474,1993-05-02
460,48,Red Sky,2,284,True,88354109,1993-05-02
461,48,War,3,318,False,70339453,1993-05-02
462,48,Pieces,4,402,False,82280734,1993-05-02
463,48,Lightning,5,285,False,86020669,1993-05-02
464,48,Demon,6,176,True,70222787,1993-05-02
465,48,Mountain High,7,142,False,23976493,1993-05-02
466,48,Starlight,8,223,True,65145297,1993-05-02
467,48,Seasonal Change,9,170,True,76639957,1993-05-02
468,49,Move On,1,370,False,6588161,2023-09-05
469,49,Fall Down,2,233,True,1756387,2023-09-05
470,49,Slow Motion,3,371,True,62821834,2023-09-05
471,49,Ocean Waves,4,304,False,49535555,2023-09-05
472,49,Ocean Waves,5,256,True,98556123,2023-09-05
473,49,River Deep,6,275,True,28977615,2023-09-05
474,49,Defeat,7,169,True,97330929,2023-09-05
475,50,Timeless,1,392,False,25428946,2009-10-25
476,50,Seasonal Change,2,389,False,76507818,2009-10-25
477,50,Autumn Wind,3,405,False,14161873,2009-10-25
478,50,Silence,4,303,False,94294720,2009-10-25
479,50,Fresh Start,5,173,False,24212413,2009-10-25
480,50,Echo,6,325,False,88252435,2009-10-25
481,51,Summer Night,1,393,False,47288136,2001-11-01
482,52,Angel,1,401,False,49891348,2018-06-29
483,52,Final Chapter,2,340,False,81659860,2018-06-29
484,53,Red Sky,1,408,False,50340113,2010-03-07
485,53,Echo,2,250,False,60720566,2010-03-07
486,53,Brave Soul,3,323,True,97484118,2010-03-07
487,53,Starlight,4,265,True,69472352,2010-03-07
488,53,Forever Young,5,274,True,40310141,2010-03-07
489,53,Moment in Time,6,229,False,2912708,2010-03-07
490,53,Thunder,7,403,False,12655004,2010-03-07
491,53,Starlight,8,355,False,20952341,2010-03-07
492,53,Forever Young,9,255,False,78135616,2010-03-07
493,53,Blue Moon,10,239,False,40305910,2010-03-07
494,53,Neon Dreams,11,412,False,76378602,2010-03-07
495,53,Time Flies,12,159,False,64764506,2010-03-07
496,53,Autumn Wind,13,369,True,79890579,2010-03-07
497,53,Hurricane,14,139,False,10533057,2010-03-07
498,53,Ocean Waves,15,291,False,58291349,2010-03-07
499,54,New Beginning,1,181,False,87614538,2006-03-17
500,54,Electric Love,2,315,True,40907334,2006-03-17
501,54,Battle,3,141,False,72468141,2006-03-17
502,54,Scream,4,196,False,67431202,2006-03-17
503,54,Moment in Time,5,198,True,90413791,2006-03-17
504,54,First Kiss,6,348,True,29807828,2006-03-17
505,54,Wild Heart,7,268,False,19865888,2006-03-17
506,54,Heartbeat,8,292,True,63868130,2006-03-17
507,55,Silence,1,145,False,35239935,2012-05-20
508,55,City Lights,2,324,False,93666595,2012-05-20
509,55,Heartbeat,3,189,False,75067462,2012-05-20
510,56,Fast Lane,1,369,False,87543303,2018-08-14
511,56,Silence,2,220,False,32522981,2018-08-14
512,56,River Deep,3,256,False,43407575,2018-08-14
513,56,Silence,4,165,True,90160430,2018-08-14
514,56,Final Chapter,5,336,False,46749089,2018-08-14
515,56,Seasonal Change,6,284,False,79708841,2018-08-14
516,56,Dancing in the Dark,7,276,False,46938140,2018-08-14
517,56,Free Spirit,8,194,False,6023362,2018-08-14
518,56,Timeless,9,222,False,20936786,2018-08-14
519,56,City Lights,10,177,True,32621391,2018-08-14
520,57,Never Let Go,1,267,True,46073103,2010-10-31
521,57,Street Corner,2,276,False,63242092,2010-10-31
522,57,Sunset Boulevard,3,289,False,99322861,2010-10-31
523,57,War,4,228,False,73339816,2010-10-31
524,58,Defeat,1,252,False,83623280,2004-05-08
525,58,Never Let Go,2,129,False,78249598,2004-05-08
526,58,Battle,3,142,False,22859916,2004-05-08
527,58,Ocean Waves,4,265,False,93486229,2004-05-08
528,58,Silver Lining,5,147,False,87880113,2004-05-08
529,58,Electric Love,6,154,False,88633740,2004-05-08
530,58,Silver Lining,7,304,True,2560649,2004-05-08
531,58,Storm,8,317,False,51096850,2004-05-08
532,58,Victory,9,170,False,65050252,2004-05-08
533,58,War,10,165,False,26692577,2004-05-08
534,58,Fragments,11,354,True,5335477,2004-05-08
535,58,Blue Moon,12,391,False,44770958,2004-05-08
536,59,Torn Apart,1,321,False,2465878,2021-06-20
537,59,Purgatory,2,300,False,83917080,2021-06-20
538,59,Hurricane,3,240,False,8322800,2021-06-20
539,59,Green Fields,4,318,True,74482698,2021-06-20
540,59,Thunder,5,235,False,45873760,2021-06-20
541,59,First Kiss,6,190,True,97964132,2021-06-20
542,59,Lay Low,7,386,False,56013532,2021-06-20
543,59,Red Sky,8,413,False,57239162,2021-06-20
544,59,Tornado,9,288,False,72777382,2021-06-20
545,59,Heartbeat,10,225,False,77984620,2021-06-20
546,59,Peace,11,223,False,41473062,2021-06-20
547,59,Battle,12,189,False,19482024,2021-06-20
548,60,Scream,1,200,False,9101846,2023-05-28
549,60,Whisper,2,392,True,24714210,2023-05-28
550,60,Angel,3,194,True,42773504,2023-05-28
551,60,Final Chapter,4,330,False,59459055,2023-05-28
552,60,Thunder,5,197,False,14330619,2023-05-28
553,61,Heartbeat,1,214,True,82138779,2019-02-11
554,61,Silver Lining,2,410,False,80042177,2019-02-11
555,61,Timeless,3,238,True,48219240,2019-02-11
556,61,City Lights,4,364,False,67420864,2019-02-11
557,61,Broken Dreams,5,311,False,52004039,2019-02-11
558,61,Torn Apart,6,362,False,21983035,2019-02-11
559,61,Seasonal Change,7,235,True,54839908,2019-02-11
560,61,Electric Love,8,258,False,29870720,2019-02-11
561,61,Fast Lane,9,224,True,23767033,2019-02-11
562,61,Free Spirit,10,370,False,61410640,2019-02-11
563,61,Blue Moon,11,338,False,5613827,2019-02-11
564,61,Lay Low,12,280,False,82074794,2019-02-11
565,61,Silence,13,394,True,69880338,2019-02-11
566,61,Urban Paradise,14,351,False,5692967,2019-02-11
567,62,Blue Moon,1,385,False,98672858,2005-04-22
568,62,Moonshine,2,405,False,69273350,2005-04-22
569,63,Fireflies,1,217,False,58995922,2010-09-12
570,63,First Kiss,2,275,False,61920968,2010-09-12
571,63,Winter Morning,3,336,False,82293489,2010-09-12
572,63,Fireflies,4,384,False,62220513,2010-09-12
573,64,Brave Soul,1,166,True,24128507,2019-05-21
574,64,Noise,2,399,False,52756521,2019-05-21
575,64,Final Chapter,3,285,False,3343647,2019-05-21
576,64,Autumn Wind,4,352,False,61026547,2019-05-21
577,64,Neon Dreams,5,248,False,92840741,2019-05-21
578,64,Summer Night,6,183,True,15322958,2019-05-21
579,64,Brave Soul,7,305,True,70305568,2019-05-21
580,64,Move On,8,381,False,50825385,2019-05-21
581,64,Echo,9,314,True,22935793,2019-05-21
582,64,Heaven,10,409,False,21759927,2019-05-21
583,64,Never Let Go,11,211,True,56315301,2019-05-21
584,64,Tornado,12,278,False,38759467,2019-05-21
585,64,Spring Rain,13,180,False,27226295,2019-05-21
586,65,Midnight Rain,1,249,True,61557975,2023-05-01
587,65,Pieces,2,375,True,81602221,2023-05-01
588,65,Pieces,3,241,False,79035763,2023-05-01
589,66,Broken Dreams,1,352,False,59307507,2023-06-28
590,66,City Lights,2,123,False,73462947,2023-06-28
591,66,Thunder,3,405,False,6565770,2023-06-28
592,66,Spring Rain,4,195,True,87681338,2023-06-28
593,67,Purgatory,1,138,False,4352961,2024-04-09
594,67,Silence,2,272,False,11771255,2024-04-09
595,67,Fireflies,3,175,False,23924094,2024-04-09
596,67,Summer Night,4,265,False,61114408,2024-04-09
597,67,Noise,5,304,True,12499198,2024-04-09
598,67,Hurricane,6,285,False,50860378,2024-04-09
599,67,Mountain High,7,338,True,39303341,2024-04-09
600,68,Broken Dreams,1,188,True,93230242,2019-08-14
601,68,Thunder,2,288,False,70416822,2019-08-14
602,68,Slow Motion,3,227,True,14670297,2019-08-14
603,68,Silence,4,390,True,64916146,2019-08-14
604,68,Lightning,5,338,False,34850980,2019-08-14
605,68,Battle,6,414,False,17409802,2019-08-14
606,68,Scream,7,374,False,66102828,2019-08-14
607,68,Spring Rain,8,239,False,25978571,2019-08-14
608,68,Midnight Rain,9,180,True,62395893,2019-08-14
609,69,Love Song,1,226,False,55571661,2015-12-31
610,69,Moonshine,2,290,False,75217695,2015-12-31
611,69,Time Flies,3,125,False,92612522,2015-12-31
612,69,Lightning,4,250,True,41308532,2015-12-31
613,69,Hurricane,5,379,False,822924,2015-12-31
614,70,Street Corner,1,290,False,53156840,2022-04-30
615,70,Scream,2,134,False,26040330,2022-04-30
616,70,Heaven,3,293,False,63686372,2022-04-30
617,70,Starlight,4,189,False,20855594,2022-04-30
618,70,Kind Mind,5,394,False,62071682,2022-04-30
619,70,Final Chapter,6,148,False,75825317,2022-04-30
620,70,Angel,7,404,True,27952515,2022-04-30
621,70,Silence,8,289,False,8886963,2022-04-30
622,70,Always There,9,263,True,45520266,2022-04-30
623,70,Lay Low,10,393,False,76635858,2022-04-30
624,70,Move On,11,215,True,41376831,2022-04-30
625,70,Angel,12,136,False,55548633,2022-04-30
626,70,Neon Dreams,13,374,False,49873103,2022-04-30
627,71,Brave Soul,1,274,False,70477785,2017-11-25
628,71,Hurricane,2,209,True,50226379,2017-11-25
629,71,Starlight,3,223,True,59562350,2017-11-25
630,71,Fragments,4,132,False,67116153,2017-11-25
631,71,Always There,5,217,False,64890505,2017-11-25
632,71,Battle,6,278,False,19232735,2017-11-25
633,71,Concrete Jungle,7,384,False,27539747,2017-11-25
634,71,Starlight,8,355,False,95788157,2017-11-25
635,71,Defeat,9,179,True,41739205,2017-11-25
636,71,Moonshine,10,164,False,62663022,2017-11-25
637,71,Moonshine,11,172,False,3017249,2017-11-25
638,71,Silence,12,279,False,43067834,2017-11-25
639,71,Fast Lane,13,218,False,37131272,2017-11-25
640,71,War,14,283,False,90076744,2017-11-25
641,71,Love Song,15,259,False,21138757,2017-11-25
642,71,Thunder,16,178,True,83610257,2017-11-25
643,72,Whisper,1,383,True,27726346,2015-09-10
644,72,Peace,2,299,False,36379997,2015-09-10
645,72,Never Let Go,3,265,False,22988138,2015-09-10
646,72,River Deep,4,279,False,72555030,2015-09-10
647,73,Free Spirit,1,145,False,3891332,1994-10-08
648,74,Broken Dreams,1,145,True,51485872,1999-05-19
649,74,Fireflies,2,164,False,52602177,1999-05-19
650,74,Autumn Wind,3,348,False,41935074,1999-05-19
651,74,Heaven,4,221,True,62504573,1999-05-19
652,74,Scream,5,187,True,93764425,1999-05-19
653,75,Pure Love,1,169,False,41660066,2025-04-26
654,75,Pure Love,2,360,False,30037183,2025-04-26
655,76,Never Let Go,1,252,False,52623673,2013-09-06
656,76,Spring Rain,2,289,False,60838623,2013-09-06
657,76,Torn Apart,3,135,True,63798298,2013-09-06
658,76,Street Corner,4,299,False,61906810,2013-09-06
659,76,Winter Morning,5,264,False,81126594,2013-09-06
660,76,Silence,6,185,True,54450250,2013-09-06
661,76,Urban Paradise,7,286,True,40549608,2013-09-06
662,76,War,8,356,False,79260394,2013-09-06
663,77,Final Chapter,1,242,False,73544472,2023-08-05
664,77,Summer Night,2,366,False,8866414,2023-08-05
665,77,Hell,3,226,False,58432185,2023-08-05
666,77,Scream,4,295,False,23231136,2023-08-05
667,77,River Deep,5,413,False,15344154,2023-08-05
668,77,Pure Love,6,286,True,59755911,2023-08-05
669,77,Autumn Wind,7,277,False,9342578,2023-08-05
670,77,Urban Paradise,8,314,False,66343171,2023-08-05
671,77,Ocean Waves,9,166,False,18645088,2023-08-05
672,77,Noise,10,120,False,88701999,2023-08-05
673,77,Always There,11,351,False,52342586,2023-08-05
674,77,Silence,12,348,False,27603443,2023-08-05
675,77,Angel,13,273,False,58348074,2023-08-05
676,77,Purgatory,14,165,True,82072899,2023-08-05
677,77,Victory,15,326,False,39484797,2023-08-05
678,78,Ocean Waves,1,309,True,113187,1974-12-15
679,78,Whisper,2,303,True,37877483,1974-12-15
680,78,Dancing in the Dark,3,240,False,94250625,1974-12-15
681,78,First Kiss,4,282,False,54496780,1974-12-15
682,78,Lay Low,5,342,False,88917575,1974-12-15
683,78,Autumn Wind,6,363,False,25263378,1974-12-15
684,78,Whisper,7,316,False,56000400,1974-12-15
685,78,Always There,8,267,False,18022414,1974-12-15
686,78,Electric Love,9,156,True,19326800,1974-12-15
687,78,Torn Apart,10,343,False,11363335,1974-12-15
688,78,Forever Young,11,332,False,93333735,1974-12-15
689,78,Fresh Start,12,212,False,68372512,1974-12-15
690,79,Fresh Start,1,402,False,51635535,2024-11-19
691,79,Rise Up,2,235,False,57011913,2024-11-19
692,80,Midnight Rain,1,415,False,98101533,1978-09-21
693,80,Red Sky,2,376,False,55141717,1978-09-21
694,80,Peace,3,415,False,4491176,1978-09-21
695,80,Starlight,4,410,False,94607733,1978-09-21
696,80,Stand Tall,5,177,False,92676974,1978-09-21
697,80,City Lights,6,192,False,62402697,1978-09-21
698,80,Defeat,7,160,True,32914388,1978-09-21
699,80,Broken Dreams,8,159,False,82280717,1978-09-21
700,80,Fireflies,9,295,True,62930506,1978-09-21
701,80,Kind Mind,10,382,False,77036318,1978-09-21
702,80,Heaven,11,335,False,39542951,1978-09-21
703,80,Storm,12,205,True,93288187,1978-09-21
704,80,Hurricane,13,408,False,8243352,1978-09-21
705,81,Broken Dreams,1,416,False,76887967,2005-10-03
706,81,Fireflies,2,269,True,38495745,2005-10-03
707,81,Torn Apart,3,162,False,67859961,2005-10-03
708,81,River Deep,4,262,False,17789051,2005-10-03
709,81,Thunder,5,260,False,1906295,2005-10-03
710,81,Street Corner,6,209,False,88470372,2005-10-03
711,81,Brave Soul,7,309,False,35064728,2005-10-03
712,81,Red Sky,8,368,False,70784933,2005-10-03
713,82,Starlight,1,295,True,19470999,2013-08-05
714,82,Always There,2,373,False,51427803,2013-08-05
715,82,Red Sky,3,345,False,28300713,2013-08-05
716,82,Silence,4,296,True,86202825,2013-08-05
717,82,Golden Hour,5,179,True,22494944,2013-08-05
718,82,Pure Love,6,324,False,40448811,2013-08-05
719,82,Broken Dreams,7,392,False,50975999,2013-08-05
720,83,Move On,1,362,False,19481680,2015-11-25
721,83,Battle,2,342,True,38761035,2015-11-25
722,83,Brave Soul,3,315,False,71169409,2015-11-25
723,83,Moonshine,4,169,False,57953319,2015-11-25
724,83,Silver Lining,5,291,False,35847919,2015-11-25
725,83,Concrete Jungle,6,250,False,61888947,2015-11-25
726,83,Red Sky,7,219,False,90961791,2015-11-25
727,83,Spring Rain,8,280,True,90301937,2015-11-25
728,83,Electric Love,9,154,True,55196875,2015-11-25
729,83,Concrete Jungle,10,388,True,92006192,2015-11-25
730,83,Brave Soul,11,299,False,97341495,2015-11-25
731,83,Lightning,12,248,False,4569008,2015-11-25
732,83,Dancing in the Dark,13,167,True,79743930,2015-11-25
733,83,Time Flies,14,182,True,11594582,2015-11-25
734,84,Heartbeat,1,312,False,14877375,2016-04-30
735,84,Spring Rain,2,249,False,62673716,2016-04-30
736,84,River Deep,3,352,False,57308741,2016-04-30
737,84,Demon,4,251,False,9931717,2016-04-30
738,84,Thunder,5,151,False,52155724,2016-04-30
739,84,Heaven,6,150,False,35522715,2016-04-30
740,85,Autumn Wind,1,345,True,65997780,2016-06-05
741,85,Fast Lane,2,321,False,86635285,2016-06-05
742,85,Torn Apart,3,175,False,72562419,2016-06-05
743,85,Wild Heart,4,231,True,59268093,2016-06-05
744,85,Golden Hour,5,172,True,9787090,2016-06-05
745,85,River Deep,6,412,False,59845276,2016-06-05
746,85,Sunset Boulevard,7,374,False,87626101,2016-06-05
747,85,Midnight Rain,8,139,False,35760499,2016-06-05
748,85,Always There,9,288,False,77126909,2016-06-05
749,85,Midnight Rain,10,383,False,64174787,2016-06-05
750,85,Wild Heart,11,326,True,72494849,2016-06-05
751,85,Moment in Time,12,121,False,92511086,2016-06-05
752,85,Shattered Glass,13,182,False,44753520,2016-06-05
753,85,Hurricane,14,325,True,84862181,2016-06-05
754,85,Neon Dreams,15,307,False,10798726,2016-06-05
755,85,Kind Mind,16,268,False,23705307,2016-06-05
756,86,Echo,1,140,False,88682228,2025-12-21
757,87,Seasonal Change,1,273,False,14330160,2019-04-03
758,87,Rise Up,2,369,True,84931806,2019-04-03
759,87,Free Spirit,3,217,False,4791343,2019-04-03
760,87,Seasonal Change,4,132,False,65663681,2019-04-03
761,87,Move On,5,152,False,67066471,2019-04-03
762,87,War,6,350,True,4971784,2019-04-03
763,87,Hell,7,148,False,96772591,2019-04-03
764,87,Moonshine,8,327,True,28410963,2019-04-03
765,87,Defeat,9,354,False,99462248,2019-04-03
766,87,Noise,10,239,True,4949636,2019-04-03
767,87,Never Let Go,11,370,True,63246028,2019-04-03
768,87,Moonshine,12,244,False,1928065,2019-04-03
769,87,Autumn Wind,13,145,False,13058343,2019-04-03
770,87,Kind Mind,14,207,True,14271532,2019-04-03
771,87,Street Corner,15,374,False,8470495,2019-04-03
772,87,Fast Lane,16,338,False,99043073,2019-04-03
773,88,Last Dance,1,286,True,91816788,1976-12-01
774,88,Silence,2,399,False,43163063,1976-12-01
775,88,Time Flies,3,143,False,45030548,1976-12-01
776,88,Mountain High,4,181,False,18956482,1976-12-01
777,88,New Beginning,5,206,False,74277128,1976-12-01
778,88,Winter Morning,6,344,False,78112812,1976-12-01
779,88,Moonshine,7,188,True,84851724,1976-12-01
780,88,Lay Low,8,200,True,65359668,1976-12-01
781,88,City Lights,9,123,True,24080385,1976-12-01
782,88,Neon Dreams,10,265,False,93080467,1976-12-01
783,88,Broken Dreams,11,184,False,19204927,1976-12-01
784,88,Silver Lining,12,387,False,55301908,1976-12-01
785,88,Red Sky,13,209,True,80030269,1976-12-01
786,89,Spring Rain,1,375,True,84180238,2022-03-25
787,90,Hurricane,1,298,False,613380,1981-06-27
788,90,Whisper,2,240,False,15771632,1981-06-27
789,91,Battle,1,168,False,72440371,2020-05-29
790,91,Fragments,2,232,False,84082607,2020-05-29
791,91,Slow Motion,3,261,True,26000523,2020-05-29
792,91,Street Corner,4,196,False,66775311,2020-05-29
793,92,Autumn Wind,1,201,True,7251463,2023-08-11
794,92,Fall Down,2,265,False,58340640,2023-08-11
795,93,Green Fields,1,291,False,5813974,2021-11-02
796,93,Urban Paradise,2,146,False,21212522,2021-11-02
797,93,Dancing in the Dark,3,368,True,9510600,2021-11-02
798,93,Red Sky,4,347,False,56246123,2021-11-02
799,93,Fast Lane,5,286,False,14781783,2021-11-02
800,94,Demon,1,236,True,31825487,2010-08-08
801,94,Final Chapter,2,222,False,29616854,2010-08-08
802,95,River Deep,1,361,False,7293304,1998-08-17
803,95,Wild Heart,2,194,False,81796786,1998-08-17
804,95,Kind Mind,3,211,False,50128319,1998-08-17
805,95,Forever Young,4,354,False,84828438,1998-08-17
806,95,Rise Up,5,258,False,45082572,1998-08-17
807,95,Heartbeat,6,136,True,37662052,1998-08-17
808,95,Forever Young,7,176,False,61549421,1998-08-17
809,95,New Beginning,8,207,False,29508245,1998-08-17
810,95,Storm,9,200,False,77594146,1998-08-17
811,95,Echo,10,237,True,55256920,1998-08-17
812,95,Defeat,11,370,False,79400640,1998-08-17
813,95,Broken Dreams,12,356,False,1946674,1998-08-17
814,95,Fresh Start,13,246,False,43928918,1998-08-17
815,96,Wild Heart,1,416,False,79426243,2001-06-24
816,96,Always There,2,413,True,56072388,2001-06-24
817,96,Moonshine,3,140,False,98445522,2001-06-24
818,96,Fragments,4,137,False,71285951,2001-06-24
819,96,First Kiss,5,365,True,60725652,2001-06-24
820,96,Pieces,6,243,True,74958851,2001-06-24
821,96,Electric Love,7,328,False,17812303,2001-06-24
822,97,Rise Up,1,271,False,86924795,2012-12-07
823,97,Neon Dreams,2,128,False,89796439,2012-12-07
824,97,Tornado,3,202,False,76555214,2012-12-07
825,97,Noise,4,132,False,62244899,2012-12-07
826,97,Forever Young,5,327,False,49716992,2012-12-07
827,97,Pure Love,6,120,True,51657620,2012-12-07
828,97,Heaven,7,391,True,39807633,2012-12-07
829,98,Fresh Start,1,258,False,91894205,2016-04-19
830,98,City Lights,2,291,True,69086760,2016-04-19
831,98,Fall Down,3,146,True,51399349,2016-04-19
832,98,Fall Down,4,358,True,49066128,2016-04-19
833,98,Fall Down,5,209,True,75263692,2016-04-19
834,98,Slow Motion,6,190,False,32028739,2016-04-19
835,98,Peace,7,178,False,98969476,2016-04-19
836,98,Noise,8,227,False,43011925,2016-04-19
837,98,Rise Up,9,256,False,37197817,2016-04-19
838,98,Fireflies,10,152,False,46335527,2016-04-19
839,98,Brave Soul,11,368,True,63104323,2016-04-19
840,98,War,12,392,False,60663511,2016-04-19
841,98,Stand Tall,13,153,False,61454824,2016-04-19
842,98,Neon Dreams,14,161,False,23999716,2016-04-19
843,98,Lightning,15,159,True,22114547,2016-04-19
844,98,Thunder,16,177,False,66616115,2016-04-19
845,99,Always There,1,224,True,39348536,2015-06-15
846,99,New Beginning,2,397,False,63606441,2015-06-15
847,99,Purgatory,3,335,False,99013658,2015-06-15
848,99,Sunset Boulevard,4,269,False,8448940,2015-06-15
849,99,Sunset Boulevard,5,238,False,55256328,2015-06-15
850,99,Noise,6,295,False,65249732,2015-06-15
851,99,Battle,7,400,False,61472671,2015-06-15
852,99,Hurricane,8,410,False,41137063,2015-06-15
853,99,Winter Morning,9,253,False,64994010,2015-06-15
854,99,Stand Tall,10,267,True,19909634,2015-06-15
855,100,Rise Up,1,265,False,22328873,2022-07-12
856,100,Summer Night,2,394,False,24465275,2022-07-12
857,100,Autumn Wind,3,198,False,31931112,2022-07-12
858,100,Street Corner,4,141,False,77111463,2022-07-12
859,100,Heartbeat,5,345,False,49616555,2022-07-12
860,100,Spring Rain,6,225,True,89329049,2022-07-12
861,100,Angel,7,296,False,50051795,2022-07-12
862,100,Brave Soul,8,396,False,71624345,2022-07-12
863,100,Hurricane,9,182,True,54299436,2022-07-12
864,100,Pieces,10,194,False,42978923,2022-07-12
865,100,Always There,11,122,False,86871612,2022-07-12
866,101,Storm,1,362,False,77004412,2020-08-24
867,101,Never Let Go,2,409,False,45457454,2020-08-24
868,101,Street Corner,3,365,True,18713077,2020-08-24
869,101,Echo,4,179,False,3328008,2020-08-24
870,101,Last Dance,5,232,False,47968550,2020-08-24
871,101,Neon Dreams,6,287,True,81624673,2020-08-24
872,101,Seasonal Change,7,418,False,37302753,2020-08-24
873,102,Fast Lane,1,131,True,72264474,2025-12-10
874,102,Brave Soul,2,164,False,26098642,2025-12-10
875,102,Torn Apart,3,282,True,89491869,2025-12-10
876,102,Fall Down,4,323,False,96095030,2025-12-10
877,102,Fresh Start,5,309,False,50040550,2025-12-10
878,102,Electric Love,6,265,False,47158074,2025-12-10
879,102,Tornado,7,348,True,28950113,2025-12-10
880,102,Free Spirit,8,332,False,38739802,2025-12-10
881,102,Summer Night,9,337,False,18732457,2025-12-10
882,102,Neon Dreams,10,193,False,40698994,2025-12-10
883,102,Broken Dreams,11,388,False,8873909,2025-12-10
884,102,Lay Low,12,165,True,54956876,2025-12-10
885,102,Silver Lining,13,332,False,74600071,2025-12-10
886,102,Pure Love,14,410,False,26743897,2025-12-10
887,102,Spring Rain,15,315,False,74338760,2025-12-10
888,102,Torn Apart,16,141,False,78545322,2025-12-10
889,103,Hurricane,1,372,False,30134594,1989-08-18
890,103,Dancing in the Dark,2,121,False,35255913,1989-08-18
891,103,Hurricane,3,361,True,87753291,1989-08-18
892,103,Lightning,4,333,False,66019888,1989-08-18
893,103,Blue Moon,5,134,True,37207440,1989-08-18
894,103,Pieces,6,154,False,77989327,1989-08-18
895,103,Shattered Glass,7,409,False,34616300,1989-08-18
896,103,Broken Dreams,8,181,False,68790057,1989-08-18
897,103,Silence,9,128,False,21856985,1989-08-18
898,103,Noise,10,149,False,42906872,1989-08-18
899,103,Pure Love,11,189,False,21918943,1989-08-18
900,104,Fireflies,1,259,False,56306216,1968-04-17
901,104,Rise Up,2,144,False,39146492,1968-04-17
902,104,Battle,3,159,False,84292753,1968-04-17
903,104,Spring Rain,4,168,False,72975834,1968-04-17
904,104,Demon,5,281,False,36434606,1968-04-17
905,104,Fall Down,6,169,False,19289438,1968-04-17
906,104,Electric Love,7,190,False,50065117,1968-04-17
907,104,Torn Apart,8,330,False,21881401,1968-04-17
908,104,Urban Paradise,9,231,False,67562908,1968-04-17
909,104,Moment in Time,10,216,True,56015266,1968-04-17
910,104,Kind Mind,11,159,True,17613681,1968-04-17
911,104,Sunset Boulevard,12,365,False,41818682,1968-04-17
912,104,Fall Down,13,191,False,80215042,1968-04-17
913,105,Defeat,1,295,False,95280478,1984-01-31
914,105,Hurricane,2,134,True,29844365,1984-01-31
915,105,Heartbeat,3,192,False,41262331,1984-01-31
916,105,Heartbeat,4,227,False,10550179,1984-01-31
917,106,Fresh Start,1,177,True,2524153,1976-11-17
918,107,Shattered Glass,1,340,True,26353784,1978-09-27
919,107,Urban Paradise,2,136,True,62959166,1978-09-27
920,107,Love Song,3,249,True,8891570,1978-09-27
921,107,Hurricane,4,125,True,16615289,1978-09-27
922,107,Slow Motion,5,420,False,24800996,1978-09-27
923,107,Purgatory,6,134,True,19536326,1978-09-27
924,107,Thunder,7,416,False,47271923,1978-09-27
925,108,Summer Night,1,376,False,67767769,1996-01-18
926,108,Scream,2,154,True,77595788,1996-01-18
927,109,Electric Love,1,390,False,96074611,1997-05-07
928,109,Seasonal Change,2,264,False,72091897,1997-05-07
929,109,Midnight Rain,3,170,False,67671943,1997-05-07
930,109,Broken Dreams,4,307,False,59010948,1997-05-07
931,109,Urban Paradise,5,212,False,50951070,1997-05-07
932,109,Fresh Start,6,229,False,54704189,1997-05-07
933,109,Street Corner,7,280,True,62532267,1997-05-07
934,109,Street Corner,8,386,False,66547299,1997-05-07
935,109,Fall Down,9,267,True,11039132,1997-05-07
936,109,Demon,10,372,True,51644447,1997-05-07
937,109,Lightning,11,353,False,92213827,1997-05-07
938,110,Free Spirit,1,235,False,39002238,2013-02-24
939,110,Fresh Start,2,216,True,63844258,2013-02-24
940,110,Stand Tall,3,211,True,90484077,2013-02-24
941,110,Torn Apart,4,173,False,58795196,2013-02-24
942,110,Defeat,5,163,True,19242468,2013-02-24
943,110,First Kiss,6,325,True,99513339,2013-02-24
944,110,Winter Morning,7,153,False,26720922,2013-02-24
945,110,Hell,8,222,False,16476859,2013-02-24
946,110,Timeless,9,337,False,37382097,2013-02-24
947,110,Noise,10,259,False,47794571,2013-02-24
948,110,Broken Dreams,11,327,False,68640894,2013-02-24
949,110,Thunder,12,195,False,14500436,2013-02-24
950,111,Love Song,1,248,False,66742957,2002-06-19
951,111,Timeless,2,188,True,13368540,2002-06-19
952,111,Fireflies,3,154,False,91014040,2002-06-19
953,111,Dancing in the Dark,4,211,False,81145880,2002-06-19
954,111,Demon,5,198,False,83478965,2002-06-19
955,111,Concrete Jungle,6,159,False,62548391,2002-06-19
956,111,Fast Lane,7,270,False,65800289,2002-06-19
957,111,Fragments,8,253,False,72548572,2002-06-19
958,111,Peace,9,129,True,57768169,2002-06-19
959,111,Love Song,10,316,False,42219420,2002-06-19
960,111,Lay Low,11,346,False,4829304,2002-06-19
961,111,Starlight,12,210,False,94765662,2002-06-19
962,112,Winter Morning,1,371,False,18050706,2017-01-22
963,112,Tornado,2,319,False,14681002,2017-01-22
964,112,Scream,3,371,False,63875700,2017-01-22
965,112,Whisper,4,200,True,52530781,2017-01-22
966,112,Golden Hour,5,373,False,82804241,2017-01-22
967,112,Rise Up,6,265,False,8244186,2017-01-22
968,112,Dancing in the Dark,7,143,False,49178730,2017-01-22
969,112,Purgatory,8,418,True,83906615,2017-01-22
970,112,Hell,9,314,True,57465077,2017-01-22
971,113,Purgatory,1,302,False,47146562,2010-01-13
972,113,Ocean Waves,2,245,False,31490443,2010-01-13
973,113,Tornado,3,163,True,40924657,2010-01-13
974,113,Street Corner,4,292,False,2645698,2010-01-13
975,113,War,5,286,True,61862210,2010-01-13
976,113,Fresh Start,6,410,False,35784981,2010-01-13
977,114,Sunset Boulevard,1,360,True,42481834,1996-09-22
978,114,Lay Low,2,412,False,43274663,1996-09-22
979,114,Silence,3,170,False,13429380,1996-09-22
980,114,Slow Motion,4,292,False,67480448,1996-09-22
981,114,Hell,5,205,False,48765904,1996-09-22
982,115,Wild Heart,1,223,False,85287876,2002-11-02
983,115,River Deep,2,394,False,38568210,2002-11-02
984,115,Golden Hour,3,144,False,76976644,2002-11-02
985,115,Last Dance,4,235,True,96328981,2002-11-02
986,115,Noise,5,168,False,36690420,2002-11-02
987,115,Mountain High,6,410,False,57325182,2002-11-02
988,115,Slow Motion,7,297,True,87447790,2002-11-02
989,115,Hurricane,8,378,False,58104261,2002-11-02
990,115,Peace,9,280,False,55608317,2002-11-02
991,115,Last Dance,10,248,False,90135290,2002-11-02
992,115,Echo,11,212,True,84267786,2002-11-02
993,115,Defeat,12,215,False,28582041,2002-11-02
994,116,Pure Love,1,257,False,75982862,2021-07-23
995,116,Ocean Waves,2,387,False,48892118,2021-07-23
996,116,Pure Love,3,195,False,20196097,2021-07-23
997,116,Hurricane,4,342,False,42768905,2021-07-23
998,116,Mountain High,5,224,False,35827376,2021-07-23
999,116,Lightning,6,202,False,92188104,2021-07-23
1000,116,Red Sky,7,327,False,15241574,2021-07-23
1001,117,Always There,1,218,True,32962076,2025-05-13
1002,117,Tornado,2,357,False,75138440,2025-05-13
1003,117,Wild Heart,3,336,True,27110707,2025-05-13
1004,117,Summer Night,4,259,False,3911355,2025-05-13
1005,117,Golden Hour,5,262,False,86475652,2025-05-13
1006,117,Moonshine,6,368,True,7425900,2025-05-13
1007,117,City Lights,7,280,False,8533790,2025-05-13
1008,117,Final Chapter,8,306,True,53270351,2025-05-13
1009,117,Forever Young,9,240,True,76634749,2025-05-13
1010,117,Fragments,10,181,False,66632538,2025-05-13
1011,117,Neon Dreams,11,241,True,42065222,2025-05-13
1012,117,Heaven,12,419,False,99852483,2025-05-13
1013,117,Red Sky,13,336,False,19364653,2025-05-13
1014,117,Urban Paradise,14,209,False,36849119,2025-05-13
1015,117,Free Spirit,15,329,False,79118793,2025-05-13
1016,117,Ocean Waves,16,371,False,93901101,2025-05-13
1017,118,Street Corner,1,282,False,63733841,2010-09-03
1018,118,Blue Moon,2,262,False,48720768,2010-09-03
1019,118,Broken Dreams,3,308,False,2828532,2010-09-03
1020,118,Starlight,4,147,False,33954789,2010-09-03
1021,118,Echo,5,316,False,85758290,2010-09-03
1022,118,Fall Down,6,182,False,59378298,2010-09-03
1023,118,Move On,7,124,False,34297151,2010-09-03
1024,118,Hurricane,8,166,False,39919426,2010-09-03
1025,118,Slow Motion,9,202,False,84738725,2010-09-03
1026,118,Angel,10,328,True,36780559,2010-09-03
1027,118,City Lights,11,371,False,98910676,2010-09-03
1028,118,Final Chapter,12,290,False,13474864,2010-09-03
1029,118,Summer Night,13,253,True,47225359,2010-09-03
1030,118,New Beginning,14,400,False,60835762,2010-09-03
1031,118,Dancing in the Dark,15,146,False,84578152,2010-09-03
1032,119,Free Spirit,1,189,True,53775923,1996-04-12
1033,119,Fast Lane,2,276,False,77283822,1996-04-12
1034,119,City Lights,3,176,False,33501223,1996-04-12
1035,119,Defeat,4,186,False,42869025,1996-04-12
1036,119,Brave Soul,5,364,False,34987861,1996-04-12
1037,119,Autumn Wind,6,287,False,26664193,1996-04-12
1038,119,City Lights,7,332,False,24412762,1996-04-12
1039,119,First Kiss,8,313,False,2782955,1996-04-12
1040,119,Sunset Boulevard,9,405,False,11942232,1996-04-12
1041,119,Pure Love,10,221,False,94121678,1996-04-12
1042,120,Winter Morning,1,145,False,82947099,2014-04-27
1043,120,Fresh Start,2,253,False,11953600,2014-04-27
1044,120,Stand Tall,3,207,True,1894470,2014-04-27
1045,120,Battle,4,342,False,90410409,2014-04-27
1046,120,Pieces,5,180,False,95772900,2014-04-27
1047,120,Slow Motion,6,217,False,38649601,2014-04-27
1048,120,Pieces,7,315,False,57889258,2014-04-27
1049,120,Slow Motion,8,230,False,97537105,2014-04-27
1050,120,Seasonal Change,9,334,False,54831176,2014-04-27
1051,120,Never Let Go,10,134,False,35138129,2014-04-27
1052,121,Red Sky,1,350,False,49611937,2019-12-23
1053,122,Noise,1,354,True,1385159,2023-05-20
1054,122,Broken Dreams,2,188,False,93016047,2023-05-20
1055,122,First Kiss,3,228,False,95086974,2023-05-20
1056,122,Fresh Start,4,251,True,12788187,2023-05-20
1057,122,Whisper,5,150,True,44676053,2023-05-20
1058,123,Red Sky,1,361,False,81386202,2025-11-01
1059,123,Moonshine,2,122,False,67718480,2025-11-01
1060,124,Lay Low,1,274,False,90095263,1990-09-15
1061,124,Stand Tall,2,187,True,77911634,1990-09-15
1062,124,Autumn Wind,3,253,False,67611740,1990-09-15
1063,124,Pieces,4,293,False,17705940,1990-09-15
1064,124,Neon Dreams,5,282,False,19031501,1990-09-15
1065,124,Golden Hour,6,179,False,5927344,1990-09-15
1066,124,Heartbeat,7,375,False,48397866,1990-09-15
1067,124,Wild Heart,8,264,False,82266282,1990-09-15
1068,124,Golden Hour,9,384,False,58488779,1990-09-15
1069,124,Winter Morning,10,281,False,20302410,1990-09-15
1070,124,Whisper,11,345,True,25356407,1990-09-15
1071,124,Always There,12,147,False,24580812,1990-09-15
1072,124,Starlight,13,360,False,21951974,1990-09-15
1073,124,Pure Love,14,343,True,66425800,1990-09-15
1074,124,Moonshine,15,346,False,95164280,1990-09-15
1075,125,Whisper,1,368,False,66167803,1990-10-02
1076,125,Street Corner,2,195,True,46923095,1990-10-02
1077,125,Neon Dreams,3,224,False,24247098,1990-10-02
1078,125,Winter Morning,4,380,False,75597784,1990-10-02
1079,125,Noise,5,228,True,70600592,1990-10-02
1080,125,Silence,6,212,False,10312681,1990-10-02
1081,125,Blue Moon,7,375,True,44111700,1990-10-02
1082,125,Dancing in the Dark,8,265,True,52904575,1990-10-02
1083,126,Stand Tall,1,174,False,20639394,2002-11-11
1084,126,Dancing in the Dark,2,161,False,94986778,2002-11-11
1085,126,Shattered Glass,3,352,False,79752745,2002-11-11
1086,126,Midnight Rain,4,288,True,88070016,2002-11-11
1087,126,Brave Soul,5,286,False,28369179,2002-11-11
1088,126,Fireflies,6,264,False,7453784,2002-11-11
1089,126,River Deep,7,400,False,12421986,2002-11-11
1090,126,Last Dance,8,250,False,32223009,2002-11-11
1091,126,Last Dance,9,165,True,27947183,2002-11-11
1092,126,Summer Night,10,318,False,38243447,2002-11-11
1093,126,Always There,11,181,False,65880113,2002-11-11
1094,126,Wild Heart,12,278,False,48190104,2002-11-11
1095,126,Concrete Jungle,13,308,False,65716091,2002-11-11
1096,126,Brave Soul,14,318,False,36034695,2002-11-11
1097,126,Scream,15,336,True,56711868,2002-11-11
1098,126,Stand Tall,16,215,False,84649276,2002-11-11
1099,127,Fresh Start,1,167,True,68899524,1994-10-20
1100,127,Hell,2,357,False,86920825,1994-10-20
1101,127,Always There,3,373,True,39017499,1994-10-20
1102,127,Pure Love,4,343,True,64103912,1994-10-20
1103,127,Hurricane,5,196,False,91847061,1994-10-20
1104,127,Hurricane,6,247,False,39658873,1994-10-20
1105,127,Scream,7,144,True,6052535,1994-10-20
1106,127,Victory,8,175,False,55434526,1994-10-20
1107,127,Concrete Jungle,9,357,False,47708716,1994-10-20
1108,127,Green Fields,10,419,True,67571186,1994-10-20
1109,128,Sunset Boulevard,1,178,False,24099087,1977-03-21
1110,128,Spring Rain,2,321,True,11179070,1977-03-21
1111,128,New Beginning,3,272,False,78813775,1977-03-21
1112,128,Kind Mind,4,350,False,45813124,1977-03-21
1113,128,Spring Rain,5,228,False,10498581,1977-03-21
1114,129,Golden Hour,1,174,False,71722733,1983-12-25
1115,129,Sunset Boulevard,2,122,False,15660291,1983-12-25
1116,129,Electric Love,3,207,False,61762034,1983-12-25
1117,129,Last Dance,4,369,False,83013580,1983-12-25
1118,129,Fall Down,5,322,False,11762188,1983-12-25
1119,129,Heartbeat,6,189,True,25609022,1983-12-25
1120,129,Street Corner,7,128,False,3599088,1983-12-25
1121,129,Slow Motion,8,366,False,87206603,1983-12-25
1122,129,Red Sky,9,343,False,11555280,1983-12-25
1123,129,Hurricane,10,357,False,63617738,1983-12-25
1124,129,Fresh Start,11,131,True,22294301,1983-12-25
1125,129,Always There,12,347,False,63282209,1983-12-25
1126,129,Sunset Boulevard,13,350,False,27023185,1983-12-25
1127,130,Storm,1,411,False,6834659,2023-04-19
1128,130,Heaven,2,124,True,84612181,2023-04-19
1129,130,Wild Heart,3,332,False,98928976,2023-04-19
1130,130,Noise,4,403,False,4968366,2023-04-19
1131,130,Torn Apart,5,324,False,68901438,2023-04-19
1132,130,Torn Apart,6,238,True,70908408,2023-04-19
1133,130,Sunset Boulevard,7,336,False,74256721,2023-04-19
1134,130,Mountain High,8,257,False,63530347,2023-04-19
1135,130,Street Corner,9,373,False,60173215,2023-04-19
1136,130,Wild Heart,10,130,False,38656152,2023-04-19
1137,130,Seasonal Change,11,360,False,58802221,2023-04-19
1138,130,Timeless,12,379,False,78874216,2023-04-19
1139,130,Hell,13,359,False,39378681,2023-04-19
1140,130,Move On,14,333,False,63394367,2023-04-19
1141,131,Summer Night,1,226,False,92703855,2014-10-23
1142,131,Neon Dreams,2,367,False,23258738,2014-10-23
1143,131,Fast Lane,3,200,False,13543068,2014-10-23
1144,131,New Beginning,4,372,False,31503438,2014-10-23
1145,131,Slow Motion,5,405,True,2433447,2014-10-23
1146,131,Rise Up,6,253,False,90855719,2014-10-23
1147,132,Summer Night,1,209,True,8545050,2022-02-03
1148,133,Hell,1,340,True,82887892,2013-03-19
1149,133,Timeless,2,181,False,65278845,2013-03-19
1150,133,Golden Hour,3,294,False,6264794,2013-03-19
1151,133,Whisper,4,256,False,92628429,2013-03-19
1152,133,Victory,5,173,True,58764105,2013-03-19
1153,133,Kind Mind,6,176,True,81949659,2013-03-19
1154,133,Urban Paradise,7,407,True,68089422,2013-03-19
1155,133,Urban Paradise,8,205,True,27566472,2013-03-19
1156,134,Fall Down,1,200,False,95048077,2022-09-25
1157,134,Free Spirit,2,379,False,98321450,2022-09-25
1158,134,Concrete Jungle,3,198,False,44910261,2022-09-25
1159,134,Forever Young,4,182,False,58936139,2022-09-25
1160,135,New Beginning,1,123,False,63574016,1988-08-11
1161,136,Hell,1,266,False,11439895,1972-03-05
1162,136,Silver Lining,2,310,False,48404738,1972-03-05
1163,136,Blue Moon,3,197,False,30626070,1972-03-05
1164,136,Forever Young,4,339,False,54936566,1972-03-05
1165,136,Kind Mind,5,384,False,3994712,1972-03-05
1166,136,Free Spirit,6,194,True,96318095,1972-03-05
1167,136,Defeat,7,155,True,45406344,1972-03-05
1168,136,Angel,8,325,False,58260195,1972-03-05
1169,136,Ocean Waves,9,321,True,88607345,1972-03-05
1170,136,Always There,10,414,True,84772931,1972-03-05
1171,136,Defeat,11,271,False,53955904,1972-03-05
1172,136,Echo,12,275,False,46192019,1972-03-05
1173,137,Electric Love,1,263,False,93992012,2018-07-22
1174,137,Last Dance,2,348,False,73071525,2018-07-22
1175,137,Free Spirit,3,296,False,26480587,2018-07-22
1176,137,Hurricane,4,163,True,72133102,2018-07-22
1177,137,Heaven,5,319,False,69856260,2018-07-22
1178,137,Peace,6,265,False,12458031,2018-07-22
1179,137,Victory,7,402,False,69972515,2018-07-22
1180,137,Hell,8,201,True,3743496,2018-07-22
1181,137,Peace,9,252,False,40794416,2018-07-22
1182,137,Fresh Start,10,378,True,98245520,2018-07-22
1183,137,Ocean Waves,11,310,False,84153110,2018-07-22
1184,137,Fragments,12,301,True,6406597,2018-07-22
1185,137,Love Song,13,349,False,76830962,2018-07-22
1186,137,Midnight Rain,14,352,False,31688446,2018-07-22
1187,137,Noise,15,409,False,47021454,2018-07-22
1188,137,Hurricane,16,265,False,95878565,2018-07-22
1189,138,Lay Low,1,386,False,14123318,1969-05-28
1190,138,Demon,2,384,False,48488507,1969-05-28
1191,138,Kind Mind,3,170,False,95514760,1969-05-28
1192,138,Fresh Start,4,330,True,12381399,1969-05-28
1193,138,Ocean Waves,5,337,False,63921605,1969-05-28
1194,138,Time Flies,6,348,True,49565830,1969-05-28
1195,139,Battle,1,326,False,35392370,1991-11-07
1196,139,Noise,2,375,False,59066531,1991-11-07
1197,139,Torn Apart,3,333,False,19373816,1991-11-07
1198,139,Fragments,4,185,False,95449013,1991-11-07
1199,139,Kind Mind,5,186,True,93210280,1991-11-07
1200,139,Time Flies,6,353,False,4376489,1991-11-07
1201,139,Summer Night,7,406,False,15940510,1991-11-07
1202,139,Final Chapter,8,176,True,49604988,1991-11-07
1203,139,Silence,9,268,True,70166008,1991-11-07
1204,140,Always There,1,180,False,40926285,2025-09-28
1205,140,Stand Tall,2,275,False,65219822,2025-09-28
1206,140,Dancing in the Dark,3,193,False,79138026,2025-09-28
1207,140,New Beginning,4,144,False,38048350,2025-09-28
1208,140,Time Flies,5,213,False,279945,2025-09-28
1209,140,Love Song,6,400,False,9068358,2025-09-28
1210,140,Moonshine,7,333,False,76914689,2025-09-28
1211,141,Tornado,1,409,False,45341868,1977-07-22
1212,141,Lay Low,2,363,False,18592146,1977-07-22
1213,141,Fragments,3,355,False,89552852,1977-07-22
1214,141,Brave Soul,4,196,False,11987653,1977-07-22
1215,141,Final Chapter,5,318,False,53069304,1977-07-22
1216,141,Hell,6,396,True,89985448,1977-07-22
1217,141,Free Spirit,7,262,True,22228439,1977-07-22
1218,141,Dancing in the Dark,8,412,False,75302098,1977-07-22
1219,141,Love Song,9,406,True,25827078,1977-07-22
1220,141,Peace,10,415,True,76536905,1977-07-22
1221,141,Defeat,11,216,False,67463037,1977-07-22
1222,141,Sunset Boulevard,12,181,False,2546591,1977-07-22
1223,141,Thunder,13,225,False,94706404,1977-07-22
1224,141,Noise,14,347,True,71611045,1977-07-22
1225,142,Demon,1,325,True,65964394,1969-10-26
1226,142,Sunset Boulevard,2,294,False,24227374,1969-10-26
1227,142,New Beginning,3,132,False,51272646,1969-10-26
1228,143,Green Fields,1,166,True,13332334,1995-07-23
1229,143,Peace,2,206,False,19331950,1995-07-23
1230,143,Spring Rain,3,250,True,20700047,1995-07-23
1231,143,Tornado,4,328,False,7907267,1995-07-23
1232,144,Demon,1,212,True,95737589,1967-08-29
1233,144,Ocean Waves,2,272,False,13253224,1967-08-29
1234,144,Angel,3,192,False,43515775,1967-08-29
1235,144,Golden Hour,4,312,True,6962963,1967-08-29
1236,144,Fast Lane,5,242,False,66166580,1967-08-29
1237,144,Victory,6,378,False,15445960,1967-08-29
1238,144,Silver Lining,7,151,False,62387558,1967-08-29
1239,144,Echo,8,328,True,64984400,1967-08-29
1240,144,Dancing in the Dark,9,328,False,2499514,1967-08-29
1241,144,Silver Lining,10,403,True,33059986,1967-08-29
1242,144,Whisper,11,184,False,76268638,1967-08-29
1243,144,Final Chapter,12,348,True,85335496,1967-08-29
1244,144,Fragments,13,224,False,50104178,1967-08-29
1245,145,Peace,1,206,False,72146810,1993-12-03
1246,145,Fresh Start,2,404,False,5609238,1993-12-03
1247,145,Midnight Rain,3,357,False,87652074,1993-12-03
1248,145,Winter Morning,4,120,True,64717944,1993-12-03
1249,145,Silver Lining,5,248,False,47166514,1993-12-03
1250,145,Time Flies,6,419,False,6104857,1993-12-03
1251,145,Summer Night,7,393,True,40350996,1993-12-03
1252,145,Neon Dreams,8,322,True,18743541,1993-12-03
1253,145,Whisper,9,263,False,28299831,1993-12-03
1254,145,Fragments,10,282,False,85251058,1993-12-03
1255,145,Golden Hour,11,351,False,33007935,1993-12-03
1256,146,Demon,1,294,False,61713222,2022-12-24
1257,146,Heaven,2,128,False,86764149,2022-12-24
1258,146,Midnight Rain,3,363,True,1285619,2022-12-24
1259,146,Autumn Wind,4,331,False,52719526,2022-12-24
1260,146,War,5,161,True,72296289,2022-12-24
1261,146,Dancing in the Dark,6,347,True,47378150,2022-12-24
1262,146,Lay Low,7,303,False,23781587,2022-12-24
1263,146,Electric Love,8,183,False,49725069,2022-12-24
1264,146,Seasonal Change,9,347,True,29732013,2022-12-24
1265,146,Sunset Boulevard,10,263,False,25704262,2022-12-24
1266,147,Neon Dreams,1,275,False,31441568,2017-07-01
1267,147,Pieces,2,305,True,37682480,2017-07-01
1268,147,Pieces,3,227,True,26318323,2017-07-01
1269,147,First Kiss,4,176,False,76383608,2017-07-01
1270,147,Fragments,5,372,False,74059354,2017-07-01
1271,147,Seasonal Change,6,409,False,8772554,2017-07-01
1272,147,Heartbeat,7,153,False,34846207,2017-07-01
1273,147,Scream,8,236,False,25749878,2017-07-01
1274,147,Sunset Boulevard,9,392,False,91359370,2017-07-01
1275,148,Whisper,1,352,True,57326334,1986-01-15
1276,149,Fireflies,1,285,False,54609958,2001-05-30
1277,149,Thunder,2,182,False,66514912,2001-05-30
1278,149,Fall Down,3,384,True,96800547,2001-05-30
1279,149,Moment in Time,4,144,False,56379776,2001-05-30
1280,149,War,5,349,False,692467,2001-05-30
1281,149,First Kiss,6,219,False,10980204,2001-05-30
1282,149,Silence,7,132,False,92549695,2001-05-30
1283,150,Fresh Start,1,158,False,26424359,2000-08-28
1284,151,Winter Morning,1,288,False,8434795,1984-11-20
1285,151,Concrete Jungle,2,134,False,57975205,1984-11-20
1286,151,Dancing in the Dark,3,291,False,33172390,1984-11-20
1287,151,Urban Paradise,4,362,False,45741665,1984-11-20
1288,151,Fireflies,5,290,False,9785926,1984-11-20
1289,151,Free Spirit,6,168,False,77703269,1984-11-20
1290,151,Love Song,7,163,True,4475312,1984-11-20
1291,151,Lay Low,8,280,True,17117564,1984-11-20
1292,151,Ocean Waves,9,346,True,40462762,1984-11-20
1293,152,Wild Heart,1,153,True,90941162,2022-12-21
1294,152,Ocean Waves,2,406,True,39583058,2022-12-21
1295,152,Lay Low,3,325,True,82852868,2022-12-21
1296,152,Final Chapter,4,239,True,60855827,2022-12-21
1297,152,Move On,5,357,False,83243271,2022-12-21
1298,152,Concrete Jungle,6,293,True,60945151,2022-12-21
1299,152,Defeat,7,288,False,14496399,2022-12-21
1300,152,Urban Paradise,8,126,True,79575878,2022-12-21
1301,152,Seasonal Change,9,413,False,85545512,2022-12-21
1302,152,Victory,10,251,False,56506603,2022-12-21
1303,152,Shattered Glass,11,347,False,32635373,2022-12-21
1304,152,Forever Young,12,142,True,17137020,2022-12-21
1305,152,Tornado,13,419,False,68870570,2022-12-21
1306,152,Rise Up,14,279,False,19784909,2022-12-21
1307,152,Broken Dreams,15,278,False,39065941,2022-12-21
1308,153,Stand Tall,1,124,False,7693044,1975-05-11
1309,153,Red Sky,2,379,True,56648087,1975-05-11
1310,153,Purgatory,3,220,False,85973808,1975-05-11
1311,153,Fast Lane,4,155,False,25414874,1975-05-11
1312,153,Broken Dreams,5,359,False,77632976,1975-05-11
1313,153,Scream,6,291,False,56196330,1975-05-11
1314,153,Heaven,7,203,True,60975394,1975-05-11
1315,153,Moonshine,8,373,False,496212,1975-05-11
1316,153,Moment in Time,9,237,False,83741127,1975-05-11
1317,154,Time Flies,1,242,False,98594487,2024-05-16
1318,154,Heaven,2,312,False,53729043,2024-05-16
1319,154,Spring Rain,3,123,False,1327694,2024-05-16
1320,155,River Deep,1,303,True,74449447,2013-09-12
1321,155,Street Corner,2,192,False,59110577,2013-09-12
1322,155,Seasonal Change,3,419,False,5892805,2013-09-12
1323,155,Dancing in the Dark,4,221,False,38131375,2013-09-12
1324,155,Autumn Wind,5,232,False,96480625,2013-09-12
1325,155,Autumn Wind,6,293,False,23963425,2013-09-12
1326,155,Fast Lane,7,131,False,35136671,2013-09-12
1327,155,Concrete Jungle,8,130,False,50858151,2013-09-12
1328,155,Street Corner,9,293,False,40946121,2013-09-12
1329,155,Kind Mind,10,242,False,49976005,2013-09-12
1330,155,Winter Morning,11,389,False,95421039,2013-09-12
1331,155,Mountain High,12,180,False,17554964,2013-09-12
1332,155,Seasonal Change,13,218,False,93194602,2013-09-12
1333,155,Stand Tall,14,282,False,85381661,2013-09-12
1334,156,Blue Moon,1,143,False,71869344,2020-05-16
1335,156,Storm,2,196,False,33174817,2020-05-16
1336,156,Fireflies,3,263,False,68218774,2020-05-16
1337,156,Noise,4,370,False,97616358,2020-05-16
1338,156,City Lights,5,360,True,22472549,2020-05-16
1339,157,Victory,1,318,False,66919318,2011-10-03
1340,157,Defeat,2,357,False,43194369,2011-10-03
1341,157,Stand Tall,3,389,False,96052899,2011-10-03
1342,157,Pieces,4,362,False,78005556,2011-10-03
1343,157,Last Dance,5,418,True,27809859,2011-10-03
1344,157,Moment in Time,6,223,False,31458567,2011-10-03
1345,158,First Kiss,1,231,False,57045601,2023-11-16
1346,158,Lay Low,2,412,False,50211839,2023-11-16
1347,159,Green Fields,1,401,True,18029509,2019-11-12
1348,159,City Lights,2,271,False,69634938,2019-11-12
1349,159,Rise Up,3,237,True,62445215,2019-11-12
1350,159,Victory,4,292,False,60552489,2019-11-12
1351,159,Pure Love,5,341,False,49326617,2019-11-12
1352,159,Pieces,6,282,False,51320957,2019-11-12
1353,159,Dancing in the Dark,7,211,False,31378816,2019-11-12
1354,159,Golden Hour,8,158,False,11062025,2019-11-12
1355,159,Storm,9,376,True,37101128,2019-11-12
1356,159,Timeless,10,170,True,9576257,2019-11-12
1357,159,Fall Down,11,139,False,44796219,2019-11-12
1358,159,Fast Lane,12,288,False,40629797,2019-11-12
1359,159,Thunder,13,217,False,96124771,2019-11-12
1360,159,Peace,14,253,True,40194740,2019-11-12
1361,159,Lightning,15,297,False,54459981,2019-11-12
1362,160,Noise,1,126,False,87790612,2025-08-29
1363,160,Victory,2,196,False,30545068,2025-08-29
1364,160,Timeless,3,227,False,31369795,2025-08-29
1365,160,Defeat,4,420,False,96973697,2025-08-29
1366,160,Pure Love,5,294,True,42020192,2025-08-29
1367,160,Seasonal Change,6,339,False,28129989,2025-08-29
1368,160,Free Spirit,7,350,True,50291405,2025-08-29
1369,161,Forever Young,1,415,False,41013170,2020-07-08
1370,161,Electric Love,2,375,False,45610169,2020-07-08
1371,161,Moment in Time,3,334,False,92041525,2020-07-08
1372,161,Last Dance,4,395,False,43765651,2020-07-08
1373,161,Sunset Boulevard,5,410,True,18674348,2020-07-08
1374,161,Always There,6,289,False,51179711,2020-07-08
1375,161,Slow Motion,7,320,True,71738111,2020-07-08
1376,161,Move On,8,216,False,14581193,2020-07-08
1377,161,Heaven,9,411,False,85765571,2020-07-08
1378,162,Hurricane,1,167,False,14000677,2025-12-15
1379,162,Echo,2,210,True,92479309,2025-12-15
1380,162,Torn Apart,3,133,False,26709158,2025-12-15
1381,162,Mountain High,4,317,False,27634396,2025-12-15
1382,162,Timeless,5,269,True,61023927,2025-12-15
1383,162,Ocean Waves,6,308,True,23062057,2025-12-15
1384,162,Demon,7,330,False,21076941,2025-12-15
1385,162,Street Corner,8,186,False,64189781,2025-12-15
1386,162,Mountain High,9,319,False,17439215,2025-12-15
1387,162,Slow Motion,10,278,False,95250511,2025-12-15
1388,162,Broken Dreams,11,201,False,78851835,2025-12-15
1389,162,Fast Lane,12,377,False,36969062,2025-12-15
1390,162,Fast Lane,13,123,False,59825080,2025-12-15
1391,163,Mountain High,1,324,False,70579265,1989-03-19
1392,163,Heaven,2,411,False,61767610,1989-03-19
1393,163,Pure Love,3,414,True,98957484,1989-03-19
1394,163,Neon Dreams,4,267,False,46544270,1989-03-19
1395,163,Hurricane,5,320,False,55707438,1989-03-19
1396,163,Blue Moon,6,211,False,61448654,1989-03-19
1397,163,Move On,7,213,True,52821563,1989-03-19
1398,163,Moonshine,8,242,False,36745629,1989-03-19
1399,163,War,9,269,True,93689878,1989-03-19
1400,163,Time Flies,10,372,False,74198767,1989-03-19
1401,163,Love Song,11,308,True,14123001,1989-03-19
1402,163,Fragments,12,286,False,60523603,1989-03-19
1403,163,Winter Morning,13,249,False,67922837,1989-03-19
1404,163,Moonshine,14,356,True,9824132,1989-03-19
1405,164,Pure Love,1,315,False,53598753,2005-03-10
1406,164,Seasonal Change,2,323,True,1441144,2005-03-10
1407,164,Green Fields,3,178,False,43904009,2005-03-10
1408,164,Pure Love,4,368,False,9158638,2005-03-10
1409,164,City Lights,5,400,False,95775292,2005-03-10
1410,164,Free Spirit,6,191,False,37465789,2005-03-10
1411,164,Summer Night,7,207,True,81468625,2005-03-10
1412,165,Concrete Jungle,1,210,False,16663316,2021-01-19
1413,165,War,2,320,False,10413322,2021-01-19
1414,165,Electric Love,3,259,False,59144114,2021-01-19
1415,165,Rise Up,4,211,False,95886792,2021-01-19
1416,165,Starlight,5,392,False,59332039,2021-01-19
1417,165,Fireflies,6,387,True,52427912,2021-01-19
1418,165,Tornado,7,347,True,80289763,2021-01-19
1419,165,Midnight Rain,8,144,False,27076822,2021-01-19
1420,165,Blue Moon,9,311,False,26841625,2021-01-19
1421,165,Neon Dreams,10,128,False,3750602,2021-01-19
1422,165,Electric Love,11,292,False,91262622,2021-01-19
1423,165,Mountain High,12,232,True,89135168,2021-01-19
1424,166,Winter Morning,1,205,True,55791626,2002-02-23
1425,166,Victory,2,175,False,43309319,2002-02-23
1426,166,Whisper,3,217,False,72706099,2002-02-23
1427,166,First Kiss,4,339,True,31193292,2002-02-23
1428,166,Time Flies,5,174,False,43401695,2002-02-23
1429,166,Autumn Wind,6,127,False,87777422,2002-02-23
1430,166,Angel,7,126,False,28557229,2002-02-23
1431,166,Kind Mind,8,232,True,88310124,2002-02-23
1432,166,Thunder,9,308,True,9037049,2002-02-23
1433,166,Time Flies,10,330,False,80378849,2002-02-23
1434,166,Pieces,11,172,False,33814834,2002-02-23
1435,166,Concrete Jungle,12,286,False,90986267,2002-02-23
1436,166,Forever Young,13,290,False,85275696,2002-02-23
1437,166,Angel,14,366,True,44977061,2002-02-23
1438,167,Sunset Boulevard,1,419,False,51321020,2011-07-27
1439,167,Victory,2,239,True,31219836,2011-07-27
1440,168,Sunset Boulevard,1,183,False,31728577,2016-10-10
1441,168,Fresh Start,2,244,True,8042731,2016-10-10
1442,168,Forever Young,3,311,False,39810955,2016-10-10
1443,168,Fast Lane,4,197,False,27432134,2016-10-10
1444,169,Starlight,1,241,False,99221211,2021-09-26
1445,169,Heaven,2,188,False,42619317,2021-09-26
1446,169,Moonshine,3,386,False,86979318,2021-09-26
1447,169,Lightning,4,132,False,98364566,2021-09-26
1448,169,Heaven,5,295,False,27624348,2021-09-26
1449,169,Peace,6,147,False,92254533,2021-09-26
1450,169,Moment in Time,7,315,False,24635056,2021-09-26
1451,169,Free Spirit,8,123,True,65987111,2021-09-26
1452,169,Mountain High,9,218,True,85143291,2021-09-26
1453,170,Never Let Go,1,224,False,12315737,2013-05-30
1454,170,Autumn Wind,2,401,False,31717008,2013-05-30
1455,170,Fragments,3,160,False,97306390,2013-05-30
1456,170,Pure Love,4,279,False,96861413,2013-05-30
1457,170,Fast Lane,5,245,False,23680772,2013-05-30
1458,170,Blue Moon,6,275,False,77366028,2013-05-30
1459,170,Brave Soul,7,223,False,64581639,2013-05-30
1460,170,City Lights,8,304,False,50696383,2013-05-30
1461,170,Winter Morning,9,361,False,56733465,2013-05-30
1462,170,Fragments,10,341,False,64693042,2013-05-30
1463,171,Sunset Boulevard,1,315,False,11171324,2017-01-31
1464,171,Hurricane,2,395,False,74202557,2017-01-31
1465,171,Autumn Wind,3,251,False,62230215,2017-01-31
1466,171,Tornado,4,352,False,50351362,2017-01-31
1467,171,Whisper,5,366,True,44725929,2017-01-31
1468,171,Forever Young,6,360,False,20766764,2017-01-31
1469,171,Seasonal Change,7,122,True,67202790,2017-01-31
1470,171,Stand Tall,8,371,False,55810437,2017-01-31
1471,171,First Kiss,9,311,False,65706438,2017-01-31
1472,171,Tornado,10,156,False,5211257,2017-01-31
1473,172,Love Song,1,317,False,26068867,2025-02-12
1474,172,Wild Heart,2,250,False,68398476,2025-02-12
1475,172,Torn Apart,3,308,True,87363169,2025-02-12
1476,172,Move On,4,337,False,32528051,2025-02-12
1477,172,Shattered Glass,5,137,False,84685039,2025-02-12
1478,172,Dancing in the Dark,6,195,False,81260195,2025-02-12
1479,172,Kind Mind,7,195,False,33207452,2025-02-12
1480,172,Noise,8,202,True,15667321,2025-02-12
1481,172,Neon Dreams,9,316,False,94767080,2025-02-12
1482,172,City Lights,10,385,False,56766698,2025-02-12
1483,172,Winter Morning,11,338,False,92856763,2025-02-12
1484,172,Hurricane,12,376,False,78662295,2025-02-12
1485,172,Tornado,13,330,True,14666517,2025-02-12
1486,172,Silence,14,296,False,36107432,2025-02-12
1487,172,Slow Motion,15,323,False,861718,2025-02-12
1488,173,Winter Morning,1,371,True,13001760,2000-08-25
1489,173,Mountain High,2,333,False,87848347,2000-08-25
1490,173,Lightning,3,340,False,23676181,2000-08-25
1491,173,Stand Tall,4,215,False,26577865,2000-08-25
1492,173,Torn Apart,5,213,True,60486666,2000-08-25
1493,173,Scream,6,228,False,26969824,2000-08-25
1494,173,Ocean Waves,7,213,False,34809624,2000-08-25
1495,173,Final Chapter,8,345,True,85420677,2000-08-25
1496,173,Winter Morning,9,160,False,11503407,2000-08-25
1497,173,Lay Low,10,183,False,8625158,2000-08-25
1498,173,Hell,11,135,False,64142265,2000-08-25
1499,173,Torn Apart,12,171,True,8194860,2000-08-25
1500,173,Silver Lining,13,123,True,12997893,2000-08-25
1501,173,Time Flies,14,387,True,50421010,2000-08-25
1502,173,Defeat,15,256,False,63516094,2000-08-25
1503,173,Hell,16,339,False,49765936,2000-08-25
1504,174,Hell,1,281,False,48480869,2010-02-19
1505,175,Last Dance,1,313,True,47785434,2000-12-26
1506,175,Heaven,2,171,True,61326664,2000-12-26
1507,175,Last Dance,3,191,True,80786882,2000-12-26
1508,175,Love Song,4,391,False,93853708,2000-12-26
1509,175,Blue Moon,5,308,False,82993759,2000-12-26
1510,175,Broken Dreams,6,383,False,88614357,2000-12-26
1511,175,Seasonal Change,7,121,False,2232081,2000-12-26
1512,175,Fall Down,8,143,False,90990146,2000-12-26
1513,175,Free Spirit,9,239,False,53709262,2000-12-26
1514,175,City Lights,10,298,False,63904001,2000-12-26
1515,176,Concrete Jungle,1,317,False,81493489,2018-04-23
1516,176,Seasonal Change,2,193,True,17161260,2018-04-23
1517,176,Pieces,3,164,False,90336873,2018-04-23
1518,176,Echo,4,359,False,59899586,2018-04-23
1519,176,Street Corner,5,366,False,32662689,2018-04-23
1520,176,Time Flies,6,207,True,14155900,2018-04-23
1521,176,Wild Heart,7,134,False,43822194,2018-04-23
1522,176,Move On,8,263,False,96526032,2018-04-23
1523,176,Green Fields,9,363,True,89318726,2018-04-23
1524,176,Forever Young,10,393,False,12138886,2018-04-23
1525,176,Heaven,11,234,True,86434410,2018-04-23
1526,176,Hell,12,313,False,87767609,2018-04-23
1527,176,Whisper,13,343,False,30004485,2018-04-23
1528,177,Golden Hour,1,179,False,11768256,2014-11-27
1529,177,Street Corner,2,165,False,99399128,2014-11-27
1530,177,Seasonal Change,3,179,False,17101682,2014-11-27
1531,177,Angel,4,314,True,41714724,2014-11-27
1532,177,Ocean Waves,5,394,False,52096010,2014-11-27
1533,177,Fresh Start,6,283,False,91174393,2014-11-27
1534,177,Heartbeat,7,386,False,14305720,2014-11-27
1535,177,First Kiss,8,124,False,42402900,2014-11-27
1536,177,Never Let Go,9,271,False,67086404,2014-11-27
1537,177,Kind Mind,10,195,False,19578433,2014-11-27
1538,177,Starlight,11,283,False,67428032,2014-11-27
1539,178,Love Song,1,260,False,84701730,2008-10-12
1540,178,Time Flies,2,373,False,94508134,2008-10-12
1541,178,Lay Low,3,150,False,20495346,2008-10-12
1542,178,Slow Motion,4,235,True,24027688,2008-10-12
1543,178,Torn Apart,5,320,False,88483078,2008-10-12
1544,178,Summer Night,6,131,False,45286423,2008-10-12
1545,178,Fresh Start,7,362,False,52527814,2008-10-12
1546,179,First Kiss,1,156,False,37898265,1968-03-15
1547,179,Seasonal Change,2,400,False,13062011,1968-03-15
1548,179,Heartbeat,3,285,True,95239226,1968-03-15
1549,179,Hurricane,4,354,False,77464756,1968-03-15
1550,179,Forever Young,5,346,False,39068306,1968-03-15
1551,179,Never Let Go,6,227,False,26260378,1968-03-15
1552,180,Electric Love,1,305,True,91042274,1973-09-14
1553,180,Never Let Go,2,312,False,91193599,1973-09-14
1554,180,Winter Morning,3,148,True,47725656,1973-09-14
1555,180,Broken Dreams,4,211,True,15750026,1973-09-14
1556,180,Victory,5,293,False,19940502,1973-09-14
1557,180,Last Dance,6,245,True,15945407,1973-09-14
1558,180,Red Sky,7,323,False,40626311,1973-09-14
1559,180,Autumn Wind,8,312,True,62233240,1973-09-14
1560,180,Lay Low,9,260,False,49301266,1973-09-14
1561,180,Electric Love,10,181,True,11091349,1973-09-14
1562,180,Love Song,11,370,False,3090599,1973-09-14
1563,180,Silence,12,413,False,36738721,1973-09-14
1564,180,Concrete Jungle,13,212,False,64987079,1973-09-14
1565,180,Wild Heart,14,272,False,13346779,1973-09-14
1566,181,Demon,1,152,False,54402540,1993-12-25
1567,181,Sunset Boulevard,2,321,False,8580762,1993-12-25
1568,181,Defeat,3,419,True,27845315,1993-12-25
1569,181,Love Song,4,212,False,714575,1993-12-25
1570,181,Whisper,5,348,False,16514861,1993-12-25
1571,181,Moonshine,6,185,False,87595925,1993-12-25
1572,182,Summer Night,1,164,False,4698329,1997-04-01
1573,182,City Lights,2,183,False,48796148,1997-04-01
1574,182,Peace,3,207,False,88336655,1997-04-01
1575,182,Midnight Rain,4,247,False,6196330,1997-04-01
1576,182,Defeat,5,270,False,18771026,1997-04-01
1577,182,Silence,6,371,False,70151077,1997-04-01
1578,182,Rise Up,7,395,False,92332443,1997-04-01
1579,183,Concrete Jungle,1,142,False,4930347,1994-08-12
1580,183,Seasonal Change,2,192,False,28885391,1994-08-12
1581,183,Forever Young,3,402,False,79427788,1994-08-12
1582,183,Rise Up,4,262,False,97858736,1994-08-12
1583,183,Fresh Start,5,158,False,34987131,1994-08-12
1584,183,Lay Low,6,203,False,61212377,1994-08-12
1585,183,City Lights,7,250,False,93216275,1994-08-12
1586,183,Never Let Go,8,394,False,9470140,1994-08-12
1587,183,Silver Lining,9,218,False,75650769,1994-08-12
1588,183,Victory,10,203,False,20601268,1994-08-12
1589,183,Angel,11,342,False,3477562,1994-08-12
1590,183,Blue Moon,12,159,False,16726377,1994-08-12
1591,183,War,13,176,False,8852915,1994-08-12
1592,183,Heaven,14,165,False,44763940,1994-08-12
1593,183,Silver Lining,15,194,False,36728250,1994-08-12
1594,184,Electric Love,1,170,False,29826611,2014-09-11
1595,185,Lay Low,1,173,True,23586265,2018-07-29
1596,185,Battle,2,276,False,12823236,2018-07-29
1597,185,Battle,3,298,False,74026745,2018-07-29
1598,185,Silver Lining,4,170,True,22917330,2018-07-29
1599,185,Angel,5,319,False,46328320,2018-07-29
1600,186,War,1,402,False,64003316,2019-07-23
1601,186,Heartbeat,2,252,True,92161723,2019-07-23
1602,186,Victory,3,199,False,19148862,2019-07-23
1603,186,Lay Low,4,410,False,7095369,2019-07-23
1604,186,Stand Tall,5,247,False,94863313,2019-07-23
1605,186,Kind Mind,6,213,False,47513265,2019-07-23
1606,187,Pure Love,1,377,False,37020332,2021-02-14
1607,187,Fresh Start,2,386,False,40961563,2021-02-14
1608,187,Neon Dreams,3,276,False,41974837,2021-02-14
1609,187,Neon Dreams,4,160,True,97972637,2021-02-14
1610,187,Red Sky,5,167,False,77217700,2021-02-14
1611,187,Ocean Waves,6,163,False,74378065,2021-02-14
1612,187,Pieces,7,125,False,90869839,2021-02-14
1613,188,Victory,1,189,False,66814283,2004-04-23
1614,188,Victory,2,392,True,54421457,2004-04-23
1615,188,Electric Love,3,217,True,95852942,2004-04-23
1616,188,Fresh Start,4,393,False,32779491,2004-04-23
1617,188,Battle,5,141,False,22620027,2004-04-23
1618,188,Battle,6,235,False,10082754,2004-04-23
1619,188,Fall Down,7,188,False,6832563,2004-04-23
1620,188,Fresh Start,8,373,False,22881970,2004-04-23
1621,188,Stand Tall,9,177,False,91142316,2004-04-23
1622,188,Blue Moon,10,396,True,38931830,2004-04-23
1623,188,Hurricane,11,367,False,35534249,2004-04-23
1624,188,Time Flies,12,121,False,29187415,2004-04-23
1625,188,Tornado,13,383,True,62150455,2004-04-23
1626,188,Torn Apart,14,149,False,790690,2004-04-23
1627,189,Kind Mind,1,288,False,47498680,2022-04-08
1628,189,Urban Paradise,2,122,False,96963395,2022-04-08
1629,189,Spring Rain,3,325,False,1189670,2022-04-08
1630,189,Concrete Jungle,4,340,False,26513965,2022-04-08
1631,189,City Lights,5,390,False,55125778,2022-04-08
1632,189,Love Song,6,369,True,20888358,2022-04-08
1633,189,Green Fields,7,235,False,53064163,2022-04-08
1634,190,Stand Tall,1,273,False,57491018,2015-06-27
1635,190,Spring Rain,2,394,False,14588794,2015-06-27
1636,190,Free Spirit,3,344,False,18773624,2015-06-27
1637,190,Rise Up,4,342,True,48215939,2015-06-27
1638,190,Fast Lane,5,176,False,38238599,2015-06-27
1639,191,Moonshine,1,188,False,56513148,2015-03-16
1640,191,Heaven,2,136,False,89416497,2015-03-16
1641,192,Fast Lane,1,365,False,15944033,2012-11-19
1642,192,New Beginning,2,370,False,91501121,2012-11-19
1643,192,Heartbeat,3,286,False,67358318,2012-11-19
1644,192,Move On,4,187,True,14479352,2012-11-19
1645,192,Sunset Boulevard,5,184,False,46187078,2012-11-19
1646,192,Fragments,6,126,False,6984668,2012-11-19
1647,192,Hell,7,339,True,58294586,2012-11-19
1648,192,Shattered Glass,8,268,False,65220319,2012-11-19
1649,192,City Lights,9,339,False,82894635,2012-11-19
1650,193,Always There,1,381,False,33482865,2022-10-21
1651,193,Thunder,2,178,False,94080690,2022-10-21
1652,193,Blue Moon,3,339,False,63604818,2022-10-21
1653,193,Urban Paradise,4,377,False,25322723,2022-10-21
1654,193,Always There,5,237,True,17756443,2022-10-21
1655,193,Last Dance,6,139,False,25793612,2022-10-21
1656,193,Never Let Go,7,338,True,82740848,2022-10-21
1657,193,Fast Lane,8,166,True,51050068,2022-10-21
1658,193,Final Chapter,9,388,False,93973731,2022-10-21
1659,193,Timeless,10,233,False,57186933,2022-10-21
1660,193,Shattered Glass,11,151,False,86419192,2022-10-21
1661,193,Fireflies,12,275,True,36137598,2022-10-21
1662,193,Fall Down,13,263,False,95507402,2022-10-21
1663,193,New Beginning,14,246,False,6382911,2022-10-21
1664,194,Spring Rain,1,140,True,6996855,2024-04-08
1665,194,Demon,2,228,False,63358574,2024-04-08
1666,194,Thunder,3,171,False,24808805,2024-04-08
1667,194,Green Fields,4,371,False,44866590,2024-04-08
1668,194,Hurricane,5,177,True,89784619,2024-04-08
1669,194,Electric Love,6,402,False,44454486,2024-04-08
1670,194,Fall Down,7,305,False,31977671,2024-04-08
1671,194,Thunder,8,227,False,11707969,2024-04-08
1672,194,Urban Paradise,9,186,True,5508152,2024-04-08
1673,194,Seasonal Change,10,218,False,13238889,2024-04-08
1674,194,River Deep,11,399,False,40463479,2024-04-08
1675,194,Broken Dreams,12,223,False,5880227,2024-04-08
1676,194,Heartbeat,13,218,False,73886279,2024-04-08
1677,195,Green Fields,1,406,False,49125302,2017-01-02
1678,195,Brave Soul,2,180,False,9087680,2017-01-02
1679,195,Shattered Glass,3,334,True,22405653,2017-01-02
1680,195,Thunder,4,186,False,6099554,2017-01-02
1681,195,Scream,5,151,False,99417110,2017-01-02
1682,195,First Kiss,6,373,True,22215479,2017-01-02
1683,195,Free Spirit,7,380,False,75497282,2017-01-02
1684,195,Move On,8,325,False,27772949,2017-01-02
1685,195,Spring Rain,9,121,False,76758847,2017-01-02
1686,196,Time Flies,1,124,False,67621275,2016-08-16
1687,196,Battle,2,252,False,29573041,2016-08-16
1688,196,Storm,3,257,True,22965874,2016-08-16
1689,196,Moment in Time,4,143,False,39170544,2016-08-16
1690,196,Moonshine,5,195,False,17847118,2016-08-16
1691,196,Silver Lining,6,146,False,28182016,2016-08-16
1692,197,War,1,179,True,87059725,2023-05-20
1693,197,Purgatory,2,308,False,11173109,2023-05-20
1694,197,Echo,3,255,False,54806853,2023-05-20
1695,197,Storm,4,286,True,84014298,2023-05-20
1696,197,Electric Love,5,302,False,98042919,2023-05-20
1697,197,Thunder,6,210,False,2098962,2023-05-20
1698,197,War,7,418,True,96986024,2023-05-20
1699,198,Lay Low,1,251,False,59349051,2005-05-02
1700,198,Moment in Time,2,286,False,27369495,2005-05-02
1701,198,Noise,3,322,False,59868610,2005-05-02
1702,198,Timeless,4,342,False,19909077,2005-05-02
1703,198,Shattered Glass,5,167,False,24362335,2005-05-02
1704,198,Kind Mind,6,214,False,25348349,2005-05-02
1705,198,Scream,7,371,False,86914605,2005-05-02
1706,198,Lightning,8,130,False,21866570,2005-05-02
1707,198,Autumn Wind,9,321,False,9321974,2005-05-02
1708,198,Never Let Go,10,156,False,32917412,2005-05-02
1709,198,Kind Mind,11,326,True,97214829,2005-05-02
1710,198,Battle,12,190,True,80972685,2005-05-02
1711,198,Concrete Jungle,13,313,False,2780443,2005-05-02
1712,198,Street Corner,14,126,True,17740771,2005-05-02
1713,199,Blue Moon,1,162,False,19144226,2018-12-19
1714,199,Electric Love,2,124,True,72795691,2018-12-19
1715,199,Hell,3,163,False,18687147,2018-12-19
1716,199,Shattered Glass,4,408,False,21896876,2018-12-19
1717,199,Tornado,5,289,False,20738427,2018-12-19
1718,200,Blue Moon,1,148,False,84219725,2017-03-26
1719,200,Peace,2,183,True,5976158,2017-03-26
1720,200,Urban Paradise,3,398,False,13766187,2017-03-26
1721,200,Victory,4,332,False,162459,2017-03-26
1722,200,Moment in Time,5,132,False,57329147,2017-03-26
1723,200,Move On,6,195,False,87961547,2017-03-26
1724,201,Lightning,1,235,False,92176210,2003-02-15
1725,201,Street Corner,2,371,False,14782157,2003-02-15
1726,201,Moment in Time,3,172,False,47957055,2003-02-15
1727,201,River Deep,4,290,True,48384619,2003-02-15
1728,202,City Lights,1,142,False,23899852,2019-01-22
1729,202,Fresh Start,2,391,False,80478491,2019-01-22
1730,202,Spring Rain,3,337,False,89559917,2019-01-22
1731,202,Hurricane,4,266,False,13948250,2019-01-22
1732,202,Silver Lining,5,375,False,35621515,2019-01-22
1733,202,River Deep,6,121,False,88027250,2019-01-22
1734,202,Never Let Go,7,283,False,52425387,2019-01-22
1735,202,Brave Soul,8,364,True,15188619,2019-01-22
1736,202,Silence,9,338,False,19416986,2019-01-22
1737,202,Neon Dreams,10,285,False,24410491,2019-01-22
1738,202,Move On,11,300,False,66331270,2019-01-22
1739,202,Fresh Start,12,366,False,80764593,2019-01-22
1740,202,Heaven,13,190,False,51430248,2019-01-22
1741,202,New Beginning,14,401,False,72309430,2019-01-22
1742,203,War,1,372,False,51623796,2014-09-10
1743,203,City Lights,2,417,False,70725487,2014-09-10
1744,203,Silence,3,232,True,31567079,2014-09-10
1745,203,Fall Down,4,121,False,2302458,2014-09-10
1746,204,Fall Down,1,405,False,17930505,2014-09-25
1747,204,Street Corner,2,150,False,48433612,2014-09-25
1748,204,Forever Young,3,270,False,19346175,2014-09-25
1749,204,Echo,4,335,False,28284690,2014-09-25
1750,204,Moment in Time,5,148,False,15735123,2014-09-25
1751,204,Never Let Go,6,313,True,93431984,2014-09-25
1752,205,Fresh Start,1,310,True,94140551,2024-04-04
1753,205,Urban Paradise,2,417,True,63998578,2024-04-04
1754,205,Summer Night,3,135,False,49022249,2024-04-04
1755,205,Never Let Go,4,160,False,10343529,2024-04-04
1756,205,Electric Love,5,411,False,20094705,2024-04-04
1757,205,Spring Rain,6,360,False,70793145,2024-04-04
1758,205,Hurricane,7,360,False,96980015,2024-04-04
1759,205,Hell,8,347,True,38489493,2024-04-04
1760,205,Street Corner,9,199,True,86228754,2024-04-04
1761,205,Starlight,10,208,False,1458621,2024-04-04
1762,206,First Kiss,1,336,False,74377548,2025-06-16
1763,206,Golden Hour,2,412,False,95207723,2025-06-16
1764,206,Timeless,3,336,False,36484083,2025-06-16
1765,206,Neon Dreams,4,387,False,16795114,2025-06-16
1766,206,Time Flies,5,325,True,29381121,2025-06-16
1767,206,First Kiss,6,214,True,92935924,2025-06-16
1768,206,Pure Love,7,364,False,87603904,2025-06-16
1769,206,Last Dance,8,314,False,7337905,2025-06-16
1770,206,Stand Tall,9,337,False,36227990,2025-06-16
1771,206,Urban Paradise,10,173,True,48680988,2025-06-16
1772,206,Heaven,11,134,False,37877173,2025-06-16
1773,206,Summer Night,12,397,True,8766990,2025-06-16
1774,206,Time Flies,13,125,False,25198547,2025-06-16
1775,206,Echo,14,223,True,32257238,2025-06-16
1776,206,Silver Lining,15,163,True,75663810,2025-06-16
1777,206,Shattered Glass,16,143,True,42222252,2025-06-16
1778,207,Neon Dreams,1,278,True,47868637,2022-03-25
1779,207,Lightning,2,323,False,42207776,2022-03-25
1780,207,First Kiss,3,302,False,94309000,2022-03-25
1781,208,Concrete Jungle,1,289,False,99515914,1984-08-10
1782,208,Fragments,2,171,False,3178988,1984-08-10
1783,208,Lay Low,3,364,True,38939164,1984-08-10
1784,208,Summer Night,4,197,False,10570029,1984-08-10
1785,208,Neon Dreams,5,238,False,91463977,1984-08-10
1786,208,Never Let Go,6,202,False,60059776,1984-08-10
1787,208,Heartbeat,7,293,False,48360842,1984-08-10
1788,208,Wild Heart,8,140,False,32092885,1984-08-10
1789,208,Slow Motion,9,158,False,76088145,1984-08-10
1790,208,Pieces,10,169,True,19142470,1984-08-10
1791,208,Tornado,11,400,True,66962870,1984-08-10
1792,208,Concrete Jungle,12,352,False,22779115,1984-08-10
1793,208,Storm,13,202,True,37596710,1984-08-10
1794,208,Silence,14,306,False,11976146,1984-08-10
1795,208,River Deep,15,211,False,34620670,1984-08-10
1796,208,Broken Dreams,16,251,False,87280725,1984-08-10
1797,209,Forever Young,1,183,False,5314034,1967-11-23
1798,209,Fall Down,2,266,False,54899510,1967-11-23
1799,209,Heartbeat,3,345,False,68783800,1967-11-23
1800,209,Angel,4,311,True,91563454,1967-11-23
1801,209,Final Chapter,5,379,False,35276100,1967-11-23
1802,209,Moonshine,6,149,False,93918223,1967-11-23
1803,210,Whisper,1,124,False,14132859,2000-04-07
1804,210,Storm,2,312,False,76522053,2000-04-07
1805,210,Last Dance,3,157,False,52106408,2000-04-07
1806,210,Pure Love,4,167,False,62529032,2000-04-07
1807,211,Pure Love,1,393,False,14645711,2022-05-17
1808,211,City Lights,2,212,True,53277039,2022-05-17
1809,211,Wild Heart,3,222,False,44120137,2022-05-17
1810,211,Mountain High,4,282,False,81117090,2022-05-17
1811,211,Torn Apart,5,228,False,15344634,2022-05-17
1812,211,Thunder,6,352,True,73159563,2022-05-17
1813,212,Always There,1,360,False,85928388,2004-04-08
1814,212,Time Flies,2,283,True,80675244,2004-04-08
1815,212,Lay Low,3,151,False,57728351,2004-04-08
1816,212,Broken Dreams,4,229,True,28386094,2004-04-08
1817,212,Sunset Boulevard,5,336,False,33832435,2004-04-08
1818,213,Autumn Wind,1,162,False,9295792,2018-11-16
1819,213,Thunder,2,327,True,40042087,2018-11-16
1820,213,Brave Soul,3,334,False,89878149,2018-11-16
1821,214,Golden Hour,1,214,True,12407255,2017-07-25
1822,214,Fresh Start,2,295,False,22083283,2017-07-25
1823,214,Fast Lane,3,298,False,64642647,2017-07-25
1824,214,Broken Dreams,4,394,False,93508160,2017-07-25
1825,214,Wild Heart,5,301,False,1332984,2017-07-25
1826,214,Whisper,6,221,True,97002330,2017-07-25
1827,215,Noise,1,194,False,89129018,2013-02-19
1828,215,Angel,2,127,False,61560177,2013-02-19
1829,215,Never Let Go,3,375,False,15248056,2013-02-19
1830,215,Final Chapter,4,254,True,60473000,2013-02-19
1831,215,Heartbeat,5,350,True,4897064,2013-02-19
1832,215,Time Flies,6,216,False,93475411,2013-02-19
1833,215,Peace,7,205,False,29009455,2013-02-19
1834,215,Purgatory,8,227,False,91218158,2013-02-19
1835,215,Silence,9,127,False,48827665,2013-02-19
1836,215,Sunset Boulevard,10,274,False,67388734,2013-02-19
1837,215,Love Song,11,375,False,55573350,2013-02-19
1838,215,Final Chapter,12,300,False,72808690,2013-02-19
1839,215,Fresh Start,13,387,False,15217605,2013-02-19
1840,215,Autumn Wind,14,354,False,50079518,2013-02-19
1841,215,Autumn Wind,15,403,False,72848400,2013-02-19
1842,215,Wild Heart,16,315,False,88530765,2013-02-19
1843,216,Wild Heart,1,265,True,11760181,2017-03-21
1844,216,Urban Paradise,2,165,True,82713066,2017-03-21
1845,216,Final Chapter,3,173,False,83728466,2017-03-21
1846,216,Peace,4,171,False,67560039,2017-03-21
1847,216,Noise,5,136,False,56457460,2017-03-21
1848,216,Time Flies,6,234,False,74032876,2017-03-21
1849,216,Lay Low,7,178,False,63025187,2017-03-21
1850,216,Love Song,8,299,False,55423162,2017-03-21
1851,217,First Kiss,1,123,False,30056261,2016-08-07
1852,217,Fragments,2,265,False,88406780,2016-08-07
1853,217,Golden Hour,3,277,False,90368905,2016-08-07
1854,217,Red Sky,4,122,False,4385512,2016-08-07
1855,217,Electric Love,5,133,False,50251887,2016-08-07
1856,218,Defeat,1,282,False,22872143,2019-10-23
1857,218,Silence,2,340,False,74590103,2019-10-23
1858,218,First Kiss,3,218,False,6923083,2019-10-23
1859,218,Silence,4,339,False,85399182,2019-10-23
1860,218,Move On,5,208,False,42698007,2019-10-23
1861,218,Defeat,6,201,False,31000202,2019-10-23
1862,218,Concrete Jungle,7,184,True,84750585,2019-10-23
1863,218,Silence,8,320,False,74209721,2019-10-23
1864,218,Summer Night,9,285,False,12516397,2019-10-23
1865,218,Neon Dreams,10,133,False,1548620,2019-10-23
1866,218,Always There,11,134,True,76744869,2019-10-23
1867,219,Lay Low,1,132,False,60895423,2019-06-01
1868,219,Rise Up,2,215,False,87580116,2019-06-01
1869,219,Moment in Time,3,272,False,71862482,2019-06-01
1870,219,Blue Moon,4,313,False,88484070,2019-06-01
1871,219,Fireflies,5,260,True,19296419,2019-06-01
1872,219,Sunset Boulevard,6,416,True,14888976,2019-06-01
1873,219,Kind Mind,7,182,True,19036823,2019-06-01
1874,219,Lightning,8,254,False,12452337,2019-06-01
1875,219,River Deep,9,373,False,27913590,2019-06-01
1876,219,First Kiss,10,171,False,2947014,2019-06-01
1877,219,Final Chapter,11,157,False,83977718,2019-06-01
1878,219,River Deep,12,227,False,50365788,2019-06-01
1879,219,Angel,13,350,False,24133211,2019-06-01
1880,219,Hurricane,14,125,False,88538924,2019-06-01
1881,220,Scream,1,136,True,46011239,2021-10-12
1882,220,Purgatory,2,367,True,21258513,2021-10-12
1883,220,Defeat,3,250,True,25883252,2021-10-12
1884,220,Dancing in the Dark,4,394,True,69524101,2021-10-12
1885,221,Victory,1,198,False,48974793,2021-06-22
1886,221,Street Corner,2,231,True,43961638,2021-06-22
1887,221,Forever Young,3,232,True,97676132,2021-06-22
1888,221,Heartbeat,4,257,False,64635885,2021-06-22
1889,221,Fast Lane,5,167,False,95037368,2021-06-22
1890,221,Echo,6,270,False,66545378,2021-06-22
1891,221,Wild Heart,7,382,False,25911301,2021-06-22
1892,221,Green Fields,8,208,False,92215290,2021-06-22
1893,221,Thunder,9,321,True,78335942,2021-06-22
1894,221,Tornado,10,204,False,96913299,2021-06-22
1895,221,Torn Apart,11,341,False,56873060,2021-06-22
1896,221,Silver Lining,12,283,True,81509842,2021-06-22
1897,221,Move On,13,339,False,76120515,2021-06-22
1898,221,Rise Up,14,311,True,60317901,2021-06-22
1899,221,Winter Morning,15,137,False,78768256,2021-06-22
1900,222,Final Chapter,1,270,False,53459816,2020-03-28
1901,222,Dancing in the Dark,2,178,False,43309532,2020-03-28
1902,222,Fresh Start,3,215,False,32926044,2020-03-28
1903,222,River Deep,4,230,False,49924201,2020-03-28
1904,223,Never Let Go,1,280,True,1292919,2023-11-06
1905,223,Angel,2,125,False,28692049,2023-11-06
1906,223,Pure Love,3,410,False,31225585,2023-11-06
1907,223,Whisper,4,153,False,38066060,2023-11-06
1908,223,Time Flies,5,389,False,13813714,2023-11-06
1909,223,Whisper,6,262,True,77034049,2023-11-06
1910,223,New Beginning,7,342,False,42965968,2023-11-06
1911,223,Fast Lane,8,220,True,66294734,2023-11-06
1912,223,Pieces,9,143,False,56537506,2023-11-06
1913,224,Love Song,1,183,False,22969985,2024-07-02
1914,224,Demon,2,316,False,77364953,2024-07-02
1915,224,Sunset Boulevard,3,265,True,86391469,2024-07-02
1916,224,Silence,4,122,False,38166934,2024-07-02
1917,224,Heartbeat,5,326,True,71600729,2024-07-02
1918,224,Battle,6,140,False,86540325,2024-07-02
1919,224,Sunset Boulevard,7,155,False,12766765,2024-07-02
1920,225,New Beginning,1,274,False,42572475,2024-07-30
1921,225,Purgatory,2,324,True,74685481,2024-07-30
1922,225,Angel,3,372,True,52791522,2024-07-30
1923,225,Hurricane,4,352,False,86046600,2024-07-30
1924,225,Love Song,5,311,True,3930993,2024-07-30
1925,225,Moment in Time,6,144,True,18620619,2024-07-30
1926,225,Urban Paradise,7,285,False,30379009,2024-07-30
1927,225,Winter Morning,8,165,False,97188118,2024-07-30
1928,225,Stand Tall,9,395,True,92374176,2024-07-30
1929,225,Fireflies,10,252,True,14871807,2024-07-30
1930,225,Fireflies,11,275,True,35396856,2024-07-30
1931,225,Heaven,12,314,False,93773206,2024-07-30
1932,225,Winter Morning,13,190,False,16092896,2024-07-30
1933,226,Heartbeat,1,283,False,78400641,2023-09-06
1934,226,Final Chapter,2,348,True,70029938,2023-09-06
1935,226,Battle,3,243,False,88754019,2023-09-06
1936,226,Torn Apart,4,263,False,98094983,2023-09-06
1937,226,Shattered Glass,5,235,True,35408251,2023-09-06
1938,226,Storm,6,162,False,74962645,2023-09-06
1939,226,Blue Moon,7,225,True,10085710,2023-09-06
1940,227,Pieces,1,150,False,1762024,2008-03-26
1941,228,Time Flies,1,359,False,25221850,2018-08-04
1942,228,Torn Apart,2,173,False,28006066,2018-08-04
1943,229,Battle,1,383,False,41852500,1990-11-01
1944,229,Kind Mind,2,198,True,17456426,1990-11-01
1945,229,Moment in Time,3,306,False,60724380,1990-11-01
1946,229,Victory,4,223,False,25226688,1990-11-01
1947,229,Mountain High,5,262,False,22038057,1990-11-01
1948,229,Tornado,6,415,True,19768893,1990-11-01
1949,229,Pure Love,7,174,True,32287747,1990-11-01
1950,229,Sunset Boulevard,8,355,False,35803474,1990-11-01
1951,229,Dancing in the Dark,9,363,False,47238845,1990-11-01
1952,229,Golden Hour,10,180,True,47570364,1990-11-01
1953,229,Wild Heart,11,228,False,53274774,1990-11-01
1954,230,Fragments,1,340,False,7134621,2003-08-02
1955,230,Free Spirit,2,259,False,13128198,2003-08-02
1956,230,Fireflies,3,315,False,26029062,2003-08-02
1957,230,Storm,4,216,False,23708904,2003-08-02
1958,230,Thunder,5,391,False,69607791,2003-08-02
1959,230,Wild Heart,6,175,True,86750938,2003-08-02
1960,230,Blue Moon,7,176,False,15460259,2003-08-02
1961,230,Fireflies,8,138,False,32046782,2003-08-02
1962,230,Mountain High,9,392,True,36971545,2003-08-02
1963,230,Moment in Time,10,327,False,52732189,2003-08-02
1964,231,Concrete Jungle,1,232,False,66460815,1986-05-24
1965,231,Slow Motion,2,207,False,46658526,1986-05-24
1966,231,Lightning,3,267,True,12649023,1986-05-24
1967,231,Spring Rain,4,377,False,99199081,1986-05-24
1968,231,Tornado,5,242,False,42293683,1986-05-24
1969,231,Mountain High,6,205,False,44581131,1986-05-24
1970,231,Kind Mind,7,192,True,89393218,1986-05-24
1971,231,Broken Dreams,8,339,False,2795332,1986-05-24
1972,231,Autumn Wind,9,255,True,22914336,1986-05-24
1973,231,Electric Love,10,300,False,78270257,1986-05-24
1974,231,Midnight Rain,11,370,False,63427036,1986-05-24
1975,231,Street Corner,12,143,True,76137251,1986-05-24
1976,232,Storm,1,236,False,19674031,2014-07-23
1977,232,Concrete Jungle,2,171,False,98809274,2014-07-23
1978,232,Heaven,3,351,False,98625200,2014-07-23
1979,232,Purgatory,4,399,False,89041184,2014-07-23
1980,233,Torn Apart,1,249,False,61572485,2023-05-08
1981,233,Electric Love,2,300,False,95315679,2023-05-08
1982,233,Heaven,3,385,False,15134534,2023-05-08
1983,233,Silver Lining,4,385,True,19850853,2023-05-08
1984,233,Final Chapter,5,232,False,47941821,2023-05-08
1985,233,Pieces,6,135,False,77522039,2023-05-08
1986,233,Wild Heart,7,304,False,99906995,2023-05-08
1987,234,Neon Dreams,1,219,False,85729393,2018-05-24
1988,235,Urban Paradise,1,260,False,70720244,2021-10-28
1989,235,Autumn Wind,2,255,False,44452330,2021-10-28
1990,235,First Kiss,3,333,False,41516670,2021-10-28
1991,235,Seasonal Change,4,141,False,82190565,2021-10-28
1992,235,Love Song,5,341,False,76056143,2021-10-28
1993,236,Purgatory,1,267,True,1118688,2023-10-20
1994,237,Pieces,1,195,False,91391947,2011-08-04
1995,237,Always There,2,387,False,83724365,2011-08-04
1996,237,Whisper,3,203,False,65340518,2011-08-04
1997,237,Lightning,4,153,False,2092776,2011-08-04
1998,237,Kind Mind,5,140,False,37985938,2011-08-04
1999,237,Love Song,6,147,False,41046667,2011-08-04
2000,237,Midnight Rain,7,340,False,88617699,2011-08-04
2001,238,Midnight Rain,1,145,False,18484302,2012-04-25
2002,239,Purgatory,1,265,False,11543189,1974-12-11
2003,239,Silver Lining,2,193,False,57988874,1974-12-11
2004,239,Noise,3,161,False,29374592,1974-12-11
2005,239,Starlight,4,362,False,33383774,1974-12-11
2006,239,Move On,5,336,False,13171952,1974-12-11
2007,239,Golden Hour,6,274,False,23260196,1974-12-11
2008,239,Scream,7,343,False,77600317,1974-12-11
2009,240,Forever Young,1,222,False,18212104,2010-08-05
2010,240,New Beginning,2,403,False,40407893,2010-08-05
2011,240,Tornado,3,163,False,76056500,2010-08-05
2012,240,Pure Love,4,399,False,50461294,2010-08-05
2013,241,Wild Heart,1,169,False,70675216,1994-07-04
2014,241,Free Spirit,2,280,False,62864748,1994-07-04
2015,241,Rise Up,3,338,False,56439314,1994-07-04
2016,241,Final Chapter,4,356,True,75015510,1994-07-04
2017,241,Dancing in the Dark,5,335,True,18869078,1994-07-04
2018,241,Hurricane,6,244,False,17082542,1994-07-04
2019,241,Peace,7,409,False,7185483,1994-07-04
2020,242,First Kiss,1,184,False,89936512,2018-04-09
2021,242,Midnight Rain,2,356,False,7294228,2018-04-09
2022,242,City Lights,3,148,False,87225409,2018-04-09
2023,242,Urban Paradise,4,290,True,39000574,2018-04-09
2024,242,Scream,5,366,False,8169131,2018-04-09
2025,242,Love Song,6,419,True,94163489,2018-04-09
2026,242,Slow Motion,7,384,False,75436973,2018-04-09
2027,243,Pieces,1,189,False,90688336,2012-02-21
2028,244,Always There,1,274,False,96521610,2018-08-19
2029,244,Midnight Rain,2,368,False,15395963,2018-08-19
2030,244,Mountain High,3,120,False,81039410,2018-08-19
2031,244,Love Song,4,386,True,33179439,2018-08-19
2032,244,Slow Motion,5,173,False,3309323,2018-08-19
2033,244,Fragments,6,347,False,7469640,2018-08-19
2034,244,Love Song,7,273,False,64923735,2018-08-19
2035,244,Spring Rain,8,240,False,82243262,2018-08-19
2036,244,Free Spirit,9,183,False,19628855,2018-08-19
2037,244,Sunset Boulevard,10,214,False,99938317,2018-08-19
2038,244,Red Sky,11,207,False,63908898,2018-08-19
2039,244,Shattered Glass,12,268,False,89595102,2018-08-19
2040,244,Concrete Jungle,13,372,False,89617131,2018-08-19
2041,245,Thunder,1,320,False,93637360,2023-06-17
2042,245,Urban Paradise,2,357,False,57020114,2023-06-17
2043,245,Never Let Go,3,134,False,61348545,2023-06-17
2044,245,Love Song,4,408,False,1479031,2023-06-17
2045,245,Noise,5,275,True,86585062,2023-06-17
2046,245,Free Spirit,6,141,False,18697002,2023-06-17
2047,246,Pure Love,1,354,False,1224073,2023-10-08
2048,246,Summer Night,2,303,False,46819717,2023-10-08
2049,246,Battle,3,319,True,23420574,2023-10-08
2050,246,Always There,4,300,False,61670595,2023-10-08
2051,246,Forever Young,5,262,False,52872219,2023-10-08
2052,246,Mountain High,6,367,False,63317523,2023-10-08
2053,246,Spring Rain,7,414,False,17370722,2023-10-08
2054,246,Demon,8,417,False,78449352,2023-10-08
2055,247,Last Dance,1,154,True,3962354,2025-10-10
2056,247,Summer Night,2,238,True,89289816,2025-10-10
2057,247,Urban Paradise,3,375,False,43440826,2025-10-10
2058,247,Timeless,4,241,True,23353610,2025-10-10
2059,247,Move On,5,335,True,8311653,2025-10-10
2060,248,Green Fields,1,178,True,9782015,2015-03-15
2061,248,Free Spirit,2,311,True,23362909,2015-03-15
2062,249,Demon,1,175,False,50684499,2021-08-16
2063,249,Forever Young,2,413,False,26268818,2021-08-16
2064,249,Green Fields,3,371,False,91113573,2021-08-16
2065,249,Lightning,4,235,False,99610211,2021-08-16
2066,249,Summer Night,5,342,False,11545180,2021-08-16
2067,249,Noise,6,132,True,27318624,2021-08-16
2068,249,Starlight,7,191,True,48259460,2021-08-16
2069,250,Final Chapter,1,410,True,45729498,2007-03-14
2070,250,Spring Rain,2,390,False,25519742,2007-03-14
2071,250,Slow Motion,3,412,False,67222987,2007-03-14
2072,251,Rise Up,1,302,False,9013348,2017-07-05
2073,251,Free Spirit,2,338,False,9511690,2017-07-05
2074,251,Scream,3,160,False,69423699,2017-07-05
2075,251,Hurricane,4,171,True,66936024,2017-07-05
2076,251,Timeless,5,146,False,3025600,2017-07-05
2077,251,Moment in Time,6,268,False,52402145,2017-07-05
2078,251,Rise Up,7,154,False,38663966,2017-07-05
2079,251,River Deep,8,393,False,69492537,2017-07-05
2080,251,Fragments,9,279,False,83033115,2017-07-05
2081,251,Ocean Waves,10,399,True,78218402,2017-07-05
2082,251,Broken Dreams,11,254,True,4331840,2017-07-05
2083,251,Hell,12,335,False,26912165,2017-07-05
2084,251,Heaven,13,150,False,27411730,2017-07-05
2085,252,Echo,1,288,True,31624005,1996-09-30
2086,252,Pieces,2,157,True,46418606,1996-09-30
2087,252,River Deep,3,333,True,74011044,1996-09-30
2088,252,Shattered Glass,4,186,False,97083679,1996-09-30
2089,252,Moonshine,5,173,True,66652083,1996-09-30
2090,252,Fragments,6,235,False,57917038,1996-09-30
2091,252,Shattered Glass,7,275,False,2878065,1996-09-30
2092,252,Ocean Waves,8,133,False,71697212,1996-09-30
2093,252,Lay Low,9,129,False,6998168,1996-09-30
2094,253,Move On,1,313,False,57675860,2005-09-04
2095,253,Fresh Start,2,401,False,15513314,2005-09-04
2096,253,Free Spirit,3,180,False,47216333,2005-09-04
2097,254,Seasonal Change,1,295,False,7774227,2008-11-06
2098,254,Red Sky,2,238,True,79002900,2008-11-06
2099,254,Electric Love,3,236,False,71969904,2008-11-06
2100,254,Scream,4,143,True,96613524,2008-11-06
2101,254,Blue Moon,5,149,True,7604050,2008-11-06
2102,254,Heartbeat,6,344,False,37929390,2008-11-06
2103,254,Moonshine,7,280,False,80854908,2008-11-06
2104,254,Blue Moon,8,269,False,81352565,2008-11-06
2105,254,First Kiss,9,365,True,88126056,2008-11-06
2106,254,River Deep,10,159,False,72966957,2008-11-06
2107,254,Slow Motion,11,373,False,29566459,2008-11-06
2108,254,Free Spirit,12,274,False,74008439,2008-11-06
2109,254,Storm,13,245,False,42796523,2008-11-06
2110,254,Peace,14,377,True,7247426,2008-11-06
2111,254,Purgatory,15,330,False,37551952,2008-11-06
2112,254,City Lights,16,224,False,69926758,2008-11-06
2113,255,Timeless,1,276,False,16474964,2013-02-02
2114,255,Stand Tall,2,192,True,31555291,2013-02-02
2115,255,Free Spirit,3,352,True,2857448,2013-02-02
2116,255,Pieces,4,137,False,37308143,2013-02-02
2117,255,Move On,5,273,True,8015488,2013-02-02
2118,255,Thunder,6,316,False,2529799,2013-02-02
2119,255,Lay Low,7,316,False,5961354,2013-02-02
2120,255,Moment in Time,8,225,False,24753345,2013-02-02
2121,255,Wild Heart,9,392,True,88637717,2013-02-02
2122,255,Tornado,10,136,False,3488600,2013-02-02
2123,255,Hell,11,254,False,3670202,2013-02-02
2124,255,Hell,12,342,False,97875074,2013-02-02
2125,255,Ocean Waves,13,175,False,96810847,2013-02-02
2126,255,Lightning,14,393,False,56886173,2013-02-02
2127,256,Silence,1,410,False,21816939,1984-07-02
2128,256,Lay Low,2,359,False,17699655,1984-07-02
2129,256,Electric Love,3,263,False,11480563,1984-07-02
2130,256,Blue Moon,4,397,False,45302825,1984-07-02
2131,256,Silence,5,322,True,82617353,1984-07-02
2132,256,Thunder,6,305,False,88480345,1984-07-02
2133,257,Green Fields,1,126,True,41190770,2025-02-14
2134,257,Scream,2,284,False,23996035,2025-02-14
2135,257,Free Spirit,3,356,True,59043624,2025-02-14
2136,257,Electric Love,4,358,True,48147073,2025-02-14
2137,257,Shattered Glass,5,404,False,54842825,2025-02-14
2138,258,Ocean Waves,1,416,True,37103909,2016-04-01
2139,258,Echo,2,280,True,59114791,2016-04-01
2140,258,Spring Rain,3,252,False,34834976,2016-04-01
2141,259,Pieces,1,185,False,84602558,1984-09-26
2142,259,Autumn Wind,2,195,True,31228768,1984-09-26
2143,260,Street Corner,1,139,False,91864167,1981-12-09
2144,260,Fragments,2,345,False,5631183,1981-12-09
2145,260,Echo,3,236,True,95905218,1981-12-09
2146,260,Golden Hour,4,251,True,91051671,1981-12-09
2147,261,Rise Up,1,396,True,80608327,2023-11-13
2148,261,Red Sky,2,299,True,10399074,2023-11-13
2149,262,Fragments,1,347,True,68590026,2021-11-12
2150,262,River Deep,2,241,False,43726665,2021-11-12
2151,262,Silence,3,310,False,9582229,2021-11-12
2152,262,Fresh Start,4,264,False,3314453,2021-11-12
2153,262,Demon,5,304,False,54779294,2021-11-12
2154,262,Stand Tall,6,360,False,83472202,2021-11-12
2155,262,Dancing in the Dark,7,202,False,5987530,2021-11-12
2156,262,Storm,8,196,True,14258231,2021-11-12
2157,262,Time Flies,9,280,False,28839191,2021-11-12
2158,262,Lay Low,10,418,True,88189010,2021-11-12
2159,262,Always There,11,315,True,10376565,2021-11-12
2160,262,Moment in Time,12,409,False,72338977,2021-11-12
2161,262,Love Song,13,390,True,81483852,2021-11-12
2162,263,Broken Dreams,1,388,False,42538880,2020-03-03
2163,263,Silver Lining,2,219,False,32753017,2020-03-03
2164,263,Heaven,3,244,False,30989625,2020-03-03
2165,263,Kind Mind,4,281,True,93022701,2020-03-03
2166,263,Red Sky,5,347,False,48570867,2020-03-03
2167,263,City Lights,6,300,True,48626679,2020-03-03
2168,263,Shattered Glass,7,237,False,56217126,2020-03-03
2169,263,Timeless,8,411,False,72157584,2020-03-03
2170,263,Blue Moon,9,328,False,81274963,2020-03-03
2171,263,Golden Hour,10,266,False,42123474,2020-03-03
2172,264,Love Song,1,161,False,56508695,1998-01-20
2173,265,Fragments,1,195,False,84910129,1973-09-23
2174,265,Fast Lane,2,212,False,2082019,1973-09-23
2175,265,Winter Morning,3,181,False,35349744,1973-09-23
2176,265,Echo,4,360,True,16964845,1973-09-23
2177,265,Starlight,5,340,True,92616482,1973-09-23
2178,265,Winter Morning,6,157,False,69108317,1973-09-23
2179,265,Battle,7,318,False,47562437,1973-09-23
2180,265,Heartbeat,8,325,False,95560809,1973-09-23
2181,265,Storm,9,180,False,45183120,1973-09-23
2182,265,Urban Paradise,10,143,True,99153134,1973-09-23
2183,265,Rise Up,11,349,False,84668837,1973-09-23
2184,265,Brave Soul,12,343,False,64036089,1973-09-23
2185,265,Forever Young,13,213,True,20435507,1973-09-23
2186,265,Midnight Rain,14,309,False,50918794,1973-09-23
2187,265,Demon,15,344,False,68272154,1973-09-23
2188,265,Thunder,16,169,False,39909444,1973-09-23
2189,266,Pieces,1,294,True,75716426,2008-11-01
2190,266,Defeat,2,388,False,38286573,2008-11-01
2191,266,Demon,3,316,False,23946564,2008-11-01
2192,266,Never Let Go,4,141,False,57785785,2008-11-01
2193,267,Defeat,1,262,False,13350172,2018-11-09
2194,267,Purgatory,2,265,False,15911656,2018-11-09
2195,267,Lightning,3,260,False,58910408,2018-11-09
2196,267,Moment in Time,4,206,False,34819972,2018-11-09
2197,268,Urban Paradise,1,238,False,18925119,2022-02-11
2198,268,Concrete Jungle,2,225,False,3670871,2022-02-11
2199,268,Moonshine,3,396,False,894575,2022-02-11
2200,268,Torn Apart,4,133,False,27265115,2022-02-11
2201,268,Lightning,5,412,False,98259378,2022-02-11
2202,268,Free Spirit,6,386,False,60914632,2022-02-11
2203,268,Storm,7,176,True,59647037,2022-02-11
2204,268,Wild Heart,8,372,False,11658665,2022-02-11
2205,268,Forever Young,9,262,True,47475650,2022-02-11
2206,269,City Lights,1,233,True,43904728,2015-03-25
2207,269,Summer Night,2,379,False,37058592,2015-03-25
2208,270,Kind Mind,1,382,True,94866405,1992-12-20
2209,271,Angel,1,139,False,13480667,2023-04-12
2210,271,Defeat,2,282,False,74916347,2023-04-12
2211,271,Starlight,3,124,False,18371007,2023-04-12
2212,271,Lay Low,4,232,False,35606090,2023-04-12
2213,271,Broken Dreams,5,197,False,25112788,2023-04-12
2214,271,Pieces,6,264,False,26652012,2023-04-12
2215,271,Neon Dreams,7,384,False,429189,2023-04-12
2216,271,Wild Heart,8,154,False,74858214,2023-04-12
2217,271,Slow Motion,9,211,True,56124397,2023-04-12
2218,271,Golden Hour,10,314,False,85592608,2023-04-12
2219,271,Purgatory,11,367,False,40278816,2023-04-12
2220,271,Timeless,12,269,False,65796479,2023-04-12
2221,271,First Kiss,13,302,False,39650228,2023-04-12
2222,271,Concrete Jungle,14,232,True,38556908,2023-04-12
2223,272,New Beginning,1,348,False,33204963,2005-11-14
2224,272,Fresh Start,2,179,False,62375800,2005-11-14
2225,272,Angel,3,178,False,93545539,2005-11-14
2226,272,First Kiss,4,185,False,65655873,2005-11-14
2227,272,Final Chapter,5,240,True,39047995,2005-11-14
2228,272,Silver Lining,6,379,False,54895832,2005-11-14
2229,272,Ocean Waves,7,407,False,35112062,2005-11-14
2230,272,Angel,8,330,False,59317732,2005-11-14
2231,272,Fresh Start,9,324,False,7332766,2005-11-14
2232,272,Silver Lining,10,368,False,45612761,2005-11-14
2233,272,Moonshine,11,277,False,55003974,2005-11-14
2234,273,Moment in Time,1,413,False,71942460,1983-12-28
2235,273,Slow Motion,2,176,False,17342988,1983-12-28
2236,273,Peace,3,130,True,50893769,1983-12-28
2237,273,Neon Dreams,4,290,False,74208202,1983-12-28
2238,273,Mountain High,5,145,False,48599937,1983-12-28
2239,273,War,6,221,False,71900277,1983-12-28
2240,273,First Kiss,7,237,False,21663301,1983-12-28
2241,273,Stand Tall,8,289,False,28939368,1983-12-28
2242,273,Echo,9,247,True,4841900,1983-12-28
2243,273,Sunset Boulevard,10,389,True,67310099,1983-12-28
2244,273,First Kiss,11,368,True,21064869,1983-12-28
2245,273,Lightning,12,274,True,30870780,1983-12-28
2246,274,Blue Moon,1,137,False,16595059,1993-02-02
2247,275,Lay Low,1,325,False,99391681,2017-06-07
2248,275,Silver Lining,2,163,True,9917380,2017-06-07
2249,275,Fragments,3,332,True,1978608,2017-06-07
2250,275,Peace,4,197,True,98767255,2017-06-07
2251,275,First Kiss,5,219,False,43449866,2017-06-07
2252,275,Fresh Start,6,382,True,40554420,2017-06-07
2253,275,Thunder,7,354,False,13378718,2017-06-07
2254,275,Golden Hour,8,415,False,50543809,2017-06-07
2255,275,Storm,9,339,True,29830286,2017-06-07
2256,276,Final Chapter,1,407,False,64874074,2008-12-08
2257,276,Lightning,2,393,False,51325978,2008-12-08
2258,276,Sunset Boulevard,3,374,False,50028002,2008-12-08
2259,276,Peace,4,175,False,30072939,2008-12-08
2260,276,Silence,5,132,False,31154021,2008-12-08
2261,276,Brave Soul,6,309,False,75585152,2008-12-08
2262,276,Urban Paradise,7,279,False,19296651,2008-12-08
2263,276,City Lights,8,168,False,27874581,2008-12-08
2264,276,Torn Apart,9,247,True,18969067,2008-12-08
2265,276,Last Dance,10,362,False,7909847,2008-12-08
2266,276,Pieces,11,249,False,41802776,2008-12-08
2267,276,Hell,12,197,True,43143346,2008-12-08
2268,276,Scream,13,328,True,35989798,2008-12-08
2269,277,Slow Motion,1,407,False,73227680,2011-07-02
2270,277,Pieces,2,280,False,43196359,2011-07-02
2271,277,Pure Love,3,367,True,14098750,2011-07-02
2272,278,Fresh Start,1,159,False,17083565,2017-05-28
2273,278,Electric Love,2,202,True,22306580,2017-05-28
2274,278,Fast Lane,3,344,True,5242805,2017-05-28
2275,278,Fresh Start,4,373,False,84042431,2017-05-28
2276,278,Battle,5,369,False,73428512,2017-05-28
2277,278,New Beginning,6,324,True,39829248,2017-05-28
2278,278,Love Song,7,342,False,96629112,2017-05-28
2279,278,Silver Lining,8,387,False,82557389,2017-05-28
2280,278,Stand Tall,9,408,False,18994170,2017-05-28
2281,278,Storm,10,387,False,82409660,2017-05-28
2282,278,Stand Tall,11,385,False,63365536,2017-05-28
2283,279,Pure Love,1,227,False,96654246,2023-06-06
2284,279,Forever Young,2,204,False,1318177,2023-06-06
2285,279,Angel,3,333,False,20179511,2023-06-06
2286,279,Broken Dreams,4,154,True,41854524,2023-06-06
2287,279,Seasonal Change,5,222,True,72173099,2023-06-06
2288,279,Kind Mind,6,289,True,8201748,2023-06-06
2289,279,Pure Love,7,200,True,47036977,2023-06-06
2290,279,Whisper,8,235,False,84399027,2023-06-06
2291,279,Electric Love,9,218,False,38143010,2023-06-06
2292,279,Fresh Start,10,419,False,49294789,2023-06-06
2293,279,Last Dance,11,250,False,10398669,2023-06-06
2294,280,Always There,1,172,False,37579022,2007-02-22
2295,280,Autumn Wind,2,254,True,17005934,2007-02-22
2296,280,Defeat,3,420,False,44313350,2007-02-22
2297,280,Silence,4,261,False,28092671,2007-02-22
2298,280,Winter Morning,5,121,False,29050549,2007-02-22
2299,281,Neon Dreams,1,195,False,22121549,2025-01-19
2300,281,Broken Dreams,2,120,False,10440451,2025-01-19
2301,281,Fireflies,3,190,False,57096991,2025-01-19
2302,281,Broken Dreams,4,287,False,67159209,2025-01-19
2303,281,Love Song,5,243,False,50641630,2025-01-19
2304,281,Move On,6,362,False,41843964,2025-01-19
2305,282,Defeat,1,282,True,81252861,1968-02-17
2306,282,Time Flies,2,205,False,95475469,1968-02-17
2307,282,Never Let Go,3,343,False,65779236,1968-02-17
2308,283,Green Fields,1,181,False,87522323,1977-04-29
2309,283,Purgatory,2,211,True,49081701,1977-04-29
2310,283,Pure Love,3,297,False,28693060,1977-04-29
2311,283,Whisper,4,217,False,50225060,1977-04-29
2312,283,Autumn Wind,5,125,False,59335049,1977-04-29
2313,283,Fall Down,6,389,False,753570,1977-04-29
2314,283,Tornado,7,288,True,49508547,1977-04-29
2315,283,Green Fields,8,377,True,81439883,1977-04-29
2316,283,Silver Lining,9,137,False,86124034,1977-04-29
2317,283,Shattered Glass,10,323,True,93348305,1977-04-29
2318,283,Green Fields,11,260,True,76796822,1977-04-29
2319,283,Dancing in the Dark,12,361,False,65807017,1977-04-29
2320,284,Autumn Wind,1,362,True,5126257,2012-02-21
2321,284,Stand Tall,2,134,False,94709340,2012-02-21
2322,284,Autumn Wind,3,187,True,56314078,2012-02-21
2323,284,Love Song,4,148,False,85560869,2012-02-21
2324,284,Ocean Waves,5,280,True,73025649,2012-02-21
2325,284,Thunder,6,219,True,44649538,2012-02-21
2326,284,Angel,7,206,False,69302042,2012-02-21
2327,285,Electric Love,1,326,False,89620191,1971-12-09
2328,285,Ocean Waves,2,153,False,67313639,1971-12-09
2329,285,Never Let Go,3,256,True,23163997,1971-12-09
2330,285,Free Spirit,4,142,False,81675383,1971-12-09
2331,285,Fast Lane,5,378,False,23215400,1971-12-09
2332,285,Midnight Rain,6,279,False,75237007,1971-12-09
2333,285,Purgatory,7,180,False,62579321,1971-12-09
2334,285,Scream,8,164,False,11832897,1971-12-09
2335,285,Street Corner,9,166,False,97918594,1971-12-09
2336,286,Neon Dreams,1,215,False,79342612,2022-04-13
2337,286,Sunset Boulevard,2,206,True,29195825,2022-04-13
2338,286,Stand Tall,3,355,True,97210781,2022-04-13
2339,286,Blue Moon,4,277,False,99067510,2022-04-13
2340,286,Heartbeat,5,278,True,50910187,2022-04-13
2341,286,Lightning,6,211,False,18847668,2022-04-13
2342,286,Scream,7,281,False,30327888,2022-04-13
2343,286,Seasonal Change,8,259,False,23771581,2022-04-13
2344,286,Storm,9,252,False,35506648,2022-04-13
2345,286,Neon Dreams,10,370,False,77671284,2022-04-13
2346,286,Fall Down,11,298,False,84694930,2022-04-13
2347,286,Winter Morning,12,138,False,20898267,2022-04-13
2348,286,War,13,411,False,94246006,2022-04-13
2349,287,Wild Heart,1,297,False,27843059,2020-11-04
2350,287,Hell,2,377,False,12181265,2020-11-04
2351,288,Victory,1,227,False,29293679,2014-12-06
2352,288,Pure Love,2,253,True,15475060,2014-12-06
2353,288,Defeat,3,215,False,18765689,2014-12-06
2354,288,Pure Love,4,420,False,49966944,2014-12-06
2355,289,Scream,1,313,True,43268043,1998-04-09
2356,289,Urban Paradise,2,303,True,21307131,1998-04-09
2357,289,New Beginning,3,363,False,45187329,1998-04-09
2358,289,Concrete Jungle,4,215,False,41107619,1998-04-09
2359,289,Summer Night,5,359,False,2919231,1998-04-09
2360,289,Free Spirit,6,353,False,98107100,1998-04-09
2361,289,Last Dance,7,362,False,33900011,1998-04-09
2362,289,Stand Tall,8,292,False,91074223,1998-04-09
2363,289,Last Dance,9,273,True,31447622,1998-04-09
2364,289,Fragments,10,175,False,57162555,1998-04-09
2365,289,Silver Lining,11,415,False,79601320,1998-04-09
2366,289,Dancing in the Dark,12,203,False,40343535,1998-04-09
2367,289,Battle,13,221,False,17433651,1998-04-09
2368,289,Heaven,14,147,True,41509991,1998-04-09
2369,290,Never Let Go,1,297,False,53149397,1975-09-14
2370,290,Winter Morning,2,355,True,88396950,1975-09-14
2371,290,Never Let Go,3,222,False,40437430,1975-09-14
2372,290,Tornado,4,161,False,31700023,1975-09-14
2373,290,Slow Motion,5,343,True,97191672,1975-09-14
2374,290,Blue Moon,6,198,False,663677,1975-09-14
2375,290,Shattered Glass,7,201,False,13410159,1975-09-14
2376,290,Broken Dreams,8,401,False,93788630,1975-09-14
2377,290,Time Flies,9,361,False,62207767,1975-09-14
2378,290,Blue Moon,10,169,False,17247299,1975-09-14
2379,290,Angel,11,188,False,43904207,1975-09-14
2380,291,Lightning,1,337,False,71687725,1982-12-11
2381,291,River Deep,2,297,False,89909325,1982-12-11
2382,291,Dancing in the Dark,3,233,False,31562316,1982-12-11
2383,291,Stand Tall,4,305,False,67304275,1982-12-11
2384,292,Midnight Rain,1,323,True,86647914,1997-03-05
2385,292,Timeless,2,190,False,25228980,1997-03-05
2386,292,Moonshine,3,228,False,58438483,1997-03-05
2387,292,Neon Dreams,4,293,False,87784425,1997-03-05
2388,292,Spring Rain,5,337,False,38247237,1997-03-05
2389,292,Tornado,6,318,False,4674355,1997-03-05
2390,292,Golden Hour,7,335,False,21950353,1997-03-05
2391,292,First Kiss,8,384,True,62400868,1997-03-05
2392,292,City Lights,9,297,True,88029193,1997-03-05
2393,292,Last Dance,10,126,False,42818915,1997-03-05
2394,292,Heartbeat,11,414,False,92113445,1997-03-05
2395,292,Kind Mind,12,125,False,87753863,1997-03-05
2396,292,Last Dance,13,336,True,40661866,1997-03-05
2397,292,Fresh Start,14,252,True,81018658,1997-03-05
2398,292,Brave Soul,15,377,False,63558440,1997-03-05
2399,293,Heaven,1,393,False,14988380,2014-02-19
2400,293,Autumn Wind,2,337,False,90559239,2014-02-19
2401,293,City Lights,3,196,True,45246901,2014-02-19
2402,293,Golden Hour,4,221,False,58369685,2014-02-19
2403,293,Fireflies,5,357,False,5347831,2014-02-19
2404,293,Love Song,6,370,False,49271881,2014-02-19
2405,293,Fireflies,7,309,False,57136827,2014-02-19
2406,293,Hell,8,271,True,72846470,2014-02-19
2407,293,Silver Lining,9,211,False,47900342,2014-02-19
2408,293,New Beginning,10,128,False,43571443,2014-02-19
2409,293,Hurricane,11,138,True,47948542,2014-02-19
2410,294,Starlight,1,392,False,33370113,2006-01-10
2411,294,Autumn Wind,2,163,True,16918765,2006-01-10
2412,294,Never Let Go,3,372,False,36869104,2006-01-10
2413,294,Purgatory,4,354,False,98339688,2006-01-10
2414,294,Battle,5,411,False,5454740,2006-01-10
2415,294,River Deep,6,287,False,5138845,2006-01-10
2416,294,Never Let Go,7,171,False,68804339,2006-01-10
2417,294,City Lights,8,292,False,56711004,2006-01-10
2418,294,Last Dance,9,131,False,34474897,2006-01-10
2419,295,City Lights,1,341,True,25721973,1996-05-29
2420,295,Silence,2,253,False,82621946,1996-05-29
2421,296,Victory,1,396,False,93181615,2002-07-20
2422,296,Fireflies,2,311,False,28884898,2002-07-20
2423,296,Wild Heart,3,260,False,37158689,2002-07-20
2424,296,Fragments,4,143,False,24328360,2002-07-20
2425,296,Lightning,5,259,True,54651149,2002-07-20
2426,296,Slow Motion,6,129,False,88209607,2002-07-20
2427,297,Heartbeat,1,260,False,62067810,1982-08-07
2428,297,Angel,2,169,False,30175470,1982-08-07
2429,297,Sunset Boulevard,3,286,False,8552683,1982-08-07
2430,297,Lightning,4,355,False,85197744,1982-08-07
2431,297,Heaven,5,397,False,63834338,1982-08-07
2432,297,Whisper,6,126,False,45714018,1982-08-07
2433,297,Angel,7,297,False,20371382,1982-08-07
2434,297,Pure Love,8,375,False,71436092,1982-08-07
2435,297,Winter Morning,9,319,False,54081453,1982-08-07
2436,297,Starlight,10,412,True,84742934,1982-08-07
2437,297,Torn Apart,11,407,False,11152419,1982-08-07
2438,297,Slow Motion,12,391,False,40806582,1982-08-07
2439,298,Storm,1,281,False,90530041,2016-05-09
2440,298,Pure Love,2,135,False,83867651,2016-05-09
2441,298,Noise,3,205,False,75818579,2016-05-09
2442,298,Wild Heart,4,332,True,38102759,2016-05-09
2443,298,Whisper,5,371,False,50369810,2016-05-09
2444,298,War,6,187,False,81486500,2016-05-09
2445,298,Love Song,7,169,False,29300452,2016-05-09
2446,298,Time Flies,8,176,False,23974297,2016-05-09
2447,298,Summer Night,9,325,False,47247944,2016-05-09
2448,298,Time Flies,10,334,False,42869611,2016-05-09
2449,298,Fall Down,11,174,False,67418191,2016-05-09
2450,298,War,12,392,False,30212304,2016-05-09
2451,298,Last Dance,13,373,False,38424310,2016-05-09
2452,298,Brave Soul,14,200,False,53694387,2016-05-09
2453,298,Lightning,15,121,False,62279909,2016-05-09
2454,298,Autumn Wind,16,170,False,77867465,2016-05-09
2455,299,New Beginning,1,334,False,25350367,1990-11-23
2456,299,Dancing in the Dark,2,234,False,81833362,1990-11-23
2457,300,Fragments,1,161,False,3064676,1997-10-10
2458,300,Demon,2,247,False,76410977,1997-10-10
2459,300,Broken Dreams,3,166,False,3049361,1997-10-10
2460,300,Move On,4,402,False,21659959,1997-10-10
2461,300,Kind Mind,5,308,False,23516421,1997-10-10
2462,301,Broken Dreams,1,222,False,17803989,1999-05-13
2463,301,Storm,2,153,True,27784045,1999-05-13
2464,301,Silence,3,356,False,32889647,1999-05-13
2465,302,Free Spirit,1,243,False,61928895,2001-10-11
2466,302,Fragments,2,176,False,21376399,2001-10-11
2467,302,Blue Moon,3,356,True,923862,2001-10-11
2468,302,Starlight,4,328,False,51716183,2001-10-11
2469,302,River Deep,5,333,False,96096749,2001-10-11
2470,302,War,6,181,True,58857308,2001-10-11
2471,302,Shattered Glass,7,150,False,53471904,2001-10-11
2472,303,Moonshine,1,306,False,96183728,2016-09-04
2473,304,Victory,1,345,False,16650628,2018-04-03
2474,304,Urban Paradise,2,194,False,77821046,2018-04-03
2475,304,Street Corner,3,206,False,55417567,2018-04-03
2476,304,Hell,4,192,False,64772268,2018-04-03
2477,304,Slow Motion,5,255,True,44295297,2018-04-03
2478,304,River Deep,6,354,False,32846895,2018-04-03
2479,304,Golden Hour,7,295,False,92502068,2018-04-03
2480,304,Free Spirit,8,289,False,93893578,2018-04-03
2481,304,Golden Hour,9,410,False,79782793,2018-04-03
2482,304,Starlight,10,191,False,70032031,2018-04-03
2483,304,Lightning,11,133,False,49774794,2018-04-03
2484,304,Scream,12,305,False,41159574,2018-04-03
2485,304,Summer Night,13,410,False,63791651,2018-04-03
2486,304,Free Spirit,14,270,False,99822175,2018-04-03
2487,305,Heartbeat,1,195,False,51570031,2011-11-17
2488,305,Green Fields,2,236,True,28408798,2011-11-17
2489,305,Noise,3,275,False,78414664,2011-11-17
2490,305,Electric Love,4,252,False,96789687,2011-11-17
2491,305,Victory,5,384,False,64018411,2011-11-17
2492,305,Winter Morning,6,296,False,78803982,2011-11-17
2493,305,Fragments,7,280,False,50731447,2011-11-17
2494,305,Torn Apart,8,206,False,23540092,2011-11-17
2495,305,Shattered Glass,9,314,True,89757409,2011-11-17
2496,305,Mountain High,10,295,False,41514655,2011-11-17
2497,306,Slow Motion,1,234,False,37354880,2001-09-01
2498,306,Love Song,2,220,False,66946493,2001-09-01
2499,306,Kind Mind,3,411,True,70345971,2001-09-01
2500,306,Timeless,4,223,False,89153332,2001-09-01
2501,306,Starlight,5,324,True,44226765,2001-09-01
2502,306,Fragments,6,154,False,74260585,2001-09-01
2503,306,War,7,395,True,7512810,2001-09-01
2504,306,Brave Soul,8,410,False,32842037,2001-09-01
2505,306,Green Fields,9,213,False,30647266,2001-09-01
2506,306,Kind Mind,10,210,True,81757079,2001-09-01
2507,306,Silver Lining,11,402,False,12262023,2001-09-01
2508,306,Seasonal Change,12,152,False,70136507,2001-09-01
2509,306,Hurricane,13,151,False,30546109,2001-09-01
2510,306,Blue Moon,14,419,False,62313438,2001-09-01
2511,306,Concrete Jungle,15,394,True,42796441,2001-09-01
2512,307,River Deep,1,220,False,15623801,2017-05-18
2513,307,Free Spirit,2,162,False,26494075,2017-05-18
2514,307,Concrete Jungle,3,397,False,80301630,2017-05-18
2515,307,Torn Apart,4,273,True,78076270,2017-05-18
2516,307,Wild Heart,5,177,False,86251983,2017-05-18
2517,307,Seasonal Change,6,353,True,33789014,2017-05-18
2518,308,Final Chapter,1,258,False,84708592,1998-12-08
2519,308,Autumn Wind,2,288,False,69014787,1998-12-08
2520,308,Lightning,3,273,False,71429336,1998-12-08
2521,308,Blue Moon,4,294,False,90978487,1998-12-08
2522,308,Whisper,5,377,False,84009791,1998-12-08
2523,308,Free Spirit,6,177,False,65441939,1998-12-08
2524,308,Midnight Rain,7,283,False,66543529,1998-12-08
2525,308,Summer Night,8,211,True,57984060,1998-12-08
2526,309,Hurricane,1,168,False,45960407,2018-03-04
2527,309,War,2,213,False,14591037,2018-03-04
2528,309,Timeless,3,229,False,67347727,2018-03-04
2529,309,Tornado,4,283,False,13813301,2018-03-04
2530,309,Hurricane,5,227,False,43455060,2018-03-04
2531,309,Summer Night,6,218,False,23055557,2018-03-04
2532,309,Summer Night,7,200,False,69318932,2018-03-04
2533,309,Broken Dreams,8,333,False,30698761,2018-03-04
2534,309,Golden Hour,9,361,False,49766743,2018-03-04
2535,309,Never Let Go,10,276,False,97537316,2018-03-04
2536,309,Rise Up,11,281,False,41341326,2018-03-04
2537,310,Fresh Start,1,408,False,55985387,2003-03-21
2538,310,Midnight Rain,2,326,True,54866566,2003-03-21
2539,310,Rise Up,3,191,False,36803483,2003-03-21
2540,310,Sunset Boulevard,4,223,False,88859467,2003-03-21
2541,311,Green Fields,1,270,False,3178141,2021-09-30
2542,311,Demon,2,338,False,43712718,2021-09-30
2543,311,Whisper,3,406,False,28854107,2021-09-30
2544,311,Fragments,4,345,False,14339094,2021-09-30
2545,311,River Deep,5,244,False,43685593,2021-09-30
2546,311,Shattered Glass,6,360,True,88505617,2021-09-30
2547,311,Move On,7,369,False,37600104,2021-09-30
2548,311,Lay Low,8,150,True,7531569,2021-09-30
2549,311,Hell,9,261,False,58804057,2021-09-30
2550,311,Lightning,10,176,False,18023391,2021-09-30
2551,311,River Deep,11,286,False,20370571,2021-09-30
2552,311,Always There,12,273,False,75408403,2021-09-30
2553,311,Neon Dreams,13,344,False,44002223,2021-09-30
2554,312,Silence,1,399,False,74715577,1987-02-18
2555,312,Battle,2,269,True,18853237,1987-02-18
2556,312,Mountain High,3,280,False,59839681,1987-02-18
2557,312,Time Flies,4,214,False,62857705,1987-02-18
2558,312,Timeless,5,355,False,44696127,1987-02-18
2559,312,Fast Lane,6,252,False,81016087,1987-02-18
2560,312,Sunset Boulevard,7,191,True,86200025,1987-02-18
2561,312,Final Chapter,8,338,False,65277802,1987-02-18
2562,312,Fireflies,9,390,True,68754597,1987-02-18
2563,312,Stand Tall,10,128,False,4306243,1987-02-18
2564,312,Fragments,11,287,False,37936160,1987-02-18
2565,312,Silence,12,290,True,98574037,1987-02-18
2566,313,River Deep,1,409,True,74932501,1996-03-15
2567,313,Street Corner,2,392,False,68920851,1996-03-15
2568,313,Neon Dreams,3,413,False,81877039,1996-03-15
2569,313,Seasonal Change,4,157,False,37160179,1996-03-15
2570,314,Pure Love,1,351,False,87301075,1993-04-27
2571,314,Heaven,2,157,False,86951594,1993-04-27
2572,314,Silence,3,293,False,70828569,1993-04-27
2573,314,Wild Heart,4,130,False,77140007,1993-04-27
2574,314,Storm,5,123,False,2532910,1993-04-27
2575,314,Electric Love,6,235,False,57331055,1993-04-27
2576,314,Always There,7,252,False,78433683,1993-04-27
2577,314,Demon,8,392,False,87726411,1993-04-27
2578,314,Fast Lane,9,414,False,95952852,1993-04-27
2579,314,Silence,10,198,False,19902315,1993-04-27
2580,314,Slow Motion,11,277,False,13542098,1993-04-27
2581,315,Dancing in the Dark,1,393,True,17089076,1984-01-07
2582,315,Peace,2,298,True,43951077,1984-01-07
2583,315,Angel,3,237,False,27071907,1984-01-07
2584,315,Hurricane,4,203,False,36383465,1984-01-07
2585,315,Timeless,5,231,False,3663666,1984-01-07
2586,315,Forever Young,6,345,True,50346941,1984-01-07
2587,316,Dancing in the Dark,1,347,False,51058647,1994-08-02
2588,316,Fireflies,2,348,False,53576791,1994-08-02
2589,316,Fast Lane,3,225,False,79217610,1994-08-02
2590,316,Love Song,4,167,False,68008569,1994-08-02
2591,316,Noise,5,384,True,21861785,1994-08-02
2592,316,Slow Motion,6,181,False,99407286,1994-08-02
2593,316,Rise Up,7,282,False,25633055,1994-08-02
2594,316,Slow Motion,8,166,False,64153249,1994-08-02
2595,316,Green Fields,9,380,True,61331294,1994-08-02
2596,316,Sunset Boulevard,10,123,False,56373318,1994-08-02
2597,316,Last Dance,11,171,False,48371054,1994-08-02
2598,316,Tornado,12,153,False,87510205,1994-08-02
2599,316,Hurricane,13,237,True,87299591,1994-08-02
2600,317,Move On,1,361,True,36871774,1981-07-13
2601,317,Demon,2,143,False,33419962,1981-07-13
2602,317,Autumn Wind,3,409,True,17172930,1981-07-13
2603,317,Defeat,4,199,False,93290744,1981-07-13
2604,317,Broken Dreams,5,139,True,80021211,1981-07-13
2605,317,Slow Motion,6,270,False,82886833,1981-07-13
2606,317,New Beginning,7,200,False,23141819,1981-07-13
2607,317,Autumn Wind,8,385,False,99585080,1981-07-13
2608,317,Spring Rain,9,306,True,21793431,1981-07-13
2609,317,Dancing in the Dark,10,374,False,41079324,1981-07-13
2610,317,Last Dance,11,311,False,83471826,1981-07-13
2611,317,Demon,12,134,True,44504189,1981-07-13
2612,317,Dancing in the Dark,13,360,True,98643431,1981-07-13
2613,318,Never Let Go,1,328,True,72407098,1995-11-21
2614,318,Lay Low,2,388,False,21229564,1995-11-21
2615,318,Concrete Jungle,3,127,False,29890245,1995-11-21
2616,318,Neon Dreams,4,334,True,15087493,1995-11-21
2617,318,Broken Dreams,5,357,False,72038305,1995-11-21
2618,318,Free Spirit,6,188,True,41799545,1995-11-21
2619,318,Broken Dreams,7,360,False,17206526,1995-11-21
2620,318,Demon,8,396,False,82357282,1995-11-21
2621,318,Concrete Jungle,9,364,False,76670472,1995-11-21
2622,318,Fast Lane,10,184,False,69086432,1995-11-21
2623,319,Heartbeat,1,193,False,88477659,2006-12-31
2624,319,City Lights,2,168,False,37889634,2006-12-31
2625,319,Urban Paradise,3,247,False,33644452,2006-12-31
2626,319,Spring Rain,4,274,False,95356389,2006-12-31
2627,319,Pure Love,5,386,False,17677427,2006-12-31
2628,319,Demon,6,336,False,88745007,2006-12-31
2629,319,Never Let Go,7,416,True,51677853,2006-12-31
2630,319,Fireflies,8,221,False,1922230,2006-12-31
2631,319,Never Let Go,9,137,False,21727864,2006-12-31
2632,319,First Kiss,10,285,True,76784181,2006-12-31
2633,320,Shattered Glass,1,367,False,25199145,2016-12-23
2634,320,Silence,2,327,False,28834825,2016-12-23
2635,321,Kind Mind,1,254,False,15813415,1992-10-05
2636,321,Thunder,2,383,False,45265544,1992-10-05
2637,321,Spring Rain,3,250,False,65411700,1992-10-05
2638,321,Echo,4,353,True,89659144,1992-10-05
2639,321,Hell,5,385,False,8471523,1992-10-05
2640,321,Fall Down,6,338,True,72923013,1992-10-05
2641,321,Heartbeat,7,168,False,61395676,1992-10-05
2642,321,Street Corner,8,181,False,16951598,1992-10-05
2643,322,Purgatory,1,277,False,58540955,1993-07-27
2644,322,Echo,2,162,False,53359344,1993-07-27
2645,322,Victory,3,219,False,91345145,1993-07-27
2646,322,Moment in Time,4,128,False,98436935,1993-07-27
2647,322,Rise Up,5,389,False,75548877,1993-07-27
2648,323,Battle,1,388,True,71559021,1964-12-19
2649,323,Fall Down,2,396,False,93106132,1964-12-19
2650,323,Battle,3,205,False,21307037,1964-12-19
2651,323,Concrete Jungle,4,204,False,96111431,1964-12-19
2652,323,Always There,5,396,False,27138304,1964-12-19
2653,323,Thunder,6,145,False,39795077,1964-12-19
2654,323,Move On,7,387,False,63960898,1964-12-19
2655,323,Pure Love,8,284,False,96844485,1964-12-19
