stream_id,user_id,song_id,streamed_at,duration_played,device_type
1,1,305,2025-12-07 20:05:02,194,smart_tv
2,1,1549,2024-04-19 18:07:47,271,smart_speaker
3,1,1507,2025-09-14 22:57:24,46,desktop
4,1,1910,2025-06-24 02:08:38,298,desktop
5,1,505,2023-09-28 14:39:12,224,tablet
6,1,547,2025-05-14 17:12:25,122,desktop
7,1,1529,2025-11-10 07:20:46,99,mobile
8,1,1634,2023-01-28 23:18:11,51,smart_speaker
9,1,2474,2023-05-13 23:23:44,187,smart_speaker
10,1,1072,2025-05-13 23:18:51,40,smart_speaker
11,1,1803,2023-01-05 07:00:53,119,mobile
12,1,1931,2023-01-02 19:47:42,293,web
13,1,1640,2025-01-24 19:37:22,43,tablet
14,1,699,2023-03-03 05:17:45,152,smart_tv
15,1,424,2023-03-27 03:37:02,271,tablet
16,1,239,2024-03-18 16:52:17,87,desktop
17,1,1740,2025-05-01 05:52:14,178,tablet
18,1,1814,2025-07-16 13:35:53,127,smart_tv
19,1,622,2025-10-03 19:32:31,263,tablet
20,1,1689,2023-05-10 07:19:07,115,mobile
21,1,1342,2023-04-15 15:52:16,76,mobile
22,1,2338,2023-01-01 18:46:56,56,web
23,1,1921,2023-03-21 05:16:44,84,smart_tv
24,1,2275,2024-07-16 12:50:12,44,web
25,1,724,2023-01-19 08:42:20,220,mobile
26,1,609,2024-06-24 14:57:40,200,tablet
27,1,2316,2025-01-05 15:25:24,50,web
28,1,2568,2023-12-23 17:43:52,390,web
29,1,2531,2023-09-30 19:46:53,38,mobile
30,1,49,2025-11-13 22:12:44,74,smart_speaker
31,1,1928,2024-07-20 04:35:23,349,smart_speaker
32,1,1939,2024-02-22 22:10:49,195,smart_tv
33,1,1368,2025-09-21 05:04:03,147,smart_speaker
34,1,1730,2024-05-14 02:36:02,334,web
35,1,1849,2024-04-25 09:00:28,95,desktop
36,2,620,2024-08-18 20:49:07,369,web
37,2,2522,2024-02-05 15:46:21,372,web
38,2,679,2023-03-29 05:39:35,174,mobile
39,2,1657,2024-03-17 12:14:43,58,tablet
40,2,866,2024-11-15 18:31:50,179,mobile
41,2,1501,2023-05-25 08:08:48,126,desktop
42,2,1879,2025-08-09 15:45:02,147,smart_tv
43,2,1736,2024-09-06 08:10:40,323,web
44,2,2491,2024-11-25 20:07:49,224,smart_speaker
45,2,472,2025-11-16 05:19:46,126,mobile
46,2,2172,2024-05-12 11:03:48,117,smart_tv
47,2,363,2024-12-12 04:12:38,107,smart_speaker
48,2,191,2024-07-18 03:57:44,296,tablet
49,2,2521,2024-08-30 08:59:43,294,smart_speaker
50,2,323,2024-03-03 05:57:10,169,smart_speaker
51,2,2508,2023-02-24 03:40:44,95,mobile
52,2,867,2024-06-08 03:31:35,287,smart_tv
53,2,701,2024-03-16 00:00:25,53,web
54,2,1457,2024-11-21 01:18:05,95,tablet
55,2,1355,2023-02-11 15:31:08,319,smart_speaker
56,2,2366,2025-05-16 13:49:22,141,desktop
57,2,749,2024-02-06 11:13:54,221,desktop
58,2,1300,2023-08-14 19:18:23,86,web
59,2,2422,2023-06-19 18:15:56,79,mobile
60,2,371,2025-12-10 04:02:08,44,web
61,2,2123,2024-07-31 19:06:26,234,web
62,2,291,2025-04-09 21:37:02,158,smart_tv
63,2,1738,2025-03-05 20:45:38,194,smart_speaker
64,2,911,2023-09-15 18:52:19,69,desktop
65,2,1463,2025-06-15 03:27:30,240,mobile
66,2,2049,2025-10-31 14:35:40,137,mobile
67,2,1860,2025-12-14 18:50:54,80,web
68,2,1127,2025-12-12 19:37:20,302,mobile
69,2,164,2023-08-31 15:25:59,105,web
70,2,1715,2024-02-16 04:37:40,69,tablet
71,2,2524,2025-02-08 11:37:00,199,desktop
72,2,36,2024-06-04 07:42:34,199,tablet
73,2,2240,2023-09-12 17:04:20,177,smart_speaker
74,2,1984,2025-05-01 09:11:22,56,web
75,2,2498,2023-08-07 21:22:05,46,tablet
76,2,1928,2025-11-27 03:24:09,160,smart_speaker
77,2,2212,2024-03-11 00:40:47,144,tablet
78,2,1584,2023-01-08 15:25:33,105,desktop
79,2,2392,2024-01-21 02:37:41,263,mobile
80,2,1974,2025-04-30 17:37:22,159,web
81,2,1944,2023-10-07 23:45:00,50,tablet
82,2,1761,2023-05-02 23:32:11,147,desktop
83,2,2045,2024-06-05 21:05:15,167,mobile
84,2,1112,2024-06-18 14:21:40,103,smart_speaker
85,2,742,2024-10-20 09:16:37,144,smart_tv
86,2,2539,2025-02-21 01:51:54,162,web
87,2,2535,2024-12-07 19:28:52,180,smart_speaker
88,2,2150,2024-12-17 04:13:37,150,tablet
89,2,1201,2024-03-09 01:41:49,198,smart_speaker
90,3,1852,2024-04-03 03:04:41,47,desktop
91,3,1138,2023-01-07 15:14:57,89,smart_speaker
92,3,558,2025-06-21 22:22:15,139,smart_tv
93,3,14,2025-12-09 19:53:05,114,smart_speaker
94,3,1782,2023-10-10 17:16:03,146,tablet
95,3,263,2025-12-20 18:17:36,178,desktop
96,3,1029,2024-08-08 10:59:20,93,smart_speaker
97,3,2470,2023-02-12 06:39:44,58,desktop
98,3,1142,2025-03-31 04:44:21,176,tablet
99,3,1961,2025-07-27 08:20:55,61,smart_tv
100,3,1432,2024-09-24 10:39:59,90,mobile
101,3,1476,2024-09-28 06:36:13,313,smart_tv
102,3,558,2025-12-31 13:39:46,97,web
103,3,984,2023-04-07 11:20:51,133,smart_tv
104,3,116,2025-10-17 23:20:34,244,tablet
105,3,2513,2024-01-27 23:17:25,162,mobile
106,3,1295,2023-12-27 12:01:56,82,smart_tv
107,3,144,2023-07-23 23:57:07,96,smart_tv
108,3,2604,2024-04-10 06:30:26,60,desktop
109,3,217,2023-11-28 03:55:11,255,web
110,3,722,2025-10-07 14:55:44,281,mobile
111,3,2200,2024-10-04 21:41:01,111,web
112,3,664,2024-03-17 14:18:34,182,smart_tv
113,3,1443,2024-10-11 21:57:25,78,mobile
114,3,431,2023-07-22 00:55:55,350,mobile
115,3,859,2025-04-24 11:06:49,37,smart_tv
116,3,2231,2023-10-16 22:52:58,315,smart_tv
117,3,2211,2023-03-15 18:24:32,80,smart_tv
118,3,318,2024-05-10 11:18:57,106,tablet
119,3,2551,2025-03-04 06:40:31,199,smart_speaker
120,3,1644,2024-08-08 04:43:43,89,tablet
121,3,1774,2024-05-21 14:01:05,120,tablet
122,3,328,2025-03-23 06:34:41,37,desktop
123,3,2575,2025-05-05 21:50:56,204,smart_speaker
124,3,721,2024-06-09 23:29:44,101,mobile
125,3,702,2025-10-26 13:56:40,297,web
126,3,2214,2024-08-15 05:07:31,140,smart_speaker
127,3,170,2024-05-06 01:01:04,243,smart_speaker
128,3,1117,2024-08-29 00:28:37,331,web
129,3,2482,2025-03-28 01:39:45,109,desktop
130,3,2199,2025-02-18 01:19:55,110,web
131,3,2182,2024-03-21 03:40:27,87,mobile
132,3,1345,2023-08-28 09:50:22,41,desktop
133,4,903,2025-11-13 19:37:19,72,smart_speaker
134,4,2214,2025-05-12 22:05:12,251,smart_tv
135,4,374,2023-09-18 08:05:48,137,web
136,4,653,2023-01-27 01:15:09,83,smart_tv
137,4,1564,2025-03-23 09:08:56,141,tablet
138,4,520,2024-11-18 10:06:58,267,web
139,4,1969,2025-04-26 20:17:40,129,desktop
140,4,1751,2025-04-21 07:30:41,203,desktop
141,4,1931,2023-08-12 17:38:47,300,smart_tv
142,4,1552,2023-02-15 03:26:40,154,desktop
143,4,26,2025-02-24 18:17:52,277,smart_tv
144,4,2299,2023-12-18 20:24:31,98,smart_tv
145,4,328,2023-01-12 06:25:02,134,desktop
146,4,2200,2023-12-20 11:54:07,58,tablet
147,4,2613,2025-09-10 18:57:41,207,web
148,4,1509,2025-01-16 04:19:23,154,tablet
149,4,1742,2023-09-27 11:57:43,128,web
150,4,529,2024-12-04 13:56:12,93,web
151,4,150,2023-03-28 21:23:44,95,tablet
152,4,873,2024-06-11 15:19:35,97,tablet
153,5,2393,2024-12-30 20:01:11,57,mobile
154,5,516,2024-12-19 03:07:43,86,web
155,5,2606,2025-11-05 13:21:40,62,desktop
156,5,2256,2024-06-18 23:49:27,259,mobile
157,5,1279,2023-09-11 13:10:15,130,tablet
158,5,172,2023-08-25 17:37:21,199,tablet
159,5,1384,2024-03-27 01:10:22,240,smart_speaker
160,5,2473,2025-12-23 23:14:05,144,smart_speaker
161,5,1843,2024-12-12 17:11:43,196,mobile
162,5,1201,2023-06-11 23:08:18,83,smart_tv
163,5,1953,2025-05-16 16:40:31,167,mobile
164,5,1474,2025-06-25 20:56:41,137,web
165,5,1170,2024-09-12 23:02:54,360,smart_tv
166,5,954,2025-03-30 15:58:22,130,tablet
167,5,1557,2025-08-03 14:48:24,32,tablet
168,5,1141,2025-03-10 20:50:09,201,tablet
169,5,1767,2025-02-14 21:15:26,88,desktop
170,5,768,2023-10-05 00:05:42,189,mobile
171,5,668,2024-03-16 06:47:35,199,tablet
172,5,2190,2024-12-23 17:35:19,383,smart_tv
173,5,119,2023-01-17 09:58:58,198,smart_tv
174,5,663,2024-01-07 12:13:47,203,smart_speaker
175,5,1073,2024-04-30 21:29:51,328,smart_speaker
176,5,1143,2023-09-06 00:33:04,137,tablet
177,5,131,2025-01-28 09:01:52,241,mobile
178,5,2606,2025-05-12 09:48:41,182,tablet
179,5,846,2023-04-02 21:31:44,73,desktop
180,5,194,2023-12-17 03:06:29,250,desktop
181,5,2359,2025-03-05 19:46:38,44,web
182,5,481,2024-01-10 21:12:22,288,smart_tv
183,5,374,2024-08-06 23:21:30,103,smart_speaker
184,5,917,2024-01-20 20:49:51,121,smart_tv
185,5,2252,2025-08-28 05:04:22,57,tablet
186,5,2246,2023-04-28 14:09:57,34,smart_speaker
187,5,70,2023-07-01 16:52:56,217,desktop
188,5,847,2024-12-10 23:28:24,173,desktop
189,5,1336,2024-09-19 03:02:01,147,mobile
190,5,530,2025-09-14 19:37:15,260,smart_tv
191,5,679,2025-03-05 13:52:11,265,mobile
192,5,1306,2024-08-14 19:39:03,123,smart_speaker
193,5,1768,2025-10-22 08:27:24,347,tablet
194,5,1896,2025-12-18 11:59:17,264,smart_speaker
195,5,1212,2024-07-03 01:41:28,283,tablet
196,5,2328,2024-06-17 05:38:57,108,smart_speaker
197,5,1520,2024-07-25 10:14:20,36,tablet
198,5,1328,2025-10-04 11:15:35,152,web
199,5,2578,2024-08-23 18:04:01,98,smart_speaker
200,5,2587,2023-05-09 21:40:32,256,mobile
201,5,1231,2025-03-09 09:17:54,216,tablet
202,5,305,2025-05-18 14:39:06,87,smart_speaker
203,5,1414,2023-09-07 06:08:47,206,tablet
204,5,537,2025-10-26 15:07:48,217,desktop
205,5,253,2024-12-04 21:56:51,372,smart_speaker
206,5,2643,2025-02-16 16:36:11,71,mobile
207,5,1616,2025-10-06 21:54:26,190,mobile
208,5,275,2025-08-06 00:04:55,352,web
209,5,758,2023-05-24 17:49:10,183,tablet
210,5,2013,2024-04-03 21:10:08,105,tablet
211,5,611,2023-04-04 06:32:12,56,mobile
212,5,556,2025-01-05 16:30:06,352,smart_tv
213,5,2552,2024-02-12 02:56:28,148,desktop
214,5,106,2025-03-07 17:57:27,310,desktop
215,5,1230,2023-03-30 01:18:50,78,web
216,5,1485,2025-11-27 07:36:59,153,desktop
217,5,376,2023-09-19 19:18:14,175,tablet
218,5,40,2025-12-26 21:03:25,74,smart_speaker
219,5,821,2024-11-09 02:11:52,149,tablet
220,5,2638,2023-02-04 06:09:28,324,tablet
221,5,370,2023-10-01 10:46:42,121,mobile
222,5,2260,2023-03-02 06:01:01,76,web
223,5,675,2024-07-03 06:29:20,152,smart_speaker
224,5,1299,2025-06-24 15:36:48,61,web
225,5,111,2024-03-14 13:23:45,91,smart_speaker
226,5,1036,2023-05-18 13:02:02,99,web
227,5,970,2023-08-28 00:26:19,196,tablet
228,5,1666,2023-01-13 16:16:01,52,smart_speaker
229,5,2435,2023-05-16 02:07:06,88,desktop
230,5,1240,2023-12-29 07:11:59,164,smart_speaker
231,5,1503,2025-01-04 18:24:08,65,desktop
232,5,878,2025-07-22 08:26:21,226,web
233,5,2554,2024-11-02 17:14:22,384,desktop
234,5,1892,2024-10-26 03:03:44,169,smart_tv
235,5,358,2023-10-16 09:08:30,282,desktop
236,5,1190,2023-07-19 11:55:29,89,mobile
237,5,618,2023-02-10 06:21:51,114,smart_speaker
238,5,354,2025-12-16 21:30:33,211,desktop
239,5,2059,2023-05-10 20:12:00,144,mobile
240,5,378,2024-03-26 11:57:07,181,tablet
241,5,2296,2023-02-23 09:23:58,113,smart_speaker
242,5,2154,2025-07-24 16:55:55,55,smart_speaker
243,5,2233,2025-09-28 13:05:06,165,web
244,5,288,2025-06-17 12:09:14,127,web
245,5,1689,2024-04-14 04:04:06,133,tablet
246,5,647,2023-10-20 10:41:20,44,smart_speaker
247,5,442,2025-11-16 06:50:57,48,smart_speaker
248,5,632,2023-04-19 21:39:10,201,desktop
249,5,788,2024-05-13 13:15:57,130,smart_speaker
250,5,848,2023-05-27 04:18:32,143,desktop
251,5,957,2024-10-31 14:15:58,250,web
252,5,1634,2025-01-29 17:19:59,43,tablet
253,6,284,2025-01-22 06:15:54,73,mobile
254,6,892,2025-12-09 02:12:28,310,smart_speaker
255,6,378,2025-08-18 14:54:06,59,smart_speaker
256,6,1963,2024-03-27 08:56:39,48,tablet
257,6,124,2023-06-24 00:12:13,91,web
258,6,844,2023-09-04 19:46:50,35,desktop
259,6,1116,2024-02-14 07:51:58,181,tablet
260,6,1761,2023-02-13 05:03:12,156,mobile
261,6,1049,2025-03-17 14:37:09,151,smart_tv
262,6,1413,2023-04-01 03:33:59,283,smart_tv
263,6,1421,2025-12-28 15:00:08,49,tablet
264,6,1882,2023-08-25 03:51:32,145,mobile
265,6,1546,2023-11-21 14:52:32,45,smart_tv
266,6,107,2023-11-01 05:40:37,157,web
267,6,2064,2023-04-30 08:24:17,77,web
268,6,225,2024-05-05 01:05:54,255,mobile
269,6,770,2025-06-09 15:19:59,186,smart_tv
270,6,843,2023-04-04 20:52:48,138,smart_tv
271,6,1891,2023-02-05 06:41:13,36,tablet
272,6,2433,2025-08-01 18:33:51,173,smart_tv
273,6,2447,2024-09-08 13:35:37,233,web
274,6,2477,2024-01-17 11:18:16,250,web
275,6,561,2024-01-20 23:20:48,85,web
276,6,1890,2023-04-03 01:34:02,37,smart_tv
277,6,443,2025-11-24 04:30:04,192,smart_speaker
278,6,37,2023-02-11 01:18:27,104,smart_tv
279,6,270,2024-03-02 04:26:40,197,mobile
280,6,2292,2024-10-15 18:39:22,131,desktop
281,6,748,2023-12-02 20:37:07,182,desktop
282,6,126,2024-09-23 01:00:34,202,smart_speaker
283,6,2011,2024-03-31 09:31:14,103,web
284,6,2219,2025-12-13 07:09:49,299,smart_speaker
285,6,790,2025-08-25 21:01:59,196,desktop
286,6,997,2024-12-28 04:47:23,201,smart_speaker
287,6,22,2025-06-16 12:49:12,282,desktop
288,6,583,2025-03-25 22:27:55,113,smart_speaker
289,6,580,2025-12-01 12:05:02,221,smart_speaker
290,6,1384,2024-03-02 04:25:20,212,tablet
291,6,462,2023-11-25 16:00:39,347,mobile
292,6,2360,2024-10-15 17:42:00,42,desktop
293,6,1274,2025-03-17 19:53:55,114,desktop
294,6,1755,2025-02-08 21:38:39,82,smart_speaker
295,6,2004,2023-10-31 14:58:51,131,smart_speaker
296,6,2601,2023-10-27 01:14:17,48,desktop
297,6,2179,2023-01-27 09:34:51,46,tablet
298,6,965,2024-09-30 18:26:36,95,smart_tv
299,6,1492,2025-03-17 01:19:00,109,smart_tv
300,6,1725,2024-02-29 19:42:05,294,smart_tv
301,6,1965,2024-02-17 19:50:20,55,smart_tv
302,6,946,2025-02-01 21:18:11,75,desktop
303,6,159,2024-09-13 21:11:16,88,mobile
304,6,1874,2024-06-01 04:01:16,118,desktop
305,6,2356,2024-11-18 00:49:59,276,smart_tv
306,6,153,2023-07-09 06:05:14,163,tablet
307,6,2103,2024-04-14 00:00:28,31,smart_speaker
308,6,424,2023-06-22 06:57:18,167,tablet
309,6,326,2024-07-28 13:48:26,142,desktop
310,6,2229,2023-06-25 03:14:44,391,tablet
311,6,878,2025-12-28 03:30:44,127,mobile
312,6,298,2024-10-05 05:41:54,98,smart_tv
313,6,485,2023-06-08 09:59:45,108,smart_tv
314,6,128,2023-11-04 23:02:39,222,mobile
315,6,366,2025-03-13 04:40:35,107,desktop
316,6,1638,2023-02-04 09:15:46,115,tablet
317,6,1392,2025-09-06 14:11:40,168,smart_tv
318,6,1437,2024-02-06 02:33:24,119,web
319,6,1632,2025-02-16 22:17:27,156,smart_tv
320,6,2075,2024-02-01 21:16:54,89,smart_tv
321,6,1852,2023-05-20 00:58:57,98,mobile
322,6,813,2024-03-26 14:30:41,169,web
323,6,1290,2024-03-12 05:20:50,116,smart_speaker
324,6,1451,2025-11-13 21:41:14,82,smart_tv
325,6,118,2023-01-14 18:34:29,89,mobile
326,6,354,2023-05-25 00:41:48,183,smart_tv
327,6,2636,2023-08-02 20:35:27,107,smart_tv
328,6,614,2023-12-09 14:34:08,222,smart_speaker
329,6,1932,2024-02-19 20:33:24,62,web
330,6,406,2025-10-09 06:38:27,257,web
331,6,851,2024-08-29 17:50:07,301,desktop
332,6,2192,2024-07-25 03:00:15,114,mobile
333,6,2380,2024-05-19 15:03:57,260,mobile
334,6,2399,2023-10-28 20:51:54,162,mobile
335,6,2477,2025-06-10 00:51:48,51,smart_tv
336,6,1478,2023-02-21 11:47:03,169,mobile
337,6,286,2023-10-21 13:31:55,240,web
338,6,1064,2023-01-30 22:05:03,91,tablet
339,6,2162,2025-09-03 03:07:56,158,smart_speaker
340,6,1115,2023-10-21 07:41:55,90,smart_tv
341,6,139,2023-01-25 05:27:03,245,desktop
342,6,1995,2025-06-05 02:31:06,199,web
343,6,2361,2024-06-05 00:01:19,93,tablet
344,6,743,2025-07-11 14:51:35,120,tablet
345,6,1168,2025-08-10 08:24:37,228,smart_tv
346,6,2360,2024-05-26 13:18:32,180,desktop
347,6,347,2025-12-18 06:49:51,273,web
348,6,1449,2024-11-06 22:34:11,46,smart_tv
349,6,1405,2023-09-19 20:13:32,286,mobile
350,6,50,2023-06-24 08:50:01,242,web
351,6,274,2025-10-04 04:38:57,87,desktop
352,7,1254,2024-12-17 01:43:58,178,web
353,7,1166,2025-12-18 22:25:49,111,smart_speaker
354,7,755,2023-12-30 20:54:35,110,web
355,7,482,2024-09-27 19:47:02,394,desktop
356,7,2257,2023-12-21 02:42:08,113,smart_tv
357,7,1141,2025-03-10 01:44:17,185,smart_tv
358,7,374,2025-12-02 23:40:55,53,mobile
359,7,371,2024-11-22 05:09:46,33,smart_tv
360,7,2279,2023-06-10 16:31:00,94,web
361,7,2552,2024-03-16 23:26:05,192,web
362,7,1384,2024-11-27 16:13:59,237,mobile
363,7,981,2023-03-05 14:52:47,99,smart_speaker
364,7,1236,2025-05-19 01:19:55,102,mobile
365,7,1182,2023-09-27 21:07:55,350,web
366,7,2610,2024-01-16 22:35:31,190,web
367,7,1437,2023-08-21 15:08:47,307,desktop
368,7,2622,2023-11-28 07:11:11,153,desktop
369,7,2191,2025-01-03 00:39:41,213,smart_tv
370,7,2015,2025-06-10 08:00:19,314,mobile
371,7,853,2023-03-16 23:55:38,65,smart_tv
372,7,1335,2024-08-10 18:10:32,100,web
373,7,1870,2025-01-03 18:36:00,79,mobile
374,7,1400,2025-03-15 03:29:07,316,desktop
375,7,266,2025-03-26 01:42:26,251,smart_tv
376,7,154,2025-11-14 18:53:09,143,smart_speaker
377,7,2436,2024-03-07 05:30:01,67,web
378,7,9,2025-01-27 12:35:00,177,mobile
379,7,476,2024-10-09 01:03:38,91,mobile
380,7,1232,2024-09-15 10:37:13,95,tablet
381,7,1564,2025-10-06 04:10:46,50,mobile
382,7,2387,2025-02-23 05:41:56,153,mobile
383,7,2362,2024-12-11 15:57:41,215,tablet
384,7,707,2024-04-14 02:23:37,155,desktop
385,7,2115,2025-04-29 03:28:26,202,web
386,7,757,2024-01-10 15:40:17,157,web
387,7,1978,2024-03-30 05:09:30,316,web
388,7,2030,2024-12-13 05:47:26,30,mobile
389,7,1921,2025-05-20 10:08:59,316,mobile
390,7,2591,2023-08-17 09:44:07,204,desktop
391,7,707,2024-06-03 08:53:11,54,desktop
392,7,355,2025-10-06 10:21:08,45,smart_speaker
393,7,670,2023-09-15 20:49:14,237,smart_tv
394,7,2342,2025-06-28 15:06:27,45,smart_speaker
395,7,1676,2025-10-31 08:28:18,133,smart_tv
396,8,608,2025-04-20 15:15:31,140,tablet
397,8,833,2025-05-03 07:54:10,85,smart_speaker
398,8,2649,2024-07-14 19:19:13,265,mobile
399,8,1679,2024-04-22 14:09:05,236,web
400,8,2170,2023-07-27 12:51:52,85,web
401,8,5,2023-01-22 13:10:51,126,web
402,8,1935,2023-01-15 22:53:35,242,web
403,8,2432,2023-02-02 21:27:37,87,mobile
404,8,1008,2025-01-27 04:15:57,296,mobile
405,8,2162,2025-09-08 00:32:07,292,web
406,8,1708,2025-12-31 06:07:19,127,smart_tv
407,8,2376,2023-12-16 05:00:39,114,mobile
408,9,144,2025-06-05 10:57:51,293,desktop
409,9,1119,2025-02-22 21:06:51,99,smart_speaker
410,9,634,2025-11-10 12:23:12,252,smart_tv
411,9,1248,2025-04-20 03:24:55,86,smart_tv
412,9,721,2025-08-14 10:36:48,239,tablet
413,9,243,2025-01-07 12:46:51,176,web
414,9,1102,2024-06-12 15:49:06,232,tablet
415,9,1809,2023-07-26 23:14:12,139,smart_tv
416,9,1619,2024-07-13 22:34:23,100,mobile
417,9,2450,2025-03-02 23:53:05,112,smart_speaker
418,9,422,2024-11-24 23:59:37,180,tablet
419,9,2042,2025-01-10 10:01:06,325,tablet
420,9,15,2023-03-04 16:39:42,129,tablet
421,9,1368,2023-07-25 15:22:05,106,mobile
422,9,762,2024-11-10 13:48:50,121,smart_tv
423,9,2505,2023-12-17 17:14:40,44,desktop
424,9,513,2024-08-27 04:44:05,95,tablet
425,9,704,2024-07-30 15:58:22,256,desktop
426,9,990,2023-01-16 16:53:40,186,web
427,9,136,2024-12-17 19:58:18,96,mobile
428,9,1561,2023-12-19 18:54:45,115,mobile
429,9,1773,2025-03-10 22:22:17,205,desktop
430,9,2652,2023-08-19 15:56:30,169,smart_tv
431,9,1638,2025-01-13 12:49:57,124,mobile
432,9,513,2024-06-16 04:58:46,81,smart_tv
433,9,2593,2025-06-11 20:27:08,181,mobile
434,9,254,2024-07-10 09:12:24,137,smart_tv
435,9,1672,2025-07-21 19:29:05,83,desktop
436,9,558,2025-02-04 04:13:35,252,desktop
437,9,890,2024-02-05 14:09:50,46,desktop
438,9,2183,2024-07-05 09:35:04,234,desktop
439,9,2129,2023-12-25 15:44:57,149,desktop
440,9,898,2025-02-11 12:24:23,116,desktop
441,9,763,2024-06-07 12:57:49,126,smart_speaker
442,9,852,2023-06-08 11:06:02,48,desktop
443,9,940,2025-01-02 12:06:08,208,web
444,9,218,2023-01-11 17:27:36,99,web
445,9,2393,2024-04-29 23:26:19,48,web
446,9,851,2024-01-25 21:20:08,47,desktop
447,9,1826,2023-01-18 07:20:59,98,desktop
448,9,783,2023-12-29 07:07:48,80,web
449,9,508,2025-09-09 04:12:08,305,smart_speaker
450,9,863,2025-04-08 13:40:02,101,tablet
451,9,1633,2025-09-12 20:14:56,226,mobile
452,9,524,2024-07-13 07:32:19,195,smart_tv
453,9,2243,2025-08-30 08:37:04,36,tablet
454,9,1904,2023-12-07 09:24:18,142,mobile
455,9,2427,2025-03-24 15:22:00,235,web
456,9,2629,2025-08-30 22:08:12,220,web
457,9,466,2025-01-11 19:10:48,137,smart_speaker
458,9,1580,2025-04-19 09:50:54,34,web
459,9,2572,2024-08-22 21:11:05,181,tablet
460,9,1461,2024-04-22 03:52:25,184,web
461,9,591,2023-05-29 21:53:08,218,smart_tv
462,9,2210,2023-12-12 13:49:49,148,smart_speaker
463,9,645,2024-11-06 20:49:01,104,mobile
464,9,1324,2023-11-17 09:52:43,212,desktop
465,9,2578,2024-11-30 12:28:59,131,web
466,9,2468,2024-10-27 22:13:04,297,smart_speaker
467,9,1486,2025-08-16 01:44:47,134,tablet
468,9,544,2025-03-28 09:09:08,139,web
469,9,2344,2023-03-01 01:20:40,86,smart_speaker
470,9,1872,2025-08-11 05:00:24,340,smart_tv
471,9,2122,2023-12-05 04:10:39,116,desktop
472,9,329,2025-12-13 03:17:40,125,mobile
473,9,975,2023-09-14 06:55:55,78,smart_speaker
474,9,2089,2024-08-04 04:36:42,137,tablet
475,9,1487,2023-05-06 08:36:32,45,desktop
476,9,1359,2023-01-19 03:35:10,131,smart_tv
477,9,1780,2025-10-05 17:32:18,298,smart_tv
478,9,2613,2025-11-08 12:12:47,48,smart_tv
479,9,2647,2024-12-12 01:52:58,144,tablet
480,9,2025,2024-10-10 15:26:02,271,mobile
481,10,2328,2025-06-15 08:20:41,116,smart_speaker
482,10,1756,2024-01-19 02:24:13,102,smart_speaker
483,10,2391,2024-07-10 17:11:02,345,mobile
484,10,4,2023-12-26 00:26:27,300,tablet
485,10,759,2024-04-27 05:16:46,67,smart_tv
486,10,1562,2023-09-20 08:54:41,108,mobile
487,10,1333,2024-07-01 13:01:17,174,smart_tv
488,10,992,2025-11-17 16:33:40,143,tablet
489,10,844,2025-06-08 18:04:36,136,desktop
490,10,2444,2025-07-26 20:13:02,95,smart_speaker
491,10,1380,2025-07-15 14:10:45,66,mobile
492,10,824,2025-05-14 05:32:23,174,tablet
493,10,1313,2024-03-20 06:43:37,242,tablet
494,10,1784,2025-10-26 04:37:46,197,tablet
495,10,813,2023-04-26 17:03:17,270,mobile
496,10,2104,2025-02-01 02:54:18,85,mobile
497,10,220,2023-08-21 10:07:36,219,mobile
498,10,65,2025-10-25 16:06:19,104,web
499,10,1916,2023-11-13 22:33:44,78,web
500,10,1541,2023-12-11 00:09:17,117,web
501,10,688,2024-06-29 03:23:43,229,web
502,10,1890,2023-11-15 06:46:09,214,web
503,10,762,2023-09-22 02:30:04,134,tablet
504,10,2069,2024-12-03 04:26:10,167,smart_speaker
505,10,876,2025-07-18 13:34:41,63,smart_tv
506,10,1604,2023-01-08 21:42:33,234,mobile
507,10,2377,2023-07-12 09:10:42,47,smart_speaker
508,10,43,2024-04-14 16:56:08,310,smart_speaker
509,10,1765,2024-09-07 16:16:05,41,web
510,10,1812,2023-11-19 22:03:22,108,smart_tv
511,10,1268,2024-04-17 13:39:04,223,smart_tv
512,10,2285,2025-06-06 01:09:28,131,web
513,10,1922,2025-03-09 14:57:50,212,smart_speaker
514,10,1488,2025-09-05 19:51:54,173,mobile
515,10,1984,2024-10-31 03:21:20,44,smart_speaker
516,10,96,2025-07-20 05:51:57,131,smart_tv
517,10,397,2024-10-06 10:07:09,104,web
518,10,1499,2025-09-18 21:01:41,57,mobile
519,10,1170,2024-06-27 19:32:12,414,smart_tv
520,10,1012,2024-02-27 09:10:21,244,smart_tv
521,10,2354,2024-04-11 06:17:36,160,smart_tv
522,10,875,2025-12-05 19:20:06,275,desktop
523,10,2211,2024-11-15 06:16:57,100,mobile
524,10,1334,2023-07-23 03:22:56,94,smart_speaker
525,10,123,2025-10-21 00:02:42,199,smart_tv
526,10,1789,2024-06-19 13:58:35,52,smart_speaker
527,10,784,2024-11-18 09:40:20,307,tablet
528,10,1841,2024-11-18 11:11:05,76,smart_speaker
529,11,2211,2025-02-19 12:56:57,60,smart_tv
530,11,1121,2024-01-17 09:20:07,165,tablet
531,11,178,2025-07-30 17:53:56,239,smart_tv
532,11,2082,2024-05-10 09:52:39,188,desktop
533,11,2062,2023-03-05 00:48:45,131,desktop
534,11,1325,2023-03-31 17:22:06,106,desktop
535,11,185,2025-03-05 14:15:03,176,web
536,11,2424,2025-11-11 13:43:54,79,tablet
537,11,1611,2025-08-02 21:34:19,72,tablet
538,11,911,2024-04-08 04:35:35,148,tablet
539,11,1029,2025-03-31 19:47:45,133,smart_speaker
540,11,1352,2023-10-02 15:44:05,58,desktop
541,11,419,2025-12-01 17:01:27,212,smart_tv
542,11,132,2024-01-01 06:26:59,159,smart_tv
543,11,261,2023-01-08 22:28:43,163,smart_speaker
544,11,185,2023-11-22 13:35:42,114,tablet
545,11,1719,2025-08-24 02:01:46,104,smart_tv
546,11,1750,2023-01-02 01:47:27,145,tablet
547,11,2407,2023-04-02 00:42:01,84,smart_tv
548,11,1649,2024-02-08 04:59:14,255,tablet
549,11,1883,2024-10-30 11:13:01,218,smart_speaker
550,11,502,2025-10-17 17:28:22,50,smart_tv
551,11,333,2023-10-17 08:22:35,75,mobile
552,11,1385,2023-03-10 18:52:04,90,web
553,11,2354,2025-11-23 05:50:30,237,web
554,11,1283,2024-06-29 11:44:24,134,web
555,11,2060,2025-12-26 09:04:53,47,web
556,11,2307,2025-09-19 09:19:39,52,mobile
557,11,1240,2023-07-10 11:43:28,190,smart_speaker
558,11,2467,2023-12-11 06:15:11,140,desktop
559,11,1528,2023-07-23 12:51:34,169,smart_tv
560,11,1643,2023-01-02 23:19:44,81,desktop
561,11,2112,2024-05-02 11:08:17,110,web
562,11,2,2023-02-10 06:04:22,115,smart_speaker
563,11,1388,2025-01-18 15:17:32,79,smart_speaker
564,11,48,2023-06-14 13:16:57,37,mobile
565,11,756,2024-04-02 04:25:23,133,tablet
566,11,1908,2023-05-28 01:48:37,307,mobile
567,11,1536,2025-05-18 06:39:57,44,smart_tv
568,11,372,2025-07-17 13:15:58,105,smart_speaker
569,11,2328,2025-06-17 12:15:18,44,desktop
570,11,1644,2025-08-29 15:17:52,125,mobile
571,11,1460,2024-06-06 00:35:20,91,smart_speaker
572,11,389,2025-11-09 16:07:14,143,smart_speaker
573,11,1687,2025-04-06 19:53:48,142,mobile
574,11,2055,2024-11-03 19:07:09,131,web
575,11,2018,2023-04-30 07:25:12,153,mobile
576,11,2197,2023-01-18 19:33:46,194,tablet
577,11,2500,2023-08-18 07:02:38,182,desktop
578,11,668,2025-05-17 14:22:31,217,mobile
579,11,2009,2025-12-26 12:15:34,55,smart_speaker
580,11,1731,2023-05-11 01:39:24,69,smart_speaker
581,11,902,2023-11-19 09:29:31,65,mobile
582,11,798,2024-03-10 02:35:47,325,tablet
583,11,669,2023-07-29 08:33:27,40,smart_speaker
584,11,1087,2023-03-06 05:35:11,56,desktop
585,11,1958,2025-11-16 11:24:04,67,smart_tv
586,11,2032,2024-07-18 05:39:12,163,smart_speaker
587,11,1429,2024-08-21 15:08:42,49,web
588,11,1839,2024-01-31 22:51:42,306,mobile
589,11,1592,2024-09-12 11:42:01,57,mobile
590,11,743,2024-10-05 22:11:59,231,web
591,11,538,2023-02-20 23:48:14,196,desktop
592,11,244,2024-08-26 05:58:49,333,tablet
593,11,301,2024-10-28 22:26:31,192,smart_tv
594,11,383,2023-09-19 00:10:39,58,mobile
595,11,2271,2024-11-01 12:01:17,54,web
596,11,260,2025-04-22 00:48:21,50,mobile
597,11,540,2025-11-03 23:21:24,211,web
598,11,943,2025-11-21 15:21:21,143,desktop
599,11,243,2023-10-10 21:32:22,196,tablet
600,11,2391,2025-02-28 02:26:10,283,smart_speaker
601,11,556,2023-04-03 12:50:30,249,desktop
602,11,906,2023-06-28 16:20:05,102,web
603,11,1397,2025-07-21 02:50:52,140,smart_speaker
604,11,2069,2025-12-25 03:25:10,339,mobile
605,11,83,2025-06-24 03:45:03,228,web
606,12,2338,2024-09-20 11:08:24,310,mobile
607,12,1181,2024-07-12 04:03:19,37,tablet
608,12,669,2023-05-19 08:09:50,46,desktop
609,12,201,2023-12-04 08:01:35,232,smart_tv
610,12,25,2025-03-17 00:45:18,92,smart_tv
611,12,1123,2023-06-10 08:16:08,315,mobile
612,12,1037,2024-02-01 07:08:40,238,mobile
613,12,2217,2025-12-25 16:40:08,49,web
614,12,2504,2025-02-15 01:03:53,82,tablet
615,12,157,2025-05-07 04:59:58,150,tablet
616,12,1741,2025-05-26 00:34:22,196,tablet
617,12,1149,2025-05-29 07:28:04,120,mobile
618,12,1655,2023-01-18 22:47:48,105,web
619,12,1362,2025-02-18 01:21:33,34,smart_tv
620,12,540,2025-12-11 11:13:05,146,tablet
621,12,1395,2024-09-10 20:29:15,251,smart_speaker
622,12,2284,2023-12-09 10:32:45,188,web
623,12,2238,2024-06-25 04:49:01,103,web
624,12,167,2025-01-26 16:50:08,96,desktop
625,12,2492,2024-03-01 22:09:24,70,tablet
626,12,587,2025-10-30 06:47:51,346,web
627,12,66,2024-03-27 01:15:06,109,tablet
628,12,1861,2025-10-07 13:58:49,143,smart_tv
629,13,1296,2023-10-23 23:38:39,202,web
630,13,2186,2024-03-22 20:32:49,262,smart_tv
631,13,1600,2025-07-28 13:18:46,73,smart_speaker
632,13,1415,2023-10-31 07:29:18,41,mobile
633,13,1601,2024-03-19 19:20:07,156,desktop
634,13,2149,2025-09-05 16:39:08,235,mobile
635,13,1923,2024-03-31 22:12:59,222,smart_speaker
636,13,1312,2025-06-23 19:19:16,37,desktop
637,13,1587,2023-07-21 03:15:36,185,smart_tv
638,13,1590,2023-05-12 17:39:39,60,smart_tv
639,13,1585,2023-08-01 23:39:54,226,web
640,13,2213,2024-09-11 20:27:01,141,mobile
641,13,777,2024-04-24 03:31:59,182,smart_speaker
642,13,523,2024-02-24 12:52:35,132,smart_speaker
643,13,2436,2025-09-07 17:33:40,375,smart_tv
644,13,1979,2025-10-07 11:09:51,53,mobile
645,13,1622,2024-07-28 02:51:26,223,desktop
646,13,2039,2025-02-01 20:28:11,240,web
647,13,1210,2023-03-11 14:27:34,110,mobile
648,13,1491,2025-02-11 10:27:49,63,desktop
649,13,356,2023-08-18 03:51:24,195,desktop
650,13,1121,2023-10-06 13:12:52,133,tablet
651,13,621,2024-06-14 14:41:35,229,mobile
652,13,3,2025-03-20 08:14:47,194,web
653,13,2141,2025-08-20 01:13:16,109,smart_speaker
654,13,1600,2023-04-08 02:52:18,261,desktop
655,13,443,2024-07-16 07:03:11,58,tablet
656,13,616,2023-01-13 19:45:26,214,web
657,13,933,2024-05-28 08:21:55,80,mobile
658,13,772,2023-07-04 21:38:56,293,tablet
659,13,1522,2024-10-04 16:11:09,34,tablet
660,13,2510,2025-08-26 20:20:13,147,tablet
661,14,612,2024-01-12 05:53:07,68,desktop
662,14,507,2023-01-11 07:08:15,107,mobile
663,14,602,2025-06-17 21:43:07,99,tablet
664,14,927,2023-06-19 07:55:15,171,web
665,14,2625,2023-04-27 16:06:40,101,mobile
666,14,2205,2025-01-24 03:54:49,161,desktop
667,14,1087,2025-12-15 03:03:17,130,web
668,14,2602,2024-12-24 05:56:31,276,smart_speaker
669,14,2229,2023-08-23 18:33:02,382,tablet
670,14,185,2023-08-19 19:44:36,54,mobile
671,14,1750,2025-04-04 17:31:25,48,desktop
672,14,380,2023-12-04 02:44:50,155,smart_speaker
673,14,2318,2025-11-24 14:30:40,260,web
674,14,2118,2023-05-06 12:49:42,287,mobile
675,14,64,2023-03-08 05:32:07,128,desktop
676,14,1273,2023-09-10 15:05:38,134,tablet
677,14,1898,2025-03-17 17:35:20,252,desktop
678,14,1362,2024-07-15 18:14:28,94,smart_tv
679,14,1850,2024-03-14 10:41:54,207,desktop
680,14,1709,2023-11-28 04:55:50,183,smart_speaker
681,14,2141,2025-04-08 06:37:56,66,desktop
682,14,2024,2025-08-31 04:21:19,106,tablet
683,14,1274,2024-04-03 22:20:27,125,desktop
684,14,2619,2024-05-15 02:24:42,133,tablet
685,14,479,2023-04-16 00:37:30,149,smart_speaker
686,14,2282,2023-10-17 19:41:33,313,mobile
687,14,1357,2023-03-13 13:19:59,61,tablet
688,14,1378,2024-07-21 19:41:56,88,smart_speaker
689,14,2160,2023-10-18 00:13:46,291,smart_tv
690,14,651,2023-01-12 01:16:45,97,smart_tv
691,14,1625,2025-01-04 11:49:30,252,smart_tv
692,14,1552,2023-03-10 18:09:42,302,desktop
693,14,2214,2025-04-28 03:40:57,156,tablet
694,14,1315,2025-12-17 15:49:22,286,smart_tv
695,14,324,2025-10-30 05:42:45,96,mobile
696,14,2564,2025-01-04 05:13:23,190,desktop
697,14,296,2025-11-28 13:54:13,137,desktop
698,14,1598,2025-05-12 20:30:10,122,smart_speaker
699,14,777,2023-06-09 13:47:21,125,web
700,14,559,2024-09-07 08:53:16,62,mobile
701,14,142,2025-01-16 20:12:23,105,web
702,14,337,2024-02-04 02:50:34,131,tablet
703,14,901,2023-01-06 21:24:00,111,mobile
704,14,63,2024-08-25 06:07:13,50,tablet
705,14,1173,2024-07-06 04:57:24,66,smart_speaker
706,14,2448,2024-08-16 08:10:24,186,tablet
707,14,1890,2024-04-29 12:02:46,99,desktop
708,14,875,2023-04-18 09:15:40,182,smart_speaker
709,14,1962,2023-05-31 04:39:58,92,web
710,14,1485,2023-12-19 07:01:57,146,desktop
711,14,1134,2025-06-20 23:23:45,145,desktop
712,14,2549,2024-11-02 07:11:57,245,smart_speaker
713,14,1915,2023-02-14 06:11:59,53,mobile
714,14,188,2023-11-17 01:03:01,192,tablet
715,14,927,2024-04-02 11:29:16,184,smart_speaker
716,14,2457,2025-02-10 00:41:18,123,web
717,14,2224,2025-12-24 23:46:05,121,smart_speaker
718,14,1694,2025-08-31 20:29:05,47,web
719,14,2174,2025-03-24 05:13:51,159,mobile
720,14,1951,2025-03-05 22:52:39,236,mobile
721,14,536,2023-06-29 14:00:55,217,smart_speaker
722,14,2420,2023-08-27 08:53:45,157,smart_speaker
723,14,1046,2023-12-04 15:24:34,146,smart_tv
724,14,900,2025-03-10 23:26:19,62,smart_tv
725,14,1182,2025-06-25 05:39:56,53,desktop
726,14,879,2023-07-02 13:38:45,112,desktop
727,14,763,2023-12-22 21:54:21,141,smart_speaker
728,14,1317,2024-02-15 04:04:29,172,mobile
729,14,1799,2023-01-22 09:45:30,178,smart_tv
730,14,847,2025-12-01 07:04:21,90,tablet
731,14,2152,2023-12-06 04:25:41,234,smart_tv
732,14,2276,2024-12-20 17:57:31,188,smart_tv
733,14,1932,2025-02-10 01:59:51,95,mobile
734,14,1881,2023-01-28 23:02:37,58,smart_tv
735,14,1577,2024-09-30 16:02:28,210,smart_tv
736,14,52,2023-01-06 19:07:57,260,smart_tv
737,14,571,2023-09-09 17:49:11,311,desktop
738,14,493,2023-10-09 03:37:28,231,web
739,14,2642,2025-04-16 22:39:18,62,mobile
740,14,2380,2023-11-27 03:34:03,287,smart_tv
741,14,2201,2023-09-14 08:52:39,276,smart_speaker
742,14,1072,2024-11-15 01:57:28,98,smart_tv
743,14,1071,2023-12-01 18:11:18,106,desktop
744,14,810,2023-01-18 05:35:32,106,web
745,14,1476,2025-09-27 04:21:18,330,smart_tv
746,14,2335,2023-09-16 00:38:50,39,smart_tv
747,14,1643,2025-10-22 11:32:16,233,mobile
748,14,1119,2025-04-23 15:30:42,120,desktop
749,14,388,2023-10-10 06:24:28,133,tablet
750,14,1084,2023-11-16 08:43:33,117,smart_speaker
751,14,1136,2025-06-17 07:46:04,101,mobile
752,14,461,2025-03-20 02:52:20,188,smart_tv
753,14,1440,2023-06-02 08:36:45,69,tablet
754,14,743,2023-07-03 20:28:18,37,smart_tv
755,15,1916,2025-05-15 18:46:42,117,mobile
756,15,1941,2023-01-30 11:31:00,187,smart_speaker
757,15,924,2024-08-07 12:10:01,159,web
758,15,2167,2023-05-28 08:10:12,72,web
759,15,1683,2024-06-09 03:26:19,326,tablet
760,15,1481,2025-05-08 06:07:43,220,smart_speaker
761,15,1057,2023-09-17 07:13:31,39,smart_speaker
762,15,1011,2025-02-15 03:57:12,176,desktop
763,15,428,2023-11-21 00:11:39,82,desktop
764,15,1614,2024-06-06 15:54:36,325,smart_tv
765,15,727,2025-01-29 10:03:52,132,smart_tv
766,15,1752,2025-03-18 06:34:50,282,smart_tv
767,15,2000,2024-07-22 17:28:01,320,desktop
768,15,1479,2025-05-18 09:00:30,138,mobile
769,15,855,2024-04-24 09:22:57,52,smart_tv
770,15,1053,2025-07-14 06:08:52,67,smart_speaker
771,15,1418,2023-12-08 20:23:14,314,mobile
772,15,2244,2025-10-10 09:38:25,308,tablet
773,15,734,2024-11-02 15:17:20,281,desktop
774,15,787,2023-11-08 10:35:07,36,web
775,15,2008,2024-09-22 18:21:16,88,tablet
776,15,113,2023-02-21 12:12:55,54,mobile
777,15,336,2023-12-14 21:13:52,342,mobile
778,15,1370,2024-04-23 09:08:34,299,mobile
779,15,1261,2024-03-15 17:11:56,123,web
780,15,815,2024-10-03 02:30:07,158,smart_tv
781,15,2534,2023-08-31 18:41:04,68,tablet
782,15,2397,2025-07-26 19:53:54,33,mobile
783,15,11,2025-03-25 21:33:13,231,mobile
784,15,1575,2024-01-24 12:00:15,241,smart_tv
785,15,2481,2023-01-29 19:31:33,189,web
786,15,2470,2025-06-05 12:44:45,52,tablet
787,15,1972,2023-12-15 05:43:42,165,web
788,15,110,2024-08-15 12:22:50,146,smart_speaker
789,15,2345,2024-08-14 16:36:38,266,web
790,15,947,2024-08-24 08:18:05,145,desktop
791,15,150,2025-06-26 06:20:26,130,mobile
792,15,185,2023-10-09 12:34:26,79,smart_tv
793,15,743,2024-11-02 15:07:00,108,desktop
794,15,711,2023-03-30 18:08:29,216,smart_speaker
795,16,2325,2025-05-29 02:25:53,142,desktop
796,16,1094,2024-07-18 00:18:25,188,smart_tv
797,16,425,2025-10-29 09:04:44,195,tablet
798,16,1483,2025-11-25 11:42:06,257,smart_speaker
799,16,801,2023-09-01 19:44:10,155,smart_tv
800,16,30,2023-07-04 03:40:39,89,web
801,16,1375,2024-04-23 20:33:33,79,smart_tv
802,16,2045,2023-11-16 09:23:44,190,desktop
803,16,1695,2023-01-08 03:35:17,247,smart_speaker
804,16,1394,2024-09-23 03:59:44,160,smart_speaker
805,16,2196,2025-09-22 12:39:18,205,smart_speaker
806,16,1721,2023-04-08 14:42:55,47,smart_speaker
807,16,1406,2025-11-12 07:46:26,272,desktop
808,16,1421,2025-02-17 04:56:10,78,smart_tv
809,16,2422,2024-03-31 16:37:10,138,web
810,16,797,2024-09-30 00:49:37,170,tablet
811,16,2033,2023-03-21 07:40:04,116,smart_tv
812,16,823,2023-08-22 14:35:57,92,smart_tv
813,16,2019,2025-10-18 22:32:03,247,tablet
814,16,2436,2024-09-03 14:30:05,165,web
815,16,1372,2025-03-16 01:29:03,257,web
816,16,1587,2024-08-21 02:14:44,188,tablet
817,16,2390,2025-09-10 08:26:39,165,smart_tv
818,16,321,2024-06-25 22:50:02,211,web
819,16,978,2024-03-03 07:35:06,256,tablet
820,16,1310,2025-10-03 06:46:59,39,web
821,16,2616,2023-07-21 11:52:52,159,mobile
822,16,1494,2024-01-10 21:42:55,143,smart_tv
823,16,695,2025-07-21 20:51:04,361,mobile
824,16,2291,2024-02-28 22:12:47,203,web
825,16,2148,2025-08-07 09:00:12,233,tablet
826,16,930,2025-09-23 19:40:02,162,tablet
827,16,111,2024-01-04 04:52:19,86,tablet
828,16,1146,2025-05-10 13:20:09,251,mobile
829,16,1975,2025-03-26 12:33:49,30,tablet
830,16,941,2025-04-06 13:58:02,85,desktop
831,16,2186,2024-07-31 16:26:51,236,smart_speaker
832,16,773,2023-10-17 18:19:50,91,desktop
833,16,1668,2025-07-22 08:46:31,127,tablet
834,16,2150,2023-03-08 15:24:16,208,tablet
835,16,120,2025-01-07 10:47:28,143,smart_tv
836,16,857,2023-03-28 00:03:58,100,mobile
837,16,1441,2023-01-03 00:45:50,214,smart_tv
838,16,895,2023-10-02 11:01:47,391,tablet
839,16,121,2024-05-03 03:11:49,43,mobile
840,16,579,2024-09-25 04:51:03,214,smart_speaker
841,16,944,2025-04-07 22:18:06,87,web
842,16,2382,2024-11-01 21:42:01,82,desktop
843,16,1194,2024-09-04 22:34:05,269,tablet
844,16,2654,2024-10-25 09:14:58,166,web
845,16,1615,2024-11-01 21:47:17,39,desktop
846,16,895,2023-08-01 00:44:14,278,desktop
847,16,2337,2025-08-20 02:20:18,151,tablet
848,16,457,2024-06-05 10:50:46,334,desktop
849,16,220,2025-06-13 02:39:29,102,mobile
850,16,219,2023-05-18 22:15:15,40,desktop
851,16,2574,2025-01-29 23:55:46,85,mobile
852,16,1979,2025-04-08 11:36:28,86,web
853,16,2443,2024-05-24 08:55:14,88,smart_tv
854,17,2121,2024-02-12 13:53:34,333,smart_tv
855,17,1949,2025-05-28 21:51:43,150,desktop
856,17,2124,2023-11-01 23:03:09,150,mobile
857,17,1750,2023-05-16 10:52:02,63,tablet
858,17,881,2024-05-14 07:51:22,258,web
859,17,1521,2024-02-23 19:06:16,120,smart_tv
860,17,2164,2025-07-05 14:21:51,83,tablet
861,17,94,2024-06-18 06:57:02,201,web
862,17,752,2024-09-28 17:58:12,38,desktop
863,17,1915,2023-02-15 00:56:57,215,smart_tv
864,17,2163,2024-12-31 16:42:32,115,smart_tv
865,17,1927,2023-04-04 22:12:28,153,mobile
866,17,2608,2025-12-22 18:54:55,91,desktop
867,17,2457,2023-10-11 05:52:56,91,web
868,17,1635,2023-05-28 08:22:10,141,smart_speaker
869,17,450,2023-07-17 20:55:16,126,smart_tv
870,17,1892,2024-01-29 21:09:49,123,smart_speaker
871,17,2641,2025-07-02 19:32:17,163,tablet
872,17,420,2025-12-23 05:31:07,83,desktop
873,17,2041,2024-09-30 19:36:48,286,smart_tv
874,17,37,2024-06-03 13:48:01,118,smart_speaker
875,17,48,2025-01-30 01:38:11,178,mobile
876,17,184,2025-09-02 12:21:45,237,web
877,17,1489,2023-07-05 00:34:36,45,smart_tv
878,17,1095,2023-03-05 10:13:21,283,mobile
879,17,1864,2025-03-30 18:27:57,134,smart_speaker
880,17,2644,2024-04-13 04:39:36,142,smart_speaker
881,17,1102,2025-03-06 19:34:02,130,mobile
882,17,934,2024-01-31 01:11:07,294,tablet
883,17,1895,2023-11-27 23:42:12,251,tablet
884,17,1167,2025-12-08 00:47:23,116,mobile
885,17,1193,2024-02-12 12:00:12,96,smart_tv
886,17,757,2025-03-09 14:01:15,44,smart_speaker
887,17,41,2023-10-21 19:43:58,60,smart_tv
888,17,2270,2025-02-25 02:54:51,92,web
889,17,1598,2024-02-03 04:37:53,92,web
890,17,339,2024-10-26 21:50:26,282,web
891,17,2127,2024-05-20 20:04:08,349,smart_speaker
892,17,1094,2024-02-10 14:13:54,98,mobile
893,17,2257,2025-05-22 23:41:39,367,smart_speaker
894,17,1293,2025-07-01 20:11:52,57,mobile
895,17,819,2023-10-17 05:40:46,350,mobile
896,17,1889,2025-08-30 23:23:53,125,smart_tv
897,17,21,2024-06-15 17:02:50,69,smart_tv
898,17,2537,2025-08-28 21:29:03,57,mobile
899,17,1482,2023-09-04 22:13:18,135,web
900,17,155,2023-07-22 11:00:07,340,smart_speaker
901,17,2550,2024-09-16 19:18:21,127,desktop
902,18,88,2025-07-21 16:25:48,240,desktop
903,18,1008,2024-07-10 11:16:37,234,tablet
904,18,1085,2023-01-05 23:56:24,155,mobile
905,18,1803,2025-07-16 18:48:00,112,smart_speaker
906,18,481,2024-07-02 16:58:50,170,mobile
907,18,738,2025-11-26 09:49:07,89,desktop
908,18,670,2023-02-10 00:15:13,90,desktop
909,18,2573,2025-08-04 10:46:59,75,desktop
910,18,383,2025-05-17 11:38:14,113,mobile
911,18,91,2024-03-29 22:14:14,62,desktop
912,18,322,2025-10-28 22:56:43,302,desktop
913,18,160,2025-12-12 07:59:07,226,smart_speaker
914,18,518,2023-03-28 03:56:28,107,smart_speaker
915,18,510,2025-12-12 17:19:17,46,smart_speaker
916,18,973,2023-03-28 20:41:23,118,tablet
917,18,2174,2024-03-23 05:07:47,211,smart_tv
918,18,891,2025-03-12 21:31:42,213,smart_tv
919,18,1989,2025-07-21 01:44:06,144,desktop
920,18,2404,2025-03-27 05:38:41,106,tablet
921,18,1350,2025-09-18 05:31:25,197,desktop
922,18,2156,2023-06-13 01:51:44,125,mobile
923,18,2195,2023-09-01 14:27:04,154,desktop
924,18,770,2025-03-11 08:47:18,65,smart_tv
925,18,1125,2023-07-24 06:49:45,330,tablet
926,18,404,2025-02-22 15:00:30,205,desktop
927,18,1485,2024-07-21 05:01:18,269,web
928,18,1716,2025-03-31 00:17:26,299,web
929,18,325,2024-06-06 19:15:01,116,smart_speaker
930,18,169,2024-01-14 12:59:16,57,smart_speaker
931,18,508,2025-06-12 12:32:41,246,web
932,18,2542,2024-05-25 01:34:51,185,tablet
933,18,2056,2024-12-05 11:03:28,129,mobile
934,18,1387,2023-01-24 03:14:59,241,web
935,18,1205,2025-03-07 03:20:18,171,tablet
936,18,2397,2023-06-28 20:18:28,212,tablet
937,18,125,2025-03-03 21:52:29,176,desktop
938,18,1046,2024-03-23 13:24:05,134,web
939,18,1190,2023-03-05 19:14:25,151,tablet
940,19,1818,2024-10-03 12:45:38,122,tablet
941,19,1444,2025-07-23 03:22:14,208,desktop
942,19,1509,2024-05-31 17:45:54,290,smart_speaker
943,19,319,2023-04-07 07:38:27,159,web
944,19,550,2025-10-28 13:28:22,69,smart_tv
945,19,1797,2024-05-27 05:25:34,106,smart_tv
946,19,1852,2025-09-01 22:04:48,157,smart_tv
947,19,1113,2024-08-01 01:02:17,177,desktop
948,19,1516,2024-03-16 23:30:33,60,desktop
949,19,889,2025-03-09 23:01:49,259,desktop
950,19,1182,2025-06-30 13:17:22,157,smart_tv
951,19,2442,2024-12-31 00:31:38,49,mobile
952,19,2022,2023-04-07 12:09:31,120,tablet
953,20,1492,2025-07-20 19:51:28,102,smart_speaker
954,20,1272,2025-06-03 04:57:53,118,web
955,20,1705,2024-12-18 10:50:02,165,web
956,20,433,2024-11-08 21:18:34,84,desktop
957,20,809,2025-11-18 20:08:34,174,tablet
958,20,1728,2025-10-20 16:57:58,138,smart_tv
959,20,481,2023-08-28 06:57:12,198,tablet
960,20,2401,2023-12-10 07:21:37,117,mobile
961,20,692,2024-11-30 16:14:46,250,smart_tv
962,20,1080,2025-08-27 10:50:22,35,smart_tv
963,20,1234,2023-07-12 12:15:19,69,desktop
964,20,2011,2023-08-18 04:08:30,153,smart_tv
965,20,1477,2023-11-03 13:31:57,133,mobile
966,20,1160,2024-07-25 09:15:40,44,web
967,20,2571,2023-11-10 17:32:59,100,mobile
968,20,2034,2025-09-16 11:56:38,239,mobile
969,20,229,2024-06-10 14:16:13,102,tablet
970,20,1378,2025-05-13 05:24:54,91,tablet
971,20,1447,2024-07-06 11:27:32,109,tablet
972,20,1490,2024-11-06 23:15:02,125,mobile
973,20,1737,2025-05-17 04:49:45,139,desktop
974,20,1528,2025-10-19 05:01:47,153,web
975,20,1699,2024-10-06 07:25:10,160,mobile
976,20,2296,2025-08-09 21:24:10,212,mobile
977,20,1236,2025-06-20 19:41:47,53,mobile
978,20,2060,2024-10-10 08:52:27,43,tablet
979,20,823,2023-05-04 10:23:52,90,mobile
980,20,1518,2024-05-27 01:27:31,271,smart_speaker
981,20,1316,2023-09-04 11:51:15,53,web
982,20,2372,2024-12-10 14:25:34,89,desktop
983,20,1602,2025-05-13 16:44:07,128,mobile
984,20,2524,2025-11-24 21:44:12,277,desktop
985,20,281,2025-11-04 01:24:26,245,mobile
986,20,2145,2025-06-13 09:39:16,162,smart_speaker
987,20,2238,2024-06-28 02:39:44,112,web
988,20,101,2023-05-17 16:41:42,47,tablet
989,20,1523,2025-05-07 07:07:41,130,smart_speaker
990,20,321,2023-05-25 05:07:33,85,tablet
991,20,839,2023-09-27 01:47:40,52,desktop
992,20,1663,2024-03-18 18:53:33,42,mobile
993,20,2504,2023-10-22 22:28:17,381,web
994,20,973,2023-12-04 07:19:26,140,desktop
995,20,2048,2025-07-01 13:11:00,51,desktop
996,20,10,2025-10-31 02:42:03,372,desktop
997,20,2226,2025-05-20 17:33:40,144,smart_speaker
998,20,695,2025-10-14 07:49:07,62,smart_speaker
999,20,2181,2025-08-13 06:33:35,84,smart_speaker
1000,20,1218,2024-03-16 03:10:48,260,smart_speaker
1001,20,407,2024-10-02 08:27:23,227,smart_tv
1002,20,1771,2024-09-19 20:56:53,93,web
1003,20,1119,2023-07-29 21:26:11,32,smart_speaker
1004,20,953,2024-04-09 10:41:40,161,web
1005,21,761,2024-04-01 15:06:28,53,web
1006,21,1658,2024-11-06 16:39:48,179,smart_tv
1007,21,1140,2023-08-20 07:22:05,241,tablet
1008,21,1126,2023-02-16 13:57:43,161,smart_tv
1009,21,2289,2023-10-29 13:28:54,72,smart_tv
1010,21,2455,2024-11-05 08:11:43,238,desktop
1011,21,1812,2025-07-11 13:34:20,197,smart_speaker
1012,21,381,2025-11-27 03:47:24,384,smart_speaker
1013,21,1944,2024-11-20 03:36:22,107,tablet
1014,21,2497,2025-05-29 23:50:34,73,tablet
1015,21,1590,2025-03-28 20:23:34,144,web
1016,21,362,2024-04-20 06:50:36,62,smart_tv
1017,21,2498,2023-12-04 10:47:47,175,smart_speaker
1018,21,1372,2024-01-23 07:22:29,77,tablet
1019,21,1353,2024-11-10 02:35:42,133,tablet
1020,21,591,2023-11-01 10:49:14,344,tablet
1021,21,42,2023-08-26 01:12:10,223,smart_speaker
1022,21,46,2025-05-12 23:15:40,174,smart_tv
1023,21,1099,2025-07-04 05:06:02,129,smart_tv
1024,21,1714,2025-11-03 04:36:48,96,mobile
1025,21,499,2025-10-24 06:36:39,167,desktop
1026,22,2362,2023-08-15 15:19:31,154,web
1027,22,2582,2025-09-29 21:47:27,99,tablet
1028,22,1572,2025-05-20 05:12:29,155,desktop
1029,22,761,2023-03-23 11:34:18,58,smart_tv
1030,22,852,2023-12-24 22:04:34,278,web
1031,22,2286,2024-02-24 04:25:02,36,smart_tv
1032,22,264,2023-11-13 12:26:54,293,smart_tv
1033,22,2015,2024-04-12 06:41:53,296,tablet
1034,22,2031,2025-02-17 23:09:08,155,mobile
1035,22,1088,2024-05-27 04:11:44,113,smart_speaker
1036,22,1578,2025-12-02 10:03:21,196,web
1037,22,1841,2025-10-26 07:14:00,234,web
1038,22,1524,2024-12-16 04:00:56,287,smart_tv
1039,22,2301,2025-11-17 16:26:26,30,mobile
1040,22,1445,2024-06-08 00:21:21,47,web
1041,22,540,2024-09-06 13:00:04,193,web
1042,22,1962,2025-10-09 07:35:28,247,tablet
1043,22,2618,2024-02-01 19:48:04,184,tablet
1044,22,880,2024-10-05 11:39:15,144,desktop
1045,22,1913,2023-02-26 13:52:19,124,smart_tv
1046,22,440,2024-02-01 16:30:45,141,tablet
1047,22,791,2024-01-26 09:31:49,234,tablet
1048,22,728,2023-03-07 17:28:01,37,tablet
1049,22,619,2023-05-17 08:40:49,117,smart_speaker
1050,22,1767,2024-11-19 07:06:03,94,smart_tv
1051,22,409,2024-07-26 16:35:27,100,mobile
1052,22,1023,2024-05-21 02:35:50,40,web
1053,23,380,2025-06-07 00:37:31,165,tablet
1054,23,89,2024-06-12 16:28:30,134,tablet
1055,23,2570,2023-06-07 08:03:22,150,desktop
1056,23,1297,2025-04-30 05:56:48,193,mobile
1057,23,2226,2023-05-17 01:37:01,97,desktop
1058,23,761,2023-10-16 15:18:36,120,smart_speaker
1059,23,2051,2025-01-09 02:51:34,260,smart_tv
1060,23,1683,2023-11-15 03:56:32,125,smart_tv
1061,23,2421,2025-12-10 17:38:03,396,mobile
1062,23,1144,2023-07-20 04:07:35,136,desktop
1063,23,2245,2023-05-29 19:15:22,30,smart_tv
1064,23,167,2025-02-24 02:55:48,187,mobile
1065,23,2012,2023-03-09 03:16:30,49,tablet
1066,23,619,2023-07-17 03:32:04,107,mobile
1067,23,2166,2024-02-20 04:35:41,208,smart_tv
1068,23,1211,2025-06-20 14:05:23,238,tablet
1069,23,2532,2025-07-18 21:21:00,35,tablet
1070,23,544,2025-01-04 21:45:29,39,web
1071,23,739,2024-06-29 19:10:19,108,smart_speaker
1072,23,1759,2023-05-29 15:18:09,87,tablet
1073,23,883,2024-05-06 17:05:39,287,desktop
1074,23,184,2024-04-29 20:21:02,33,web
1075,23,1983,2025-01-14 07:26:32,217,mobile
1076,23,905,2023-03-04 08:50:39,139,mobile
1077,23,45,2025-07-13 19:49:44,69,desktop
1078,23,446,2024-09-15 15:16:11,170,smart_speaker
1079,23,1867,2024-03-22 14:48:12,73,desktop
1080,23,1884,2023-06-21 05:42:46,174,smart_tv
1081,23,980,2023-08-29 18:43:43,52,tablet
1082,23,1007,2023-05-09 10:42:19,186,desktop
1083,23,1817,2024-03-14 01:51:52,157,mobile
1084,23,736,2024-10-04 18:22:49,247,smart_tv
1085,23,1440,2024-09-10 11:51:48,41,desktop
1086,23,908,2023-11-09 15:00:23,132,mobile
1087,23,1696,2024-07-06 17:17:29,203,smart_speaker
1088,23,91,2024-10-12 03:33:15,67,tablet
1089,23,1859,2024-05-21 05:03:44,199,tablet
1090,23,614,2024-10-15 23:30:37,263,desktop
1091,23,222,2025-11-13 17:23:57,153,smart_tv
1092,23,2577,2025-01-04 21:18:10,59,desktop
1093,23,1863,2024-05-02 21:57:17,87,mobile
1094,23,32,2024-07-07 09:50:19,125,web
1095,23,1789,2025-05-04 04:14:04,154,mobile
1096,23,1746,2025-06-18 12:26:53,31,tablet
1097,23,1894,2023-04-29 02:03:24,48,desktop
1098,23,341,2025-12-20 00:46:29,163,mobile
1099,23,1570,2024-12-05 16:55:28,336,desktop
1100,23,739,2024-01-10 06:26:43,76,desktop
1101,23,2353,2023-12-23 17:27:33,208,desktop
1102,23,69,2025-09-05 02:49:24,124,tablet
1103,23,2170,2024-03-13 21:06:08,328,web
1104,23,1310,2023-05-08 05:28:39,137,tablet
1105,23,1938,2023-03-29 02:15:22,143,smart_speaker
1106,23,1216,2023-10-20 14:01:41,104,mobile
1107,23,2163,2023-12-19 22:42:34,38,desktop
1108,23,1112,2023-10-02 09:31:33,232,web
1109,23,1086,2024-10-02 10:20:51,201,web
1110,23,1356,2023-06-21 10:50:51,36,desktop
1111,23,142,2024-04-18 03:49:57,47,web
1112,23,266,2024-05-16 18:04:55,211,tablet
1113,23,2230,2025-02-22 14:17:57,46,tablet
1114,23,404,2023-03-19 12:32:25,340,desktop
1115,23,780,2024-03-17 20:26:16,130,tablet
1116,23,1016,2023-12-15 09:24:28,243,desktop
1117,23,976,2023-01-11 02:49:45,191,smart_tv
1118,23,1509,2025-12-23 06:15:44,184,desktop
1119,23,1907,2025-12-24 06:39:59,141,mobile
1120,23,12,2025-06-16 07:56:22,239,smart_speaker
1121,23,1155,2023-07-05 15:57:12,133,tablet
1122,23,956,2024-12-01 08:25:45,267,smart_tv
1123,23,136,2025-09-20 21:00:25,195,desktop
1124,23,393,2024-12-19 08:20:44,32,web
1125,23,1105,2024-11-15 19:33:44,37,mobile
1126,23,754,2024-06-13 17:44:17,116,smart_speaker
1127,23,918,2023-11-26 14:15:07,319,web
1128,23,1928,2023-05-24 17:56:19,259,web
1129,23,2209,2024-08-04 03:54:25,78,smart_speaker
1130,23,445,2024-12-06 06:50:39,126,smart_speaker
1131,23,1821,2024-08-05 12:06:32,39,tablet
1132,23,2476,2023-05-27 15:15:14,156,web
1133,23,970,2025-12-06 23:31:20,152,mobile
1134,23,284,2023-03-30 20:46:02,207,web
1135,23,1488,2025-07-05 00:11:24,72,smart_tv
1136,24,2246,2023-10-21 22:03:17,61,web
1137,24,302,2025-01-28 06:39:35,180,desktop
1138,24,1540,2024-03-22 15:36:44,359,smart_tv
1139,24,115,2025-03-17 10:39:01,107,web
1140,24,1056,2024-04-10 23:58:18,41,smart_tv
1141,24,1436,2025-12-29 22:45:11,181,tablet
1142,24,612,2024-06-02 22:14:51,176,desktop
1143,24,1510,2024-12-26 14:10:30,40,web
1144,24,2038,2024-08-16 17:21:27,124,mobile
1145,24,2362,2024-02-10 09:17:02,230,desktop
1146,24,51,2024-12-29 12:36:45,305,web
1147,24,1313,2024-10-22 19:15:53,105,web
1148,24,747,2024-11-30 07:26:01,44,smart_speaker
1149,24,656,2024-09-29 22:53:03,43,desktop
1150,24,2587,2025-10-18 14:53:43,226,web
1151,24,266,2023-07-08 09:41:07,173,smart_tv
1152,24,2100,2023-02-01 00:26:14,124,mobile
1153,24,109,2025-07-30 22:53:08,86,smart_tv
1154,24,14,2025-07-01 20:37:18,196,mobile
1155,24,2415,2024-03-08 09:11:52,31,smart_speaker
1156,24,276,2025-10-12 10:58:32,149,mobile
1157,24,201,2023-11-01 22:46:08,64,smart_tv
1158,24,1664,2025-11-01 19:03:14,51,smart_speaker
1159,24,99,2024-06-19 12:18:28,201,web
1160,24,2146,2024-12-18 10:21:12,149,smart_tv
1161,24,2031,2023-03-19 06:54:27,73,tablet
1162,24,2412,2024-12-22 00:36:46,98,web
1163,24,1580,2025-02-25 20:27:05,63,mobile
1164,24,431,2025-05-24 20:25:50,201,smart_tv
1165,24,2653,2025-10-16 02:52:00,128,web
1166,24,2458,2024-09-15 07:01:16,108,smart_tv
1167,24,116,2025-02-01 12:28:44,260,desktop
1168,24,2604,2024-05-08 21:28:15,106,tablet
1169,24,1599,2025-12-16 05:03:01,318,web
1170,24,460,2025-07-09 22:45:37,239,desktop
1171,24,612,2023-02-27 08:26:02,120,mobile
1172,24,839,2024-07-26 06:45:29,235,desktop
1173,24,2331,2025-10-26 18:32:24,265,tablet
1174,24,2174,2025-11-07 03:34:39,186,desktop
1175,24,1441,2023-03-11 17:23:19,42,smart_tv
1176,24,1462,2023-06-14 10:01:31,247,smart_tv
1177,24,1089,2025-03-26 11:13:37,243,web
1178,24,1937,2023-10-21 19:31:41,122,smart_speaker
1179,24,495,2025-05-05 22:38:49,63,web
1180,24,463,2025-01-31 06:55:27,284,tablet
1181,24,2088,2024-11-28 22:10:16,102,smart_tv
1182,24,1848,2025-08-01 06:32:02,91,tablet
1183,24,2516,2025-08-25 17:18:44,115,web
1184,24,2254,2024-04-21 17:52:21,140,smart_speaker
1185,24,964,2024-08-02 04:37:15,227,smart_speaker
1186,24,2371,2025-07-05 22:17:20,150,mobile
1187,24,727,2024-06-28 17:50:54,67,mobile
1188,24,329,2025-08-08 03:22:12,81,mobile
1189,24,1557,2024-01-30 20:14:42,139,web
1190,24,2368,2023-07-11 05:04:47,49,smart_tv
1191,24,2011,2023-06-23 21:16:25,52,smart_speaker
1192,24,1722,2025-06-28 04:22:38,103,desktop
1193,24,864,2024-07-28 02:13:47,91,web
1194,24,154,2023-11-27 17:01:19,110,mobile
1195,24,1005,2025-05-12 08:06:52,152,smart_speaker
1196,24,888,2023-03-03 12:36:07,71,web
1197,24,1612,2025-04-03 21:36:14,46,smart_speaker
1198,24,1956,2024-08-03 20:24:51,148,desktop
1199,24,1350,2024-05-29 22:34:31,121,smart_tv
1200,24,704,2023-03-24 17:47:57,99,smart_speaker
1201,24,1134,2025-05-02 15:00:20,155,tablet
1202,24,1967,2025-02-22 05:13:23,93,mobile
1203,24,764,2025-05-17 15:31:38,110,smart_tv
1204,24,2421,2025-10-29 04:36:56,331,desktop
1205,24,1190,2024-07-26 06:34:06,92,smart_tv
1206,24,946,2025-06-05 08:57:59,114,desktop
1207,24,563,2025-06-18 11:01:30,143,mobile
1208,24,1805,2025-09-28 15:28:50,147,smart_speaker
1209,24,1768,2024-06-05 09:49:51,34,desktop
1210,24,2326,2025-10-08 07:52:59,100,web
1211,24,1800,2024-08-03 05:53:49,58,tablet
1212,24,1334,2025-01-19 07:31:02,118,web
1213,24,2028,2025-01-19 13:29:51,229,smart_speaker
1214,24,324,2024-12-13 12:50:06,183,desktop
1215,24,304,2023-07-15 00:26:16,184,desktop
1216,24,1237,2025-09-22 08:28:58,193,desktop
1217,24,1433,2024-01-20 16:30:17,287,web
1218,24,314,2023-04-17 17:40:54,383,tablet
1219,24,2028,2024-06-30 09:00:44,38,smart_speaker
1220,24,577,2024-12-14 16:41:23,70,mobile
1221,24,2536,2024-02-27 00:44:14,161,mobile
1222,24,771,2024-08-14 03:22:36,332,web
1223,25,1847,2025-09-26 21:05:18,75,smart_tv
1224,25,764,2025-08-08 09:58:45,161,desktop
1225,25,818,2025-06-14 17:52:25,42,smart_tv
1226,25,2195,2024-08-09 12:44:01,257,smart_tv
1227,25,20,2025-03-20 02:51:07,110,tablet
1228,25,68,2024-09-12 23:13:40,323,tablet
1229,25,934,2025-06-18 18:30:12,359,tablet
1230,25,1090,2023-06-14 21:45:00,45,web
1231,25,277,2023-01-25 07:09:24,183,desktop
1232,25,1994,2025-07-10 04:48:49,151,tablet
1233,25,2549,2023-10-27 17:44:57,119,tablet
1234,25,2395,2023-08-22 09:51:49,44,mobile
1235,25,438,2025-03-25 21:26:33,234,mobile
1236,25,2069,2025-04-27 17:04:39,357,smart_speaker
1237,25,1703,2025-08-07 14:45:10,59,desktop
1238,25,638,2025-09-02 00:42:50,180,desktop
1239,25,1515,2024-11-27 09:46:01,194,desktop
1240,25,2166,2024-04-21 10:05:30,287,web
1241,25,318,2023-06-06 12:03:46,52,tablet
1242,25,2046,2023-02-28 09:13:21,139,desktop
1243,25,1228,2024-12-12 13:32:57,124,smart_tv
1244,25,218,2025-09-25 21:44:06,41,smart_tv
1245,25,1173,2025-12-03 09:32:45,71,smart_tv
1246,25,768,2024-04-13 23:11:52,243,tablet
1247,25,1325,2024-03-16 22:02:12,243,desktop
1248,25,14,2023-10-04 07:25:33,61,desktop
1249,25,1400,2024-01-25 09:17:55,229,smart_speaker
1250,25,695,2023-08-12 19:54:58,369,desktop
1251,25,2334,2024-03-17 22:35:07,31,smart_tv
1252,25,342,2024-11-22 00:13:41,156,web
1253,25,1209,2023-12-22 20:29:36,171,smart_tv
1254,25,1569,2023-04-07 09:43:27,189,tablet
1255,25,1062,2025-01-03 16:02:22,205,mobile
1256,25,208,2024-10-09 23:22:57,55,desktop
1257,25,2338,2025-03-27 07:40:03,69,mobile
1258,25,1809,2025-06-17 00:45:05,121,mobile
1259,25,1603,2023-10-22 23:27:22,202,desktop
1260,25,306,2024-02-08 12:30:05,191,web
1261,25,350,2023-10-03 11:00:45,30,desktop
1262,25,678,2024-03-28 03:41:47,84,smart_tv
1263,25,1385,2024-09-12 09:13:15,47,smart_tv
1264,25,2108,2023-03-06 15:09:08,261,smart_speaker
1265,25,1383,2024-11-08 11:49:39,159,web
1266,25,352,2025-04-01 10:24:22,217,tablet
1267,25,1106,2023-07-09 06:45:49,79,desktop
1268,25,808,2024-11-06 08:40:30,130,tablet
1269,25,51,2023-08-07 05:24:55,295,tablet
1270,25,2447,2023-04-15 14:30:24,198,smart_tv
1271,25,1309,2025-05-07 09:15:53,89,smart_tv
1272,25,2650,2025-08-09 16:17:12,55,web
1273,25,1529,2025-01-05 11:16:13,73,smart_speaker
1274,25,244,2025-12-29 10:54:57,198,desktop
1275,25,1246,2025-07-09 15:32:45,121,desktop
1276,25,351,2025-06-27 14:30:56,250,mobile
1277,25,2635,2025-12-01 00:02:26,56,web
1278,25,1160,2023-09-06 14:26:23,103,smart_speaker
1279,25,2489,2024-02-24 22:48:30,158,mobile
1280,26,452,2024-03-17 13:22:24,33,mobile
1281,26,887,2025-03-08 06:34:44,215,web
1282,26,1626,2025-06-15 17:18:21,104,desktop
1283,26,2378,2023-07-07 23:05:58,102,desktop
1284,26,1689,2024-05-14 08:25:44,49,mobile
1285,26,495,2023-09-10 02:36:27,37,mobile
1286,26,1845,2024-04-14 02:17:10,40,desktop
1287,26,212,2025-08-20 00:25:30,260,smart_speaker
1288,26,2649,2024-04-15 06:26:43,389,tablet
1289,26,1786,2025-08-18 10:48:05,158,smart_speaker
1290,26,2133,2024-08-30 09:40:33,81,tablet
1291,26,2557,2024-04-06 19:57:39,169,mobile
1292,26,2222,2023-08-17 03:55:00,148,desktop
1293,26,2458,2023-07-13 14:19:44,93,web
1294,26,1580,2024-12-11 00:30:40,113,smart_speaker
1295,26,417,2024-10-08 18:22:02,189,tablet
1296,26,2619,2025-06-14 21:27:39,93,tablet
1297,26,784,2023-08-21 07:00:33,88,smart_speaker
1298,26,105,2023-05-28 17:42:18,80,desktop
1299,26,253,2025-03-14 17:24:47,191,desktop
1300,26,892,2023-06-08 23:32:58,213,smart_tv
1301,26,2186,2023-09-23 08:49:57,150,tablet
1302,26,750,2025-04-23 17:53:17,158,web
1303,26,51,2023-07-14 18:39:50,105,web
1304,26,1032,2024-09-04 21:22:08,74,smart_tv
1305,26,1953,2023-05-07 20:59:40,191,desktop
1306,26,648,2023-01-16 13:51:29,47,tablet
1307,26,1012,2024-01-29 05:40:06,111,desktop
1308,26,2200,2024-10-20 12:34:47,86,mobile
1309,26,1836,2025-01-06 11:14:25,128,mobile
1310,26,1274,2023-07-29 02:49:53,346,web
1311,26,811,2025-10-09 13:20:32,192,web
1312,26,2417,2025-04-11 12:03:02,282,web
1313,26,1748,2024-09-05 19:51:04,262,smart_tv
1314,26,1239,2023-03-22 11:34:44,306,web
1315,26,2045,2025-01-26 05:01:39,250,desktop
1316,26,308,2023-03-03 16:45:54,144,web
1317,26,1385,2023-10-05 06:08:50,104,web
1318,26,213,2023-02-01 18:57:32,153,desktop
1319,26,147,2024-07-29 08:25:39,67,mobile
1320,26,2451,2025-02-04 22:06:21,104,tablet
1321,26,1893,2023-08-02 16:57:01,206,tablet
1322,26,749,2024-11-02 11:50:32,207,tablet
1323,26,266,2024-11-09 15:37:11,220,web
1324,26,2179,2025-07-09 14:07:43,136,smart_speaker
1325,26,729,2025-01-24 00:52:41,252,web
1326,26,959,2025-06-21 10:38:38,312,tablet
1327,27,759,2023-12-08 00:41:17,172,web
1328,27,424,2025-05-06 11:08:41,116,smart_speaker
1329,27,2362,2023-10-24 06:43:06,225,web
1330,27,786,2025-11-07 18:26:27,350,desktop
1331,27,1882,2025-05-03 06:40:00,363,smart_tv
1332,27,2114,2023-02-03 03:40:39,152,web
1333,27,163,2024-03-01 22:48:47,76,web
1334,27,952,2024-07-01 06:00:59,145,smart_tv
1335,27,947,2023-05-03 20:03:50,163,smart_speaker
1336,27,2467,2024-07-24 10:47:40,326,desktop
1337,27,290,2023-05-06 06:36:34,248,web
1338,27,2370,2025-07-10 11:00:38,125,web
1339,27,332,2025-10-07 23:36:27,127,tablet
1340,27,1022,2024-04-30 09:24:23,149,web
1341,27,234,2024-06-21 18:33:39,33,smart_tv
1342,27,14,2025-02-08 21:59:12,152,tablet
1343,27,26,2025-05-17 17:44:15,182,smart_speaker
1344,27,1158,2025-10-20 03:13:40,177,smart_speaker
1345,27,2507,2024-09-12 14:23:35,131,tablet
1346,27,1869,2024-08-10 00:33:57,159,smart_tv
1347,27,1699,2023-07-14 13:30:01,226,mobile
1348,27,974,2025-04-29 11:27:03,35,tablet
1349,27,2371,2024-07-10 18:13:53,48,smart_speaker
1350,27,1054,2025-05-08 04:38:27,101,web
1351,27,1471,2024-03-07 17:00:40,117,desktop
1352,27,1519,2025-06-24 04:35:34,200,tablet
1353,27,413,2023-11-01 16:47:46,126,web
1354,27,142,2024-05-23 14:35:11,186,mobile
1355,27,1438,2024-04-01 22:31:49,79,smart_speaker
1356,27,1694,2023-11-20 09:06:25,198,web
1357,27,1452,2023-06-20 11:10:29,210,mobile
1358,27,107,2025-07-15 20:44:12,135,smart_tv
1359,27,1265,2024-06-16 05:58:54,57,web
1360,27,944,2024-10-28 06:06:23,59,smart_tv
1361,27,1457,2025-07-29 11:10:48,32,tablet
1362,27,125,2024-01-27 04:06:49,46,smart_tv
1363,27,973,2025-02-10 11:37:01,66,desktop
1364,27,972,2024-02-10 03:52:56,64,smart_tv
1365,27,1995,2025-02-19 08:09:10,268,mobile
1366,27,814,2025-11-19 21:41:34,74,desktop
1367,27,2595,2025-04-26 14:47:39,87,desktop
1368,27,2114,2023-05-05 13:15:51,142,mobile
1369,27,2156,2025-08-24 09:06:25,175,desktop
1370,27,1448,2024-04-22 05:31:24,256,web
1371,27,1312,2023-08-04 23:20:16,91,mobile
1372,27,661,2024-11-16 10:27:48,192,smart_speaker
1373,27,1734,2024-01-15 07:15:15,223,smart_tv
1374,27,891,2023-04-20 06:06:05,74,tablet
1375,27,2484,2023-11-16 18:26:20,152,mobile
1376,27,67,2025-04-11 03:42:03,287,smart_tv
1377,27,664,2024-01-09 23:21:22,57,smart_tv
1378,27,1370,2025-06-22 06:35:54,162,web
1379,27,108,2023-02-11 13:21:05,150,smart_speaker
1380,27,392,2025-03-02 08:58:37,39,desktop
1381,27,1711,2024-04-07 16:17:27,310,tablet
1382,27,380,2025-11-18 11:24:45,39,mobile
1383,27,529,2023-04-16 04:52:10,94,desktop
1384,27,1248,2023-04-28 18:07:50,120,tablet
1385,27,98,2025-04-25 00:47:49,52,smart_tv
1386,27,187,2023-07-29 06:34:31,295,tablet
1387,27,1732,2023-04-08 08:55:22,247,web
1388,27,2254,2025-01-01 00:34:17,302,smart_tv
1389,27,2628,2025-09-09 07:11:22,128,desktop
1390,27,264,2024-03-13 08:54:07,320,smart_speaker
1391,27,2351,2025-01-12 22:21:03,32,desktop
1392,27,526,2023-02-02 00:01:06,65,desktop
1393,27,2639,2024-04-28 17:22:45,370,smart_tv
1394,27,1048,2023-11-27 22:53:56,134,tablet
1395,27,1252,2023-07-21 11:54:47,83,mobile
1396,27,1685,2024-07-15 03:22:42,38,mobile
1397,27,86,2024-04-02 01:38:39,245,smart_tv
1398,27,8,2023-04-12 23:04:45,36,web
1399,27,1198,2023-06-21 16:40:28,81,mobile
1400,27,961,2024-06-06 07:29:38,123,tablet
1401,27,1865,2025-06-06 08:48:01,68,desktop
1402,27,194,2025-01-03 18:47:40,224,desktop
1403,27,524,2025-11-20 19:31:25,89,smart_speaker
1404,27,1464,2024-10-19 12:23:48,384,smart_tv
1405,27,535,2025-10-17 12:22:18,73,smart_tv
1406,27,1548,2023-04-30 05:38:23,284,web
1407,27,2269,2024-12-06 04:40:40,281,smart_tv
1408,27,1951,2024-11-11 08:07:23,219,mobile
1409,27,892,2025-02-15 21:07:08,275,smart_tv
1410,27,314,2023-07-20 01:44:21,139,smart_speaker
1411,27,2200,2023-05-11 12:39:47,98,smart_speaker
1412,27,915,2025-08-12 22:34:33,146,web
1413,27,2605,2023-09-07 16:42:22,40,tablet
1414,27,2076,2025-01-10 07:07:40,58,mobile
1415,27,1127,2024-07-15 04:13:44,89,smart_speaker
1416,27,1036,2024-05-10 16:21:21,204,web
1417,27,2054,2024-09-28 17:46:38,291,mobile
1418,27,2643,2024-12-09 18:02:44,242,web
1419,27,915,2024-03-11 19:38:16,59,smart_speaker
1420,27,2276,2025-12-01 00:41:04,45,smart_tv
1421,27,2371,2025-10-18 02:41:19,133,tablet
1422,27,165,2024-01-21 05:10:49,57,tablet
1423,27,1985,2024-05-10 13:07:11,95,tablet
1424,27,2539,2023-10-27 08:35:30,175,mobile
1425,27,2210,2025-09-17 09:57:43,113,desktop
1426,28,1603,2023-08-06 19:22:29,46,tablet
1427,28,1143,2024-04-19 20:04:16,183,desktop
1428,28,965,2025-06-25 11:32:44,76,smart_tv
1429,28,333,2025-11-13 10:41:11,174,tablet
1430,28,1031,2023-02-18 07:22:14,82,desktop
1431,28,2116,2024-05-02 19:16:07,83,smart_tv
1432,28,35,2023-08-06 21:44:20,43,web
1433,28,1918,2025-09-13 06:19:15,39,tablet
1434,28,808,2024-12-13 11:12:20,173,web
1435,28,1144,2023-10-16 19:16:45,58,web
1436,28,1419,2024-07-11 18:01:56,117,web
1437,28,1427,2024-06-06 20:27:04,142,web
1438,28,1310,2024-02-19 17:44:18,102,mobile
1439,28,1844,2025-03-12 19:24:50,135,smart_tv
1440,28,1917,2025-12-21 03:35:38,287,smart_speaker
1441,28,2204,2025-07-02 03:25:33,114,web
1442,28,555,2023-06-14 10:29:24,225,mobile
1443,28,159,2024-12-08 15:27:34,229,desktop
1444,28,38,2024-03-06 15:57:04,35,smart_speaker
1445,28,1272,2025-02-07 03:55:19,127,mobile
1446,28,512,2023-09-27 23:16:43,105,smart_tv
1447,28,433,2025-12-04 21:34:47,86,tablet
1448,28,2015,2025-04-14 20:16:41,37,tablet
1449,28,389,2023-02-05 16:58:06,189,smart_speaker
1450,28,1752,2024-09-27 03:12:48,277,mobile
1451,28,2138,2024-10-12 00:31:07,161,tablet
1452,28,611,2024-11-04 06:27:37,46,tablet
1453,28,1232,2025-02-11 22:34:19,45,web
1454,28,1060,2025-05-24 12:19:58,170,smart_tv
1455,28,1926,2023-05-08 15:18:17,88,mobile
1456,28,482,2025-02-18 22:55:27,267,smart_tv
1457,28,57,2023-12-25 17:42:44,92,desktop
1458,28,1337,2024-12-20 14:59:10,54,web
1459,28,1169,2025-10-21 16:10:21,180,desktop
1460,28,120,2024-12-21 03:32:45,155,desktop
1461,28,1262,2024-08-07 10:02:54,246,smart_speaker
1462,28,2320,2025-08-11 03:20:18,277,web
1463,28,1051,2025-07-22 04:26:10,133,web
1464,28,246,2023-11-29 02:39:17,193,mobile
1465,28,1069,2023-12-20 12:47:09,161,mobile
1466,28,1901,2024-11-18 02:31:48,158,smart_speaker
1467,28,2349,2023-08-10 17:26:28,163,smart_tv
1468,28,2350,2023-09-07 20:41:36,175,smart_tv
1469,28,92,2024-03-14 20:43:54,248,smart_speaker
1470,28,497,2023-06-13 13:12:04,117,desktop
1471,28,243,2023-05-25 20:24:29,291,smart_tv
1472,28,1182,2024-01-16 16:32:12,99,desktop
1473,28,343,2024-02-15 13:22:02,121,web
1474,28,1553,2024-07-31 05:42:51,79,smart_speaker
1475,28,511,2023-09-15 22:50:03,148,tablet
1476,28,2436,2023-05-06 07:44:08,273,mobile
1477,28,89,2024-01-17 17:29:49,99,desktop
1478,28,1886,2024-02-25 16:35:48,80,web
1479,28,634,2024-07-04 01:47:40,225,web
1480,28,1922,2024-04-04 20:21:09,44,web
1481,28,1355,2023-11-23 04:48:21,224,desktop
1482,28,1292,2023-05-22 23:59:47,109,desktop
1483,28,506,2023-04-24 11:06:34,202,tablet
1484,28,448,2025-09-16 12:36:52,64,mobile
1485,28,2425,2023-02-11 23:20:28,193,desktop
1486,28,114,2024-08-12 00:53:05,35,smart_tv
1487,28,420,2024-01-21 00:23:25,132,web
1488,28,2389,2023-11-13 18:02:53,57,mobile
1489,28,1477,2023-07-19 18:21:40,52,mobile
1490,28,1267,2024-02-16 07:39:11,113,web
1491,28,1737,2024-11-11 00:05:17,155,web
1492,28,1498,2023-11-07 22:44:34,101,tablet
1493,28,558,2024-05-05 19:57:05,247,mobile
1494,28,507,2024-09-27 21:56:30,43,web
1495,28,1281,2025-11-03 19:39:31,189,smart_speaker
1496,28,2504,2024-04-28 06:00:56,168,web
1497,28,581,2024-10-03 17:00:11,73,smart_speaker
1498,28,1128,2024-05-26 18:48:06,70,desktop
1499,28,1797,2024-05-07 00:33:45,167,desktop
1500,28,1645,2025-04-03 06:37:49,62,web
1501,28,2627,2025-08-28 16:41:39,218,mobile
1502,28,2187,2023-06-15 09:21:16,168,smart_speaker
1503,28,2378,2025-10-17 11:19:43,109,mobile
1504,28,750,2023-10-25 11:46:54,98,desktop
1505,28,1423,2025-05-12 09:52:56,124,smart_speaker
1506,28,943,2024-06-24 07:24:19,291,mobile
1507,28,845,2025-11-06 06:51:00,218,web
1508,28,1366,2025-09-28 17:21:27,117,smart_speaker
1509,28,2122,2023-02-17 00:10:05,73,mobile
1510,28,2031,2024-05-06 03:00:37,53,smart_tv
1511,28,2083,2023-05-17 17:59:39,329,web
1512,28,2583,2024-12-01 16:55:02,236,desktop
1513,28,1478,2024-02-07 17:25:49,105,desktop
1514,28,1467,2023-10-08 21:59:03,173,web
1515,28,1939,2025-02-03 19:47:23,155,smart_tv
1516,28,1037,2024-03-19 03:47:38,170,smart_speaker
1517,28,1600,2024-02-15 22:53:22,330,desktop
1518,28,139,2024-04-20 12:56:55,248,tablet
1519,28,217,2023-03-17 19:43:31,252,mobile
1520,29,2328,2025-04-06 13:06:36,141,smart_speaker
1521,29,556,2024-08-29 02:45:50,182,smart_speaker
1522,29,1780,2023-07-15 14:06:48,264,tablet
1523,29,1496,2023-11-19 22:48:04,157,smart_tv
1524,29,2432,2023-12-20 23:36:25,101,tablet
1525,29,1189,2025-10-11 17:58:51,224,mobile
1526,29,2388,2023-06-06 09:28:03,101,mobile
1527,29,91,2024-01-30 19:54:34,36,smart_tv
1528,29,644,2024-07-13 22:58:36,159,tablet
1529,29,812,2025-07-25 19:25:02,252,mobile
1530,29,380,2024-11-05 09:55:12,45,smart_speaker
1531,29,2517,2023-12-12 17:22:05,102,web
1532,29,1036,2024-12-29 03:41:49,45,smart_tv
1533,29,2309,2023-08-11 15:30:13,131,desktop
1534,29,1477,2025-11-04 08:49:57,131,mobile
1535,29,1954,2024-04-05 19:52:00,133,mobile
1536,29,1615,2023-03-30 04:36:08,85,desktop
1537,29,1523,2023-04-02 05:08:38,362,desktop
1538,29,2395,2024-04-06 14:26:25,61,web
1539,29,2600,2025-07-17 03:55:05,290,smart_speaker
1540,29,1060,2024-02-20 10:47:43,270,desktop
1541,29,1884,2025-05-14 23:24:39,323,tablet
1542,29,637,2025-12-01 03:58:05,92,smart_tv
1543,29,372,2025-02-14 18:04:00,181,tablet
1544,29,2335,2024-10-05 08:14:18,97,tablet
1545,29,1255,2025-07-28 01:16:46,211,web
1546,29,2553,2024-07-03 23:32:08,263,web
1547,29,2077,2023-06-30 03:50:53,74,smart_tv
1548,29,791,2023-06-19 15:04:13,156,web
1549,29,1180,2025-11-23 23:31:58,198,desktop
1550,29,1800,2023-06-15 09:30:14,300,desktop
1551,29,544,2023-08-14 08:26:34,173,mobile
1552,29,662,2023-11-28 07:33:09,337,desktop
1553,29,1615,2025-10-31 01:37:20,63,smart_tv
1554,29,1588,2023-06-09 00:20:00,148,smart_tv
1555,29,1109,2023-02-17 05:21:56,100,mobile
1556,29,1140,2024-08-27 23:19:36,202,web
1557,29,1502,2023-06-04 06:08:22,50,desktop
1558,29,2263,2024-08-09 20:24:10,89,smart_speaker
1559,29,326,2023-07-10 17:10:59,34,tablet
1560,29,27,2023-07-31 01:07:35,392,desktop
1561,29,2179,2025-07-25 21:14:10,112,mobile
1562,29,1954,2025-10-06 12:08:30,179,web
1563,29,2607,2024-06-09 20:34:00,330,tablet
1564,29,696,2025-03-27 22:33:16,64,smart_tv
1565,29,1721,2025-01-31 18:14:58,276,tablet
1566,29,748,2023-11-17 10:36:07,137,tablet
1567,29,1086,2023-12-04 03:12:08,147,web
1568,29,1872,2023-10-28 15:11:02,404,desktop
1569,29,1805,2025-03-18 20:06:33,85,smart_speaker
1570,29,1714,2025-06-17 14:50:42,53,mobile
1571,29,1412,2023-07-05 22:30:16,40,mobile
1572,29,566,2024-08-12 07:23:44,30,smart_tv
1573,29,1807,2023-09-14 12:38:35,64,tablet
1574,29,794,2025-09-02 14:43:50,190,tablet
1575,29,2138,2024-08-21 15:29:30,321,web
1576,29,1568,2024-06-17 05:53:37,140,smart_tv
1577,29,280,2024-07-15 02:13:16,212,smart_tv
1578,29,1019,2023-06-23 01:14:40,43,tablet
1579,30,18,2025-05-20 10:03:30,129,mobile
1580,30,2278,2024-12-04 23:37:34,143,mobile
1581,30,2328,2024-07-15 08:09:08,36,smart_tv
1582,30,2551,2023-11-22 14:10:27,149,smart_tv
1583,30,1841,2023-12-20 18:35:16,83,desktop
1584,30,2508,2025-01-09 23:01:37,54,tablet
1585,30,351,2024-04-28 15:37:46,162,tablet
1586,30,212,2023-09-06 09:50:28,205,web
1587,30,1860,2025-11-06 13:30:23,125,smart_speaker
1588,30,2617,2025-12-18 07:40:24,43,smart_speaker
1589,30,612,2024-10-01 23:32:13,169,web
1590,30,76,2023-01-01 09:38:42,45,smart_tv
1591,30,618,2023-09-26 11:15:12,44,smart_speaker
1592,30,2574,2025-01-11 21:48:42,40,desktop
1593,30,497,2025-03-22 14:13:26,104,tablet
1594,30,1423,2023-10-07 14:25:38,92,smart_speaker
1595,30,2635,2025-12-22 21:49:22,112,smart_speaker
1596,30,1694,2023-02-28 17:23:04,63,desktop
1597,30,859,2023-04-28 02:36:10,197,smart_speaker
1598,30,2556,2025-03-12 17:23:34,214,smart_tv
1599,30,1437,2023-06-28 15:03:21,265,tablet
1600,30,1825,2025-08-22 18:36:37,45,desktop
1601,30,686,2023-11-02 10:14:00,31,smart_speaker
1602,30,2154,2025-04-16 10:05:09,59,smart_tv
1603,30,13,2025-07-28 20:21:36,174,mobile
1604,30,1905,2024-06-06 07:11:53,31,desktop
1605,30,1146,2023-07-09 03:41:31,86,mobile
1606,30,193,2024-11-20 06:24:13,161,web
1607,30,2238,2024-10-19 09:55:27,93,web
1608,30,1432,2025-03-12 01:43:58,278,tablet
1609,30,1396,2025-11-26 15:34:36,168,tablet
1610,30,21,2025-07-01 23:04:51,116,smart_speaker
1611,30,398,2024-04-16 17:17:39,115,mobile
1612,31,2534,2024-11-11 00:03:34,120,desktop
1613,31,1601,2024-10-02 11:42:48,189,tablet
1614,31,1612,2023-07-18 17:48:07,87,desktop
1615,31,2055,2024-10-28 19:32:44,152,tablet
1616,31,428,2025-04-19 03:14:51,45,tablet
1617,31,551,2023-03-03 03:27:05,187,desktop
1618,31,2267,2024-02-25 00:52:41,112,mobile
1619,31,1062,2024-09-15 12:00:43,67,mobile
1620,31,1995,2024-08-22 17:35:09,163,web
1621,31,793,2024-04-04 15:43:56,184,desktop
1622,31,2352,2024-03-21 02:48:40,57,smart_tv
1623,31,1547,2024-11-28 16:52:21,161,mobile
1624,31,1809,2025-05-13 13:55:48,203,smart_speaker
1625,31,1719,2025-05-25 14:00:56,160,web
1626,31,1475,2025-04-07 19:53:37,191,smart_tv
1627,31,1109,2025-08-22 01:25:44,49,mobile
1628,31,224,2024-09-06 01:32:28,195,smart_tv
1629,31,1875,2025-09-22 22:10:46,107,smart_tv
1630,31,1187,2023-05-23 08:53:12,288,smart_tv
1631,31,2560,2024-01-02 20:18:45,178,smart_tv
1632,31,2204,2025-08-07 09:19:45,192,desktop
1633,31,1862,2025-01-04 07:53:28,43,mobile
1634,31,656,2024-03-09 00:10:02,138,mobile
1635,31,1767,2024-02-18 04:04:27,121,web
1636,31,2448,2025-03-21 04:18:34,105,tablet
1637,31,1012,2024-11-12 05:56:53,309,mobile
1638,31,1108,2024-11-15 03:08:53,31,tablet
1639,31,161,2025-01-19 11:53:30,351,smart_speaker
1640,31,823,2024-08-27 06:09:39,74,mobile
1641,31,2085,2024-11-25 11:28:17,221,smart_tv
1642,31,2376,2023-10-05 04:30:37,251,web
1643,31,2415,2023-08-05 19:14:23,55,desktop
1644,31,652,2024-12-30 12:48:45,83,tablet
1645,31,2033,2023-07-03 00:16:06,102,tablet
1646,31,1595,2025-01-21 12:09:02,77,mobile
1647,31,633,2024-01-23 01:39:35,32,mobile
1648,31,2264,2024-06-14 08:49:01,147,web
1649,31,2073,2025-06-13 22:50:06,208,smart_speaker
1650,31,472,2024-07-24 18:02:40,89,desktop
1651,31,1250,2023-10-10 03:36:30,204,smart_tv
1652,31,1560,2023-01-31 15:15:02,31,smart_speaker
1653,31,2211,2023-01-02 07:19:21,72,smart_tv
1654,31,2203,2023-11-27 15:53:56,134,web
1655,31,2482,2023-03-13 17:37:50,82,mobile
1656,31,829,2024-02-22 08:39:37,48,desktop
1657,31,2609,2024-09-22 04:11:14,203,web
1658,31,775,2023-07-14 04:42:20,105,smart_speaker
1659,32,1777,2025-04-12 19:27:44,64,smart_speaker
1660,32,2467,2024-11-20 10:22:39,255,mobile
1661,32,2042,2023-03-09 14:09:06,248,mobile
1662,32,102,2025-02-13 17:37:01,169,smart_tv
1663,32,407,2024-03-07 20:27:34,231,desktop
1664,32,1014,2024-11-22 12:00:42,38,mobile
1665,32,1138,2025-07-07 11:30:49,70,web
1666,32,2000,2024-04-24 19:35:18,175,desktop
1667,32,1588,2025-05-19 15:34:40,142,mobile
1668,32,2609,2024-08-15 18:12:23,152,smart_speaker
1669,32,1878,2024-11-09 07:58:30,77,mobile
1670,32,1466,2025-01-12 13:28:51,280,tablet
1671,32,26,2024-05-19 22:09:45,160,tablet
1672,32,2055,2024-11-10 01:15:56,84,mobile
1673,32,2145,2023-08-20 20:05:51,104,smart_speaker
1674,32,2046,2024-04-22 20:23:22,38,tablet
1675,32,698,2025-01-29 16:27:55,159,tablet
1676,32,958,2025-09-02 04:51:44,38,tablet
1677,32,446,2025-07-27 20:15:00,158,smart_speaker
1678,32,1926,2023-09-26 22:25:01,244,desktop
1679,32,1058,2025-12-01 17:46:29,322,desktop
1680,32,337,2025-09-10 07:41:08,50,desktop
1681,32,840,2023-12-06 21:33:29,325,smart_speaker
1682,32,2147,2023-09-05 07:58:04,92,tablet
1683,32,2307,2023-02-06 23:42:59,37,smart_tv
1684,32,504,2023-11-25 17:49:56,100,web
1685,32,28,2024-03-25 16:09:41,213,tablet
1686,32,2095,2024-02-06 16:05:40,209,smart_tv
1687,32,1858,2025-01-20 06:42:34,48,tablet
1688,32,1090,2023-06-21 14:21:30,217,smart_tv
1689,32,1556,2024-08-29 18:10:04,33,tablet
1690,32,1293,2024-10-10 20:36:10,100,smart_speaker
1691,32,945,2025-06-14 22:03:45,51,mobile
1692,32,1647,2025-12-01 01:50:53,188,tablet
1693,32,1803,2025-10-11 06:10:21,81,smart_tv
1694,32,1844,2024-09-12 14:23:07,125,smart_tv
1695,32,1774,2024-08-20 20:52:38,81,tablet
1696,32,1969,2024-09-04 03:12:28,41,smart_speaker
1697,32,1446,2023-07-15 07:15:57,34,smart_speaker
1698,32,1401,2025-09-22 09:17:19,101,smart_speaker
1699,32,1785,2024-04-27 21:22:09,114,tablet
1700,32,758,2023-04-20 16:31:05,281,tablet
1701,32,255,2024-03-22 15:27:09,176,smart_speaker
1702,32,2201,2025-03-17 20:54:55,283,smart_speaker
1703,32,551,2025-07-10 15:15:16,315,smart_speaker
1704,32,1998,2023-08-12 01:28:15,89,tablet
1705,32,1226,2024-03-04 13:19:35,102,desktop
1706,32,21,2024-10-31 17:29:39,49,web
1707,32,2270,2024-07-16 01:27:17,207,mobile
1708,32,1697,2025-08-01 10:41:20,73,smart_speaker
1709,32,2197,2024-12-27 02:25:37,230,web
1710,33,2644,2025-03-28 09:39:20,140,web
1711,33,1129,2023-02-23 21:44:56,61,smart_tv
1712,33,1962,2023-08-06 00:07:07,186,smart_tv
1713,33,1769,2023-11-11 01:24:57,49,desktop
1714,33,665,2023-05-17 06:26:32,95,desktop
1715,33,228,2023-10-29 08:07:22,52,smart_speaker
1716,33,778,2025-05-30 07:00:39,152,desktop
1717,33,82,2023-05-03 16:35:10,57,mobile
1718,33,2083,2024-02-13 07:34:34,40,smart_tv
1719,33,1449,2024-01-26 20:01:39,94,smart_speaker
1720,33,1325,2024-06-17 01:07:02,285,tablet
1721,33,1522,2023-07-27 06:37:15,208,tablet
1722,33,1457,2023-08-27 10:08:17,175,smart_tv
1723,33,428,2024-06-17 18:26:28,39,tablet
1724,33,790,2024-10-02 03:00:50,185,smart_tv
1725,33,1037,2024-06-22 04:17:52,262,web
1726,33,2144,2023-11-24 23:09:31,192,mobile
1727,33,1856,2025-06-07 08:51:51,255,smart_speaker
1728,33,819,2025-10-06 23:58:46,286,smart_tv
1729,33,365,2025-10-17 04:41:58,153,tablet
1730,33,1430,2024-09-09 08:46:06,84,smart_speaker
1731,33,1770,2024-01-20 09:20:14,134,smart_speaker
1732,33,2356,2024-07-06 02:19:04,253,web
1733,33,1026,2023-04-17 02:06:03,267,web
1734,33,2187,2023-08-07 19:52:56,197,web
1735,33,1586,2023-03-13 07:39:29,384,mobile
1736,33,2458,2025-08-12 22:42:56,221,smart_speaker
1737,33,455,2024-11-02 08:16:42,63,tablet
1738,33,1740,2025-07-25 08:25:15,108,web
1739,33,1928,2024-10-15 20:28:49,390,desktop
1740,33,2425,2023-11-01 08:39:28,130,web
1741,33,2199,2024-03-17 02:41:37,100,smart_tv
1742,33,2152,2024-07-16 04:08:48,244,mobile
1743,33,1988,2025-07-05 07:22:41,147,desktop
1744,33,1779,2025-01-17 19:23:19,319,web
1745,33,2484,2023-03-17 12:22:23,76,mobile
1746,33,538,2025-10-14 11:23:04,239,smart_tv
1747,33,316,2025-07-31 12:04:07,44,web
1748,33,2541,2024-04-30 22:19:43,249,web
1749,34,522,2023-01-15 00:36:07,126,smart_speaker
1750,34,1861,2023-09-04 18:11:14,55,desktop
1751,34,509,2024-07-21 12:30:29,49,smart_speaker
1752,34,170,2025-09-11 17:56:11,100,tablet
1753,34,1568,2023-09-24 10:47:55,186,web
1754,34,1109,2024-10-09 21:35:13,76,desktop
1755,34,147,2023-05-26 18:59:58,230,tablet
1756,34,1741,2024-09-25 20:37:19,141,web
1757,34,966,2025-07-23 14:13:39,138,web
1758,34,1446,2023-02-26 15:41:00,297,desktop
1759,34,1180,2023-10-20 23:54:43,63,smart_tv
1760,34,526,2024-05-16 19:31:46,60,web
1761,34,2206,2023-05-22 21:32:19,100,mobile
1762,34,963,2023-03-25 08:22:31,283,tablet
1763,34,1284,2025-07-13 18:24:01,175,mobile
1764,34,1121,2023-09-05 23:15:00,61,desktop
1765,34,1160,2025-04-02 02:44:10,68,desktop
1766,34,1420,2023-03-18 12:55:43,279,tablet
1767,34,1512,2023-01-23 11:57:09,127,web
1768,34,2459,2023-11-26 21:17:18,93,desktop
1769,34,2112,2023-03-26 01:17:32,179,web
1770,34,2315,2025-08-02 15:39:50,268,mobile
1771,34,573,2024-02-16 15:50:57,99,mobile
1772,34,1239,2023-11-11 02:59:52,74,mobile
1773,34,2539,2023-01-19 16:18:39,149,smart_tv
1774,34,395,2025-11-05 16:21:59,315,desktop
1775,34,966,2025-11-18 17:40:51,198,web
1776,34,990,2023-07-20 17:37:13,223,smart_tv
1777,34,1945,2025-09-05 01:10:52,142,smart_tv
1778,34,1787,2024-07-04 20:24:31,205,tablet
1779,34,1806,2024-09-10 00:26:09,46,smart_tv
1780,34,522,2024-11-20 10:33:08,212,smart_tv
1781,34,923,2024-06-08 08:53:48,71,tablet
1782,34,2284,2023-06-15 19:31:47,103,smart_tv
1783,34,399,2023-10-07 04:36:50,229,smart_tv
1784,34,1754,2023-06-14 06:44:57,73,web
1785,34,1012,2025-06-20 03:36:39,141,smart_speaker
1786,34,523,2025-08-01 06:40:15,98,desktop
1787,34,1896,2023-03-21 05:34:41,243,desktop
1788,34,283,2024-06-21 02:20:10,60,web
1789,34,403,2023-11-19 15:23:48,256,tablet
1790,34,912,2025-09-15 21:42:32,93,smart_speaker
1791,34,208,2024-11-09 08:00:56,110,smart_tv
1792,34,2535,2025-04-18 05:31:30,186,web
1793,34,1354,2025-02-22 07:40:22,76,tablet
1794,34,1829,2025-01-05 00:28:11,126,desktop
1795,34,2315,2023-04-19 12:58:15,97,smart_speaker
1796,34,2473,2023-03-09 10:06:46,143,smart_tv
1797,34,459,2025-12-05 18:57:10,106,mobile
1798,34,607,2024-11-17 00:12:14,118,smart_speaker
1799,34,993,2025-05-31 08:41:12,208,tablet
1800,34,1291,2024-12-18 15:05:57,200,mobile
1801,34,1179,2023-10-08 19:12:39,73,web
1802,34,367,2024-10-16 15:45:58,116,desktop
1803,34,727,2023-02-22 04:33:56,243,web
1804,34,1604,2025-10-12 02:10:52,214,web
1805,34,1333,2025-07-18 00:32:49,52,mobile
1806,34,16,2024-03-04 21:58:57,136,tablet
1807,34,777,2024-09-03 20:41:18,94,desktop
1808,34,1607,2024-02-19 20:11:03,178,tablet
1809,34,862,2023-09-07 02:57:19,318,smart_tv
1810,34,2410,2023-05-25 07:44:19,159,desktop
1811,34,641,2025-12-07 21:44:26,224,web
1812,34,31,2025-09-08 01:32:24,44,smart_tv
1813,34,2578,2023-08-22 09:34:48,114,smart_tv
1814,34,1631,2025-02-16 01:46:21,152,tablet
1815,34,644,2024-12-18 09:43:57,290,mobile
1816,34,2570,2025-02-27 00:25:51,258,smart_speaker
1817,34,1310,2025-11-04 17:14:15,153,mobile
1818,34,231,2025-07-23 12:42:25,85,desktop
1819,34,2214,2024-08-01 02:07:25,85,mobile
1820,34,59,2023-03-09 17:26:56,105,mobile
1821,34,246,2025-10-30 23:25:19,138,desktop
1822,34,2598,2023-08-07 06:36:58,73,smart_speaker
1823,34,1738,2025-09-29 13:50:08,273,smart_tv
1824,34,1355,2024-03-16 16:35:29,236,tablet
1825,34,2260,2024-10-03 20:45:38,45,smart_tv
1826,34,679,2025-05-08 15:38:24,188,smart_tv
1827,34,114,2024-01-10 21:24:20,178,tablet
1828,34,1726,2025-09-17 16:00:47,85,desktop
1829,34,753,2024-03-21 21:42:12,223,tablet
1830,34,1693,2025-03-31 18:45:38,175,mobile
1831,34,1369,2024-04-05 21:16:02,413,smart_tv
1832,34,823,2024-06-01 03:17:48,45,smart_tv
1833,34,1281,2025-02-08 01:55:59,82,tablet
1834,34,279,2025-03-10 12:25:11,123,mobile
1835,34,2047,2024-09-06 23:35:57,321,web
1836,34,1584,2024-07-11 15:34:23,174,tablet
1837,34,2376,2024-09-26 09:48:43,197,smart_tv
1838,34,52,2023-03-06 21:29:08,147,web
1839,34,897,2024-11-26 11:35:21,125,tablet
1840,34,629,2023-10-11 06:03:53,175,smart_tv
1841,34,1115,2025-03-12 07:48:01,62,web
1842,34,573,2023-05-18 03:09:24,32,smart_speaker
1843,34,655,2023-10-13 20:26:56,62,tablet
1844,34,380,2024-02-17 12:59:21,116,tablet
1845,35,2408,2025-09-11 17:24:52,77,web
1846,35,811,2024-12-04 22:59:50,194,desktop
1847,35,942,2025-01-22 21:54:55,131,smart_tv
1848,35,185,2024-02-29 02:46:00,47,tablet
1849,35,590,2024-10-29 10:16:43,69,desktop
1850,35,236,2023-10-15 05:01:49,109,smart_tv
1851,35,190,2025-04-26 19:40:07,49,desktop
1852,35,1994,2023-08-30 04:20:48,75,smart_speaker
1853,35,2292,2023-08-10 17:51:52,92,mobile
1854,35,2540,2023-11-08 04:19:29,122,web
1855,35,609,2024-04-28 17:43:45,201,desktop
1856,35,2483,2023-08-26 09:52:45,51,smart_speaker
1857,35,2614,2024-07-27 15:46:52,46,mobile
1858,35,1252,2025-05-31 23:50:37,231,desktop
1859,35,2282,2024-02-09 08:40:59,43,smart_tv
1860,35,1772,2025-11-17 11:34:56,112,web
1861,35,2424,2024-05-25 04:26:23,55,smart_speaker
1862,35,223,2025-04-27 19:46:47,149,smart_speaker
1863,35,871,2025-10-21 01:54:26,180,smart_tv
1864,35,1651,2024-12-12 08:01:20,36,mobile
1865,35,1796,2025-02-24 16:50:24,69,tablet
1866,35,1243,2024-09-12 04:41:36,250,smart_tv
1867,35,1546,2025-08-01 19:42:37,69,web
1868,35,2302,2023-12-11 20:03:08,250,web
1869,35,20,2025-11-22 08:30:32,109,desktop
1870,35,2122,2024-09-26 13:02:24,94,desktop
1871,35,1459,2023-01-26 11:26:06,165,tablet
1872,35,1374,2025-06-18 21:10:32,122,tablet
1873,35,2594,2024-10-25 14:11:16,72,smart_speaker
1874,35,1953,2023-10-14 09:31:04,126,smart_tv
1875,35,2317,2023-08-16 08:03:25,137,desktop
1876,35,1342,2024-11-26 19:53:16,111,smart_tv
1877,35,1004,2025-09-08 18:56:18,107,web
1878,35,1692,2025-04-19 07:44:26,72,smart_tv
1879,35,225,2025-11-25 11:41:30,168,smart_tv
1880,35,725,2023-10-26 22:34:13,229,web
1881,35,987,2024-01-29 12:16:45,356,tablet
1882,35,1764,2024-10-08 12:35:51,233,mobile
1883,35,189,2024-07-03 01:07:31,55,tablet
1884,35,2456,2024-08-23 03:37:07,52,smart_speaker
1885,35,198,2024-08-10 20:49:59,292,smart_tv
1886,35,692,2025-02-19 01:38:21,311,smart_tv
1887,35,2130,2025-12-16 06:16:37,297,smart_tv
1888,35,2524,2023-09-21 04:04:57,99,tablet
1889,35,2475,2024-01-31 20:26:23,34,desktop
1890,35,2551,2024-07-13 14:13:14,72,smart_speaker
1891,35,1750,2025-08-23 14:18:00,120,tablet
1892,35,1709,2023-05-15 15:34:29,147,web
1893,35,1228,2024-02-29 04:53:15,42,smart_speaker
1894,35,2213,2023-12-20 23:09:59,197,desktop
1895,35,416,2025-04-25 19:03:51,93,smart_speaker
1896,35,114,2023-07-08 10:34:57,232,smart_speaker
1897,35,781,2024-02-21 02:21:52,90,smart_tv
1898,35,2399,2023-04-16 19:35:10,99,web
1899,35,834,2025-02-06 08:08:53,156,smart_speaker
1900,35,1015,2025-09-08 05:09:47,312,mobile
1901,35,373,2025-11-12 03:58:56,110,desktop
1902,35,114,2023-04-30 06:31:26,227,desktop
1903,35,393,2025-02-17 13:07:44,123,desktop
1904,35,128,2023-01-10 04:06:43,351,desktop
1905,35,985,2025-06-19 21:44:16,55,tablet
1906,35,623,2023-12-02 22:21:02,67,desktop
1907,35,993,2024-09-05 13:50:46,193,web
1908,35,889,2025-11-20 14:49:38,64,tablet
1909,35,20,2025-07-11 04:46:01,75,mobile
1910,35,688,2025-01-23 11:22:57,53,desktop
1911,35,1002,2023-07-09 19:41:34,311,smart_speaker
1912,35,1747,2025-01-21 17:20:35,53,mobile
1913,35,461,2023-10-12 04:12:59,208,smart_speaker
1914,35,75,2024-01-16 09:58:13,80,web
1915,35,1870,2025-01-24 21:49:18,193,smart_tv
1916,36,57,2023-01-13 02:54:00,208,mobile
1917,36,431,2025-10-16 07:21:19,327,web
1918,36,325,2024-12-20 02:40:05,126,tablet
1919,36,871,2023-09-28 13:17:58,180,tablet
1920,36,2170,2024-01-06 10:21:28,161,desktop
1921,36,2091,2025-01-17 03:28:13,59,tablet
1922,36,298,2024-04-30 15:10:30,66,web
1923,36,2019,2024-04-17 22:31:50,252,smart_speaker
1924,36,473,2023-06-26 10:04:07,149,web
1925,36,240,2025-12-07 19:12:47,312,smart_tv
1926,36,45,2023-07-27 04:33:20,153,desktop
1927,36,2184,2023-10-17 12:34:56,46,tablet
1928,36,219,2023-03-14 08:53:25,349,desktop
1929,36,2129,2023-01-16 00:32:02,250,smart_speaker
1930,36,828,2024-03-15 16:12:21,351,web
1931,36,2327,2025-09-23 13:19:17,88,desktop
1932,36,840,2023-09-18 13:28:26,87,smart_tv
1933,36,52,2023-02-08 20:20:04,221,smart_speaker
1934,36,880,2023-10-04 10:23:56,165,web
1935,36,312,2025-04-28 18:41:21,89,desktop
1936,36,1435,2023-10-18 08:13:14,260,smart_tv
1937,36,657,2024-07-14 17:02:26,48,web
1938,36,176,2023-09-12 19:19:30,75,desktop
1939,36,458,2023-06-03 08:51:10,253,smart_tv
1940,36,2311,2024-06-21 23:50:05,215,tablet
1941,36,679,2025-04-01 23:28:35,140,desktop
1942,36,1583,2025-02-06 13:39:37,36,mobile
1943,36,342,2024-09-14 18:18:45,258,smart_speaker
1944,36,454,2023-06-25 10:41:58,140,smart_tv
1945,36,2200,2024-10-01 03:23:24,124,desktop
1946,36,2449,2023-01-11 23:11:26,75,tablet
1947,36,393,2024-06-01 10:35:53,78,smart_speaker
1948,36,1627,2024-02-03 14:21:07,116,smart_tv
1949,36,1813,2023-12-30 07:00:11,38,desktop
1950,36,701,2023-03-05 08:58:49,344,smart_speaker
1951,36,1225,2023-05-10 23:25:11,277,web
1952,36,1385,2023-11-21 05:29:09,35,tablet
1953,36,49,2024-07-14 19:34:39,80,mobile
1954,36,2492,2025-03-21 18:03:41,173,mobile
1955,36,249,2025-10-29 15:25:47,117,mobile
1956,36,1833,2024-05-15 18:09:02,111,mobile
1957,36,2162,2024-02-08 01:17:17,286,tablet
1958,36,671,2025-04-30 21:32:42,104,smart_tv
1959,36,2005,2024-11-24 17:44:44,61,desktop
1960,36,2034,2025-02-22 06:13:22,94,smart_tv
1961,36,1852,2025-08-05 13:23:27,155,mobile
1962,36,29,2025-05-18 13:58:17,146,mobile
1963,36,1842,2024-09-02 01:02:34,169,web
1964,36,1205,2023-03-04 15:53:29,116,smart_speaker
1965,36,952,2024-05-15 02:26:46,71,web
1966,36,32,2023-05-11 19:36:14,93,desktop
1967,36,1810,2023-09-17 10:08:02,146,web
1968,36,2437,2024-11-18 16:42:45,154,web
1969,36,564,2025-05-02 01:29:02,77,smart_speaker
1970,36,106,2023-07-03 00:04:58,383,smart_speaker
1971,36,968,2023-07-22 15:00:36,31,tablet
1972,36,443,2023-05-20 19:06:14,414,desktop
1973,36,259,2023-10-28 05:54:30,160,mobile
1974,36,1750,2023-10-31 14:47:21,138,smart_tv
1975,36,2188,2023-02-18 05:02:05,48,smart_speaker
1976,36,2444,2023-03-03 10:10:03,123,mobile
1977,36,733,2024-04-15 11:01:26,40,smart_tv
1978,36,1290,2023-04-10 18:08:40,46,web
1979,36,1922,2025-09-18 03:44:14,169,smart_tv
1980,36,319,2023-05-18 19:33:10,147,mobile
1981,36,1610,2024-02-26 18:52:10,120,smart_tv
1982,36,2322,2024-11-07 17:28:15,160,smart_speaker
1983,36,1662,2023-10-31 07:10:20,191,web
1984,36,367,2023-09-12 00:45:03,130,tablet
1985,36,230,2024-11-26 16:20:58,368,smart_speaker
1986,36,104,2024-04-23 07:33:07,354,tablet
1987,36,2225,2025-11-29 16:57:26,50,desktop
1988,36,2222,2025-10-18 14:45:03,163,mobile
1989,36,2366,2023-04-07 23:57:43,61,mobile
1990,36,1124,2024-06-04 19:42:17,119,smart_tv
1991,36,2048,2025-12-15 23:01:54,235,smart_tv
1992,36,1799,2024-10-08 09:04:02,66,smart_speaker
1993,36,1386,2023-07-20 18:39:05,167,smart_speaker
1994,36,1635,2023-02-15 00:43:47,79,smart_tv
1995,36,160,2025-06-01 17:40:57,108,mobile
1996,36,1843,2024-10-17 19:28:26,108,tablet
1997,36,308,2025-01-20 13:55:09,149,mobile
1998,36,529,2023-08-26 00:14:13,115,desktop
1999,37,18,2024-01-26 19:40:39,209,desktop
2000,37,1251,2024-12-03 08:06:44,288,desktop
2001,37,1804,2024-12-16 06:46:34,99,tablet
2002,37,777,2023-08-20 02:29:21,45,smart_speaker
2003,37,1448,2025-09-15 03:56:09,123,smart_speaker
2004,37,1097,2025-03-25 05:08:48,318,smart_speaker
2005,37,1943,2024-01-02 04:17:39,214,web
2006,37,2057,2025-02-13 22:30:32,119,smart_tv
2007,37,703,2025-08-20 04:52:27,185,desktop
2008,37,881,2025-09-03 12:40:26,203,web
2009,37,1936,2025-11-29 06:34:45,190,mobile
2010,37,670,2025-12-23 10:55:32,160,mobile
2011,37,2509,2024-01-12 23:42:35,103,smart_speaker
2012,37,1643,2025-10-31 13:28:01,246,desktop
2013,37,2484,2025-04-01 00:13:38,187,smart_tv
2014,37,1173,2025-04-09 02:21:17,103,tablet
2015,37,555,2025-11-18 04:39:34,146,desktop
2016,37,2399,2025-05-15 15:17:31,149,tablet
2017,37,1610,2025-11-17 17:41:35,118,desktop
2018,37,983,2025-07-25 10:24:17,69,smart_speaker
2019,37,2265,2024-10-08 17:05:06,262,smart_tv
2020,37,681,2023-08-30 14:14:21,151,desktop
2021,37,1366,2023-12-17 16:29:01,150,tablet
2022,37,13,2024-08-29 12:15:01,110,mobile
2023,37,428,2024-09-30 11:36:57,84,desktop
2024,37,1007,2024-02-24 16:39:23,229,mobile
2025,37,478,2024-02-11 16:43:53,98,mobile
2026,37,1534,2024-09-10 19:50:49,383,desktop
2027,37,1047,2025-12-06 09:05:40,117,desktop
2028,37,1703,2023-11-25 23:44:54,132,desktop
2029,37,2164,2025-05-14 15:43:46,137,desktop
2030,37,890,2023-10-30 20:34:16,76,smart_tv
2031,37,132,2024-03-16 02:39:02,100,tablet
2032,37,1491,2024-07-18 00:13:20,213,mobile
2033,37,1256,2023-11-12 22:46:16,168,tablet
2034,37,604,2023-05-11 13:42:45,69,mobile
2035,37,1914,2024-06-11 10:44:37,165,smart_speaker
2036,37,1086,2024-03-31 04:52:06,200,smart_tv
2037,37,2628,2024-03-24 15:56:57,115,mobile
2038,37,2588,2025-05-10 22:34:40,302,web
2039,37,1226,2023-10-07 01:09:35,183,smart_tv
2040,37,974,2025-02-24 12:38:09,86,tablet
2041,37,306,2023-09-08 18:10:27,189,mobile
2042,37,504,2024-09-25 14:30:41,169,smart_tv
2043,37,2629,2025-08-06 07:15:16,118,tablet
2044,37,1587,2024-03-23 19:36:38,75,smart_speaker
2045,37,2443,2025-02-17 10:40:05,256,desktop
2046,37,1038,2024-11-15 22:57:15,134,tablet
2047,37,879,2025-10-09 13:23:35,348,smart_speaker
2048,37,2164,2025-02-09 06:20:43,125,web
2049,37,2335,2023-07-03 16:52:19,122,desktop
2050,37,9,2023-04-06 00:02:04,148,tablet
2051,37,489,2024-02-10 14:09:43,124,web
2052,37,309,2025-04-01 19:45:05,142,tablet
2053,37,1967,2025-06-02 15:44:35,120,web
2054,37,961,2023-03-17 16:17:20,116,smart_tv
2055,37,2285,2023-09-24 10:35:27,163,tablet
2056,37,806,2023-04-29 09:40:32,36,web
2057,37,2061,2023-05-23 14:10:55,101,tablet
2058,37,1657,2024-04-10 19:35:36,91,web
2059,37,1960,2025-04-11 04:57:17,128,desktop
2060,37,1264,2023-11-16 08:52:47,54,web
2061,37,291,2024-02-22 08:02:23,242,mobile
2062,37,1744,2024-10-15 13:31:02,218,web
2063,37,2419,2024-08-27 16:31:59,88,web
2064,37,109,2024-08-09 14:41:22,182,web
2065,37,1693,2024-01-12 11:17:51,258,tablet
2066,37,2487,2023-06-09 03:14:03,67,mobile
2067,37,2126,2025-02-01 20:57:26,336,web
2068,37,2576,2023-02-27 10:29:37,128,tablet
2069,37,37,2024-10-21 19:28:43,39,tablet
2070,37,1794,2023-05-10 18:01:21,209,smart_speaker
2071,37,37,2023-06-09 00:49:33,43,desktop
2072,37,1305,2023-01-04 10:58:16,101,web
2073,37,783,2023-05-07 10:41:13,136,mobile
2074,37,7,2024-01-31 01:42:52,43,desktop
2075,37,1969,2023-09-14 09:47:20,172,smart_speaker
2076,37,2217,2024-10-07 15:35:01,160,desktop
2077,37,2617,2023-07-27 15:21:53,87,desktop
2078,37,247,2025-05-10 21:29:02,230,mobile
2079,37,1083,2025-12-26 13:03:42,170,tablet
2080,38,1524,2023-02-26 23:45:51,266,smart_speaker
2081,38,1619,2024-08-14 10:31:13,188,smart_speaker
2082,38,2608,2024-12-04 04:20:11,288,tablet
2083,38,672,2023-02-20 08:42:56,37,web
2084,38,277,2024-03-20 03:46:49,73,tablet
2085,38,1105,2023-07-31 21:55:04,62,smart_tv
2086,38,57,2025-09-23 18:01:12,151,desktop
2087,38,2001,2023-09-21 10:23:49,61,web
2088,38,2185,2024-10-19 07:43:43,47,web
2089,38,1450,2025-06-18 03:47:46,218,desktop
2090,38,2126,2025-12-30 14:32:11,194,web
2091,38,2454,2025-07-20 11:32:34,99,smart_tv
2092,38,1326,2025-10-21 19:19:40,90,web
2093,38,1790,2023-11-28 09:53:40,155,web
2094,38,2494,2025-02-21 16:37:45,73,smart_speaker
2095,38,941,2023-02-14 14:33:50,117,tablet
2096,38,2044,2025-01-12 07:55:43,324,smart_tv
2097,38,2461,2025-09-23 05:51:31,303,desktop
2098,38,1598,2024-11-20 01:47:24,141,mobile
2099,38,1922,2024-04-29 11:50:23,350,mobile
2100,38,166,2024-07-27 04:15:58,141,smart_speaker
2101,38,1117,2025-11-10 22:18:45,304,mobile
2102,38,1297,2023-01-07 21:36:21,173,desktop
2103,38,2334,2023-03-28 11:42:26,90,tablet
2104,38,1777,2023-02-09 11:36:03,141,desktop
2105,38,2174,2024-07-06 08:24:41,171,web
2106,38,1679,2025-08-19 12:57:25,226,smart_tv
2107,38,62,2025-08-17 02:24:01,137,desktop
2108,39,1259,2025-11-16 22:14:31,269,smart_tv
2109,39,71,2025-01-25 05:43:01,113,mobile
2110,39,703,2023-05-16 06:18:02,44,mobile
2111,39,2050,2024-03-27 23:54:52,96,smart_tv
2112,39,677,2025-10-27 09:04:50,100,smart_tv
2113,39,1274,2025-10-15 03:05:34,176,mobile
2114,39,2157,2023-02-06 06:09:18,254,desktop
2115,39,1137,2024-06-20 07:11:51,328,tablet
2116,39,250,2025-02-18 09:04:40,119,smart_speaker
2117,39,2594,2023-12-30 17:06:28,112,smart_tv
2118,39,1530,2024-01-09 10:51:47,116,desktop
2119,39,1133,2025-09-22 14:50:52,155,smart_tv
2120,39,1857,2025-07-06 15:15:15,199,mobile
2121,39,1832,2024-10-10 08:10:16,204,tablet
2122,39,1322,2024-12-13 15:20:33,144,smart_tv
2123,39,1033,2025-05-20 03:11:26,237,web
2124,39,1445,2023-08-29 07:59:46,114,mobile
2125,39,699,2023-09-22 21:54:42,114,web
2126,39,2257,2024-03-27 04:22:50,244,smart_tv
2127,39,2428,2025-09-21 13:13:38,43,mobile
2128,39,2015,2024-05-19 06:44:26,116,desktop
2129,39,1968,2025-07-03 23:04:56,222,web
2130,39,718,2025-08-22 22:43:51,170,smart_speaker
2131,39,1754,2024-05-24 03:36:14,50,desktop
2132,39,2557,2024-09-09 08:27:45,157,tablet
2133,39,2396,2025-05-25 17:44:07,57,desktop
2134,39,247,2023-12-15 01:57:17,370,smart_speaker
2135,39,1391,2024-02-23 04:41:17,49,smart_tv
2136,39,4,2023-04-02 10:05:08,316,tablet
2137,39,368,2024-06-16 00:54:10,322,web
2138,39,337,2023-07-20 05:50:44,66,desktop
2139,39,1700,2025-05-26 12:05:20,193,smart_tv
2140,39,1312,2023-12-10 21:30:06,308,tablet
2141,39,284,2023-11-10 08:31:48,276,smart_tv
2142,39,1015,2024-06-02 09:35:19,112,smart_speaker
2143,39,1165,2024-10-10 03:29:03,66,tablet
2144,39,536,2024-11-05 19:05:23,115,mobile
2145,39,1111,2023-04-03 12:12:51,160,tablet
2146,39,577,2023-02-04 19:57:11,131,desktop
2147,39,838,2024-02-14 06:32:58,143,smart_tv
2148,39,313,2023-04-18 02:33:40,299,smart_speaker
2149,39,2041,2025-03-27 10:55:55,283,desktop
2150,39,1839,2023-08-12 13:50:21,296,desktop
2151,39,1567,2024-06-26 15:54:16,126,web
2152,39,896,2025-12-10 06:36:47,159,mobile
2153,39,1175,2023-06-09 02:06:27,63,smart_tv
2154,39,349,2024-08-20 10:37:39,54,desktop
2155,39,829,2025-11-18 06:21:47,89,mobile
2156,39,2067,2024-08-03 12:43:11,67,tablet
2157,39,356,2025-04-01 23:48:18,362,tablet
2158,39,1024,2024-10-13 21:17:00,140,mobile
2159,39,741,2025-11-17 15:46:34,38,web
2160,39,2478,2023-11-06 11:19:50,74,desktop
2161,39,1931,2025-05-09 13:27:26,306,mobile
2162,39,649,2025-11-28 19:05:25,47,mobile
2163,40,985,2024-10-07 11:07:07,154,web
2164,40,1693,2025-02-13 15:47:31,264,smart_tv
2165,40,1864,2024-01-09 02:06:56,243,tablet
2166,40,1869,2024-08-09 09:17:37,109,tablet
2167,40,1428,2024-04-09 03:53:32,114,smart_speaker
2168,40,239,2023-11-20 03:49:14,94,smart_speaker
2169,40,454,2025-08-10 20:29:09,114,web
2170,40,1025,2023-11-10 20:41:06,121,web
2171,40,455,2023-06-17 14:00:30,260,mobile
2172,40,573,2024-08-16 03:13:57,82,smart_speaker
2173,40,1291,2024-07-31 01:10:29,82,desktop
2174,40,202,2025-04-14 18:05:31,188,web
2175,40,555,2023-10-26 11:31:26,206,desktop
2176,40,773,2025-10-11 02:11:25,72,desktop
2177,40,1496,2025-11-20 08:19:42,47,tablet
2178,40,2131,2024-05-04 04:21:34,202,web
2179,40,117,2024-12-22 14:11:25,35,desktop
2180,40,1543,2024-01-24 23:33:13,38,smart_tv
2181,40,568,2024-10-18 11:09:19,37,smart_tv
2182,40,1803,2024-03-13 04:52:28,121,mobile
2183,40,1311,2025-09-09 03:41:26,45,web
2184,40,1217,2024-04-19 21:40:55,238,smart_speaker
2185,40,1956,2024-11-09 19:46:27,110,mobile
2186,40,1721,2024-03-19 17:46:25,317,desktop
2187,40,1045,2025-10-23 16:13:57,99,smart_tv
2188,40,2372,2024-12-05 15:52:10,93,mobile
2189,40,714,2025-06-24 20:44:52,174,mobile
2190,40,1790,2025-05-30 11:17:50,113,smart_tv
2191,40,692,2024-06-19 17:55:55,115,web
2192,40,138,2023-09-02 22:51:10,88,web
2193,40,1480,2025-02-26 23:32:56,188,desktop
2194,40,1860,2024-12-18 20:13:27,58,desktop
2195,40,1533,2025-04-28 11:44:12,76,smart_speaker
2196,40,1084,2025-04-04 10:44:28,51,smart_speaker
2197,40,2415,2024-04-11 06:37:26,213,mobile
2198,40,1574,2025-11-20 07:42:27,115,smart_speaker
2199,40,2386,2023-04-15 10:07:48,221,web
2200,40,2392,2024-03-05 05:09:18,190,smart_tv
2201,40,1201,2024-04-08 17:53:57,251,tablet
2202,40,1317,2023-08-13 06:51:47,90,smart_speaker
2203,40,25,2023-02-16 20:54:16,162,mobile
2204,40,1518,2023-09-21 21:23:59,185,desktop
2205,40,2156,2024-08-06 14:23:52,156,smart_speaker
2206,40,1497,2024-05-28 00:00:20,95,smart_tv
2207,40,39,2023-04-18 09:13:20,94,smart_speaker
2208,40,1925,2025-01-28 04:29:12,106,web
2209,40,1420,2023-03-11 23:39:28,93,web
2210,40,1234,2024-08-06 16:59:42,145,mobile
2211,40,2524,2025-11-20 21:33:59,222,desktop
2212,40,1735,2025-01-31 07:58:28,103,web
2213,40,1408,2023-03-11 01:37:38,95,smart_speaker
2214,40,115,2023-03-31 00:08:24,118,tablet
2215,40,315,2024-12-17 19:12:57,91,web
2216,40,133,2025-09-13 19:40:38,156,desktop
2217,40,1106,2025-12-25 01:10:03,138,mobile
2218,40,1017,2023-06-14 10:13:13,135,mobile
2219,40,908,2025-10-27 21:38:40,106,mobile
2220,40,1997,2025-07-01 12:03:45,109,desktop
2221,40,360,2024-08-21 14:33:37,98,tablet
2222,40,1972,2024-05-17 17:11:29,245,desktop
2223,40,1999,2024-06-20 10:07:29,66,web
2224,40,734,2025-02-20 03:09:24,133,desktop
2225,40,2301,2024-09-12 18:38:12,155,web
2226,40,2057,2024-06-09 18:20:28,76,tablet
2227,40,214,2024-10-18 23:02:23,230,smart_speaker
2228,40,2082,2023-04-20 02:36:06,118,tablet
2229,40,1918,2023-06-20 14:04:27,118,tablet
2230,40,1495,2024-10-08 01:07:32,243,mobile
2231,40,1726,2024-10-06 00:46:27,107,mobile
2232,40,2317,2024-01-08 01:43:25,245,web
2233,40,979,2024-08-25 18:02:51,94,smart_tv
2234,40,2619,2023-01-22 23:35:14,204,smart_speaker
2235,40,1518,2024-05-02 03:14:34,91,web
2236,40,1693,2023-07-01 01:56:11,66,desktop
2237,40,849,2025-06-30 21:24:29,115,smart_tv
2238,40,770,2023-10-19 01:29:39,63,tablet
2239,40,1522,2023-04-26 22:46:09,160,desktop
2240,40,1529,2024-09-05 11:55:39,133,mobile
2241,40,2431,2023-07-19 20:45:53,71,desktop
2242,40,2627,2024-10-29 10:45:35,320,smart_tv
2243,40,1278,2025-05-16 21:21:00,228,smart_speaker
2244,40,1992,2025-05-09 17:57:45,185,smart_speaker
2245,40,1974,2025-06-06 02:58:23,289,web
2246,40,2485,2024-09-26 08:29:05,408,desktop
2247,41,2342,2024-10-21 23:50:00,268,desktop
2248,41,240,2024-06-23 19:54:24,112,smart_tv
2249,41,2569,2023-03-21 03:33:46,96,web
2250,41,840,2024-08-26 19:05:03,322,desktop
2251,41,740,2024-06-23 21:24:10,318,web
2252,41,322,2024-10-17 11:40:12,158,desktop
2253,41,963,2023-01-07 17:13:29,91,desktop
2254,41,1978,2024-03-13 09:35:47,237,smart_speaker
2255,41,41,2023-06-21 19:19:38,154,smart_tv
2256,41,835,2023-06-17 15:31:05,53,smart_speaker
2257,41,2058,2024-10-22 14:22:05,92,smart_tv
2258,41,70,2025-03-25 06:18:08,215,web
2259,41,1417,2023-12-18 10:10:29,228,mobile
2260,41,1721,2023-08-21 20:53:54,118,desktop
2261,41,50,2024-10-03 22:15:26,126,tablet
2262,41,1709,2024-12-31 19:38:39,135,web
2263,41,1446,2025-01-31 16:54:20,262,tablet
2264,41,1604,2025-08-21 16:00:58,217,tablet
2265,41,681,2025-08-02 11:21:12,163,tablet
2266,41,266,2023-01-03 21:36:47,234,tablet
2267,42,145,2023-12-04 05:37:34,139,web
2268,42,653,2024-12-29 05:09:00,82,mobile
2269,42,893,2023-07-18 00:05:24,69,smart_speaker
2270,42,714,2024-11-21 11:45:35,185,web
2271,42,1561,2023-11-18 14:13:00,113,desktop
2272,42,940,2024-06-14 13:33:29,135,mobile
2273,42,475,2025-05-14 22:36:40,293,web
2274,42,620,2023-01-20 23:42:17,154,smart_speaker
2275,42,14,2025-12-02 19:14:12,139,web
2276,42,2387,2024-05-26 21:13:02,288,web
2277,42,1692,2023-08-04 12:36:59,47,smart_speaker
2278,43,819,2025-10-05 20:47:55,62,web
2279,43,422,2023-05-26 20:22:15,197,desktop
2280,43,2059,2023-05-03 02:29:51,268,smart_tv
2281,43,2470,2023-02-16 15:13:38,83,web
2282,43,1603,2024-10-20 12:05:27,227,smart_tv
2283,43,937,2024-09-01 09:21:59,345,tablet
2284,43,1967,2023-09-30 03:26:21,289,mobile
2285,43,1009,2023-09-04 00:17:24,136,tablet
2286,43,2382,2025-03-11 16:18:33,101,tablet
2287,43,42,2023-10-27 00:43:18,132,web
2288,43,2013,2025-08-07 07:51:06,42,web
2289,43,709,2025-11-03 10:59:34,199,smart_speaker
2290,43,1140,2023-02-17 22:46:31,145,smart_tv
2291,43,1480,2023-12-06 18:00:43,118,web
2292,43,811,2025-11-01 01:15:56,220,mobile
2293,43,823,2023-08-30 06:01:07,120,tablet
2294,43,1405,2023-07-15 23:00:15,259,web
2295,43,1352,2024-10-05 23:34:41,145,mobile
2296,43,2385,2025-09-07 18:47:10,117,mobile
2297,43,1023,2023-03-26 16:27:06,77,smart_tv
2298,43,2054,2024-12-07 11:14:01,314,mobile
2299,43,1869,2023-04-15 04:08:20,62,web
2300,43,1631,2024-05-27 06:26:44,107,tablet
2301,43,2551,2024-03-29 18:38:49,66,smart_speaker
2302,43,1457,2023-09-06 12:14:49,234,web
2303,43,2456,2025-02-24 00:07:56,90,smart_speaker
2304,43,2060,2023-09-20 22:02:02,31,web
2305,43,303,2024-05-24 12:57:18,91,tablet
2306,43,2405,2024-12-26 03:45:08,256,smart_tv
2307,43,1695,2024-02-21 16:57:49,75,desktop
2308,43,1639,2023-05-12 21:14:09,134,tablet
2309,43,1805,2024-10-05 00:27:49,118,desktop
2310,43,2082,2023-09-16 16:26:42,64,web
2311,43,1585,2023-06-18 13:56:59,244,smart_speaker
2312,43,1343,2025-10-16 21:55:00,167,web
2313,43,2309,2025-11-01 05:33:40,36,desktop
2314,43,2305,2024-04-18 16:17:16,173,tablet
2315,43,2378,2024-04-05 14:25:05,78,web
2316,43,1049,2024-05-11 20:29:38,147,smart_tv
2317,43,1677,2024-09-05 17:56:40,69,web
2318,43,974,2025-04-22 11:36:14,253,tablet
2319,43,2562,2024-06-12 01:44:52,38,web
2320,43,140,2025-06-24 01:40:06,76,web
2321,43,1506,2025-07-12 06:31:23,118,web
2322,43,1640,2024-11-20 02:36:18,95,desktop
2323,43,581,2023-11-20 13:30:15,216,smart_speaker
2324,43,772,2024-08-18 22:30:39,37,mobile
2325,43,2373,2024-03-18 09:15:19,74,desktop
2326,43,2610,2024-12-15 01:54:40,45,smart_tv
2327,43,1569,2023-06-14 18:47:27,173,tablet
2328,43,942,2024-09-28 13:03:25,38,web
2329,43,2176,2025-02-04 10:01:46,303,mobile
2330,44,557,2023-01-02 02:44:02,101,mobile
2331,44,916,2025-09-11 17:00:26,212,desktop
2332,44,2256,2025-05-03 01:08:47,81,mobile
2333,44,647,2023-01-18 17:16:02,127,smart_speaker
2334,44,2531,2024-10-25 04:51:30,131,smart_tv
2335,44,1756,2023-12-08 12:12:41,256,desktop
2336,44,72,2023-11-06 15:58:26,257,desktop
2337,44,1210,2024-01-24 16:54:29,287,desktop
2338,44,1538,2024-07-15 17:19:19,137,smart_tv
2339,44,4,2024-12-15 14:03:59,357,mobile
2340,44,2373,2025-09-04 00:04:53,31,tablet
2341,44,1662,2025-10-21 06:26:46,249,tablet
2342,44,2009,2024-03-21 20:13:26,79,smart_speaker
2343,44,1672,2025-01-29 19:39:40,152,mobile
2344,44,1302,2024-02-09 21:21:25,130,smart_tv
2345,44,825,2025-07-22 16:16:13,61,mobile
2346,44,1608,2024-01-26 07:33:41,215,smart_speaker
2347,44,24,2025-07-06 01:36:13,125,tablet
2348,44,1109,2024-10-23 07:30:36,170,web
2349,44,2182,2025-02-08 04:41:17,125,desktop
2350,44,206,2024-07-03 14:07:44,162,smart_speaker
2351,44,1757,2025-04-09 05:30:01,93,mobile
2352,44,659,2024-05-28 10:31:27,84,mobile
2353,44,560,2025-07-05 05:13:24,235,desktop
2354,44,1731,2024-10-13 18:49:14,62,tablet
2355,44,1115,2025-02-08 11:31:59,95,mobile
2356,44,134,2025-05-25 10:41:24,197,smart_speaker
2357,44,212,2024-04-20 03:06:09,33,mobile
2358,44,1204,2024-08-22 19:03:08,61,tablet
2359,44,2492,2024-12-26 05:16:16,36,mobile
2360,44,105,2023-04-20 06:26:56,326,web
2361,44,228,2023-02-24 05:59:31,145,desktop
2362,44,2127,2025-02-25 18:29:32,193,tablet
2363,44,1608,2024-11-16 02:42:46,264,web
2364,44,950,2025-09-06 22:04:58,109,web
2365,44,2033,2024-03-15 17:08:20,154,smart_tv
2366,44,2345,2023-12-27 08:44:01,323,web
2367,44,133,2025-05-11 08:13:23,100,mobile
2368,44,863,2023-06-16 16:54:03,177,smart_speaker
2369,44,1303,2025-06-12 14:30:55,223,smart_tv
2370,44,278,2025-03-24 12:02:55,86,desktop
2371,44,448,2023-11-09 10:35:21,36,tablet
2372,44,1204,2023-07-15 12:07:36,168,web
2373,44,1037,2025-10-14 02:42:07,119,tablet
2374,44,2582,2023-04-16 06:25:27,83,mobile
2375,44,2388,2025-10-16 09:29:18,51,desktop
2376,44,1448,2025-07-22 21:00:27,183,web
2377,44,59,2025-06-16 14:49:16,67,desktop
2378,44,2366,2024-03-15 03:20:24,46,desktop
2379,44,1285,2025-05-27 06:10:37,87,smart_speaker
2380,44,2560,2025-07-04 22:53:49,39,web
2381,44,935,2023-08-05 17:45:41,93,smart_speaker
2382,44,2222,2024-11-26 09:54:32,203,smart_tv
2383,44,1918,2024-08-27 14:00:48,139,smart_tv
2384,44,149,2025-09-09 22:52:14,228,desktop
2385,44,2145,2025-06-15 17:00:54,111,mobile
2386,44,828,2024-04-26 04:01:56,38,web
2387,44,871,2025-05-26 09:58:09,270,smart_speaker
2388,44,893,2025-04-09 03:45:28,89,tablet
2389,44,1189,2025-11-05 10:38:38,364,desktop
2390,44,88,2025-03-31 07:02:05,55,smart_speaker
2391,44,806,2024-09-24 23:28:20,91,desktop
2392,44,2329,2025-10-29 06:42:08,82,web
2393,44,2554,2025-11-28 16:29:10,259,web
2394,44,35,2023-10-08 04:19:40,128,smart_tv
2395,44,993,2025-03-02 22:41:57,72,mobile
2396,45,502,2024-06-24 23:44:08,109,smart_speaker
2397,45,328,2025-05-05 20:12:42,113,mobile
2398,45,912,2023-12-13 19:50:46,56,mobile
2399,45,1925,2025-03-02 06:07:21,83,mobile
2400,45,1398,2024-11-10 23:08:51,242,smart_tv
2401,45,1663,2024-12-03 15:41:47,156,mobile
2402,45,2429,2023-08-01 04:38:18,99,mobile
2403,45,933,2023-04-02 18:29:40,265,desktop
2404,45,2174,2024-11-20 14:12:04,111,smart_tv
2405,45,1106,2023-02-22 00:50:18,121,smart_speaker
2406,45,2557,2023-10-16 11:23:02,90,web
2407,45,53,2023-11-22 00:04:14,136,mobile
2408,45,1549,2024-11-11 06:19:33,280,smart_speaker
2409,45,1975,2023-06-22 01:35:21,106,web
2410,45,696,2024-02-18 15:57:05,150,web
2411,45,717,2024-08-10 05:03:01,112,tablet
2412,45,1907,2023-04-10 15:28:29,54,smart_tv
2413,45,1155,2025-06-14 01:49:51,136,smart_tv
2414,45,1060,2025-12-20 07:49:49,123,mobile
2415,45,1267,2024-05-06 10:34:11,147,smart_tv
2416,45,1460,2023-10-04 01:03:53,211,smart_tv
2417,45,1231,2024-04-06 15:20:23,295,smart_speaker
2418,45,599,2024-05-16 23:29:30,101,web
2419,45,1718,2025-10-14 00:48:15,137,smart_speaker
2420,45,2349,2023-03-17 09:21:12,87,smart_speaker
2421,45,1497,2023-06-11 21:55:04,56,mobile
2422,45,1289,2024-11-03 07:13:50,151,desktop
2423,45,952,2025-04-24 05:08:21,140,tablet
2424,45,306,2024-05-11 17:46:37,147,smart_tv
2425,45,1175,2024-10-15 03:52:42,283,mobile
2426,45,1509,2023-04-04 15:34:18,241,smart_speaker
2427,45,38,2025-08-03 07:16:02,169,desktop
2428,45,2065,2023-11-22 11:25:17,47,smart_speaker
2429,45,915,2024-02-07 14:48:52,141,tablet
2430,45,248,2023-10-03 16:50:21,92,tablet
2431,45,2086,2024-10-27 09:09:12,43,desktop
2432,45,2563,2024-04-09 18:48:23,125,web
2433,45,1410,2024-08-08 08:57:20,81,web
2434,45,988,2023-11-17 21:26:27,107,desktop
2435,45,1232,2025-08-26 20:01:39,122,desktop
2436,45,1143,2024-05-13 16:37:00,145,mobile
2437,45,1389,2023-04-30 19:37:37,192,tablet
2438,45,1928,2025-04-04 01:12:24,356,desktop
2439,45,1649,2023-10-26 20:23:20,304,smart_speaker
2440,45,31,2025-09-20 22:49:22,81,desktop
2441,45,1104,2025-11-18 01:04:49,219,desktop
2442,45,1901,2023-05-18 17:58:38,126,mobile
2443,45,2152,2025-11-09 11:29:13,129,desktop
2444,45,2095,2025-09-08 16:19:38,223,smart_speaker
2445,45,1896,2024-01-25 19:37:11,153,smart_tv
2446,45,737,2023-12-01 22:08:54,191,smart_tv
2447,45,101,2023-11-21 20:28:31,314,tablet
2448,45,1144,2024-12-30 11:21:12,316,smart_tv
2449,45,760,2024-10-03 21:30:56,97,mobile
2450,45,2338,2023-10-21 22:15:54,92,smart_speaker
2451,45,635,2023-10-05 20:07:36,176,tablet
2452,45,370,2023-09-30 22:36:22,119,desktop
2453,45,572,2025-03-03 22:09:40,30,smart_tv
2454,45,760,2024-06-25 09:40:35,60,web
2455,45,2375,2024-01-25 10:59:29,54,smart_speaker
2456,45,1477,2024-03-02 12:53:07,73,tablet
2457,45,1140,2023-04-11 01:54:28,306,smart_speaker
2458,45,673,2024-05-09 10:59:39,305,smart_speaker
2459,45,980,2023-05-13 21:05:42,163,mobile
2460,45,210,2023-12-27 18:37:28,118,smart_tv
2461,45,921,2023-02-13 11:32:44,55,desktop
2462,45,2069,2023-08-23 01:06:29,250,smart_tv
2463,45,782,2024-05-22 00:27:29,200,tablet
2464,45,2509,2023-01-15 02:12:46,69,smart_tv
2465,45,2374,2025-04-29 05:05:41,127,tablet
2466,46,411,2024-10-24 18:00:21,242,smart_speaker
2467,46,2393,2024-11-09 08:50:38,113,desktop
2468,46,379,2023-10-30 10:54:11,67,web
2469,46,1502,2023-04-03 17:07:38,164,smart_tv
2470,46,708,2025-04-18 16:44:00,134,smart_speaker
2471,46,1286,2024-08-22 12:41:13,179,web
2472,46,862,2024-04-08 00:20:37,254,smart_tv
2473,46,208,2025-11-30 10:56:49,378,smart_speaker
2474,46,2205,2023-09-29 14:28:10,83,mobile
2475,46,2362,2023-09-22 02:00:09,215,smart_speaker
2476,46,1800,2023-10-03 02:31:07,296,smart_speaker
2477,46,2621,2024-03-25 16:35:15,232,smart_tv
2478,46,875,2024-09-02 09:33:11,83,mobile
2479,46,1625,2023-11-11 08:25:49,154,mobile
2480,46,2270,2024-03-31 22:58:20,129,mobile
2481,46,423,2024-12-29 16:55:23,70,web
2482,46,1615,2023-08-25 12:14:58,161,mobile
2483,46,966,2023-11-19 07:35:28,237,tablet
2484,46,2494,2023-03-18 06:38:09,161,tablet
2485,46,2047,2024-03-12 23:09:55,322,mobile
2486,46,2588,2023-05-21 06:48:36,251,desktop
2487,46,1041,2025-10-09 20:14:35,211,desktop
2488,46,142,2023-12-22 07:58:18,54,mobile
2489,46,402,2024-08-26 00:44:29,135,desktop
2490,46,1538,2024-11-01 08:42:37,75,desktop
2491,46,2147,2024-03-01 19:59:30,215,tablet
2492,46,1254,2023-04-23 10:10:08,104,mobile
2493,46,2185,2025-09-14 11:09:31,114,smart_tv
2494,46,2521,2024-08-10 18:22:31,107,desktop
2495,46,2355,2024-06-30 19:20:13,68,mobile
2496,46,2597,2023-01-03 20:19:58,160,tablet
2497,46,2159,2024-10-25 07:19:22,70,mobile
2498,46,1568,2024-10-06 00:21:54,412,mobile
2499,46,247,2023-10-11 17:54:48,229,mobile
2500,46,1214,2024-10-12 15:27:00,181,mobile
2501,46,2610,2023-06-11 09:49:01,256,tablet
2502,46,2509,2025-10-22 11:08:55,72,desktop
2503,46,2094,2025-09-12 04:47:09,84,web
2504,46,1556,2023-07-28 07:31:15,189,tablet
2505,46,298,2023-02-07 03:15:54,83,smart_tv
2506,46,2567,2025-02-02 16:25:04,309,smart_speaker
2507,46,1180,2024-05-11 05:56:30,150,desktop
2508,46,605,2023-04-29 07:11:23,250,tablet
2509,46,230,2023-10-04 01:07:55,379,tablet
2510,46,627,2023-11-25 11:46:33,228,smart_speaker
2511,46,2344,2023-10-30 23:41:54,118,tablet
2512,46,1042,2023-01-22 17:25:45,88,mobile
2513,46,278,2025-09-24 16:24:32,33,web
2514,46,1901,2023-09-24 11:20:26,162,tablet
2515,46,99,2023-09-20 10:11:36,92,web
2516,46,105,2024-06-21 13:56:15,357,web
2517,46,125,2024-10-23 05:18:14,141,smart_tv
2518,46,387,2024-01-28 08:55:14,306,tablet
2519,46,959,2023-12-12 10:45:10,131,mobile
2520,46,2047,2023-05-06 04:12:01,160,smart_tv
2521,46,2355,2024-05-07 02:45:52,212,tablet
2522,46,271,2023-09-23 04:19:42,114,tablet
2523,46,2372,2023-10-04 03:51:45,70,mobile
2524,46,737,2025-02-27 14:23:18,201,smart_speaker
2525,46,296,2024-07-07 20:41:48,130,web
2526,46,742,2023-03-15 21:06:55,160,smart_speaker
2527,46,1451,2023-08-04 10:48:06,44,smart_tv
2528,46,1608,2025-04-30 13:53:31,30,mobile
2529,46,647,2024-10-09 20:57:17,107,smart_tv
2530,46,681,2024-06-03 02:33:07,277,mobile
2531,46,1342,2023-03-30 14:49:27,274,web
2532,47,557,2024-03-08 17:22:31,62,desktop
2533,47,2461,2024-04-03 19:18:38,152,mobile
2534,47,1012,2025-12-04 18:28:07,414,desktop
2535,47,1497,2023-03-13 04:34:21,73,smart_tv
2536,47,1027,2025-07-21 14:49:21,233,desktop
2537,47,982,2025-05-21 17:19:50,88,smart_speaker
2538,47,1154,2024-04-04 08:02:26,54,web
2539,47,951,2025-01-18 11:58:22,130,tablet
2540,47,1053,2023-11-23 23:30:47,335,smart_speaker
2541,47,2425,2024-02-18 05:50:20,69,web
2542,47,2303,2024-07-07 14:09:12,218,smart_speaker
2543,47,79,2023-10-24 19:52:43,87,mobile
2544,47,2142,2024-09-30 06:58:25,193,tablet
2545,47,394,2024-03-22 14:06:50,172,smart_tv
2546,47,1007,2023-07-18 21:44:20,181,web
2547,47,192,2025-03-11 13:21:17,193,mobile
2548,47,1363,2023-03-30 21:32:40,99,web
2549,47,2094,2025-02-08 20:28:06,84,tablet
2550,47,2395,2023-02-13 01:54:55,70,mobile
2551,47,2282,2023-07-14 13:55:53,138,smart_tv
2552,47,2000,2023-09-22 16:48:10,83,mobile
2553,47,2517,2023-03-22 18:10:13,277,tablet
2554,47,1184,2024-02-04 11:27:19,270,smart_speaker
2555,47,949,2025-06-01 08:34:41,57,web
2556,47,294,2025-01-02 16:57:55,45,smart_tv
2557,47,1030,2023-01-16 08:34:04,45,desktop
2558,47,1050,2024-07-07 20:57:11,231,smart_speaker
2559,47,2065,2025-12-04 11:15:40,100,smart_speaker
2560,47,1623,2024-05-26 22:39:36,279,desktop
2561,47,1962,2024-04-01 08:35:29,172,smart_speaker
2562,47,1550,2024-09-20 22:19:25,223,mobile
2563,47,1813,2023-07-29 20:54:44,142,smart_tv
2564,47,1551,2023-04-01 04:17:49,226,tablet
2565,47,1925,2024-02-14 01:09:06,43,desktop
2566,47,28,2025-05-17 08:00:36,57,smart_speaker
2567,47,7,2023-10-27 18:05:34,141,smart_speaker
2568,47,2434,2023-11-24 07:41:11,286,web
2569,47,631,2024-07-06 09:21:45,63,smart_speaker
2570,47,2399,2025-08-29 03:16:37,174,mobile
2571,48,885,2025-06-21 08:10:59,156,tablet
2572,48,480,2024-09-16 17:22:50,39,desktop
2573,48,1622,2025-08-02 00:42:48,392,tablet
2574,48,1979,2024-11-16 07:31:17,221,desktop
2575,48,1764,2024-10-12 11:35:53,317,tablet
2576,48,2290,2023-03-21 17:20:18,85,web
2577,48,405,2024-10-25 20:54:03,80,smart_tv
2578,48,1925,2025-03-23 19:47:31,38,smart_tv
2579,48,1291,2023-08-21 04:37:59,96,web
2580,48,2268,2023-04-15 04:01:29,157,tablet
2581,48,1000,2025-01-27 06:44:51,227,tablet
2582,48,642,2025-08-05 07:31:09,161,desktop
2583,48,2512,2023-12-09 02:09:27,32,desktop
2584,48,2557,2024-07-09 23:20:14,91,smart_speaker
2585,48,1502,2023-07-30 17:22:18,219,web
2586,48,1627,2023-03-06 21:10:29,207,desktop
2587,48,741,2025-07-21 04:54:19,316,smart_tv
2588,48,970,2024-03-26 22:24:48,45,mobile
2589,48,345,2024-01-30 12:16:20,280,web
2590,48,1248,2024-12-08 06:42:33,72,tablet
2591,48,2005,2023-11-10 08:06:54,260,smart_tv
2592,48,152,2024-03-03 21:52:20,224,smart_speaker
2593,48,2523,2023-03-03 21:45:34,177,smart_tv
2594,48,1880,2025-04-09 13:18:52,38,smart_speaker
2595,48,1270,2024-07-20 09:02:55,229,tablet
2596,48,2356,2025-01-14 12:39:34,260,desktop
2597,48,2497,2024-08-20 23:49:43,54,mobile
2598,48,822,2025-12-03 11:27:33,94,mobile
2599,48,1406,2024-12-31 08:09:48,135,smart_tv
2600,48,2218,2025-06-20 20:44:28,79,mobile
2601,48,2126,2023-02-01 08:18:38,180,mobile
2602,48,2036,2024-05-02 10:14:44,139,smart_speaker
2603,48,2618,2024-03-07 17:22:38,84,mobile
2604,48,1941,2023-09-08 22:54:40,83,web
2605,48,2060,2025-10-22 15:23:07,159,smart_tv
2606,48,1860,2023-04-17 04:26:18,203,web
2607,48,1739,2025-06-14 01:18:07,331,mobile
2608,48,1586,2024-05-12 12:42:20,289,smart_tv
2609,48,742,2023-12-26 18:38:42,135,desktop
2610,48,1263,2023-04-19 23:10:13,60,mobile
2611,48,1081,2025-04-15 19:09:44,199,smart_tv
2612,48,2278,2024-10-13 19:02:57,260,mobile
2613,48,596,2024-08-21 03:09:00,113,smart_tv
2614,48,655,2025-05-03 04:17:00,242,mobile
2615,48,2267,2023-08-12 00:42:05,180,mobile
2616,48,681,2025-02-01 00:48:22,224,smart_speaker
2617,48,2556,2025-09-23 06:49:13,247,smart_speaker
2618,48,2085,2024-07-24 03:55:34,114,tablet
2619,48,2366,2025-11-12 15:58:43,179,mobile
2620,49,1657,2023-02-10 03:07:27,165,tablet
2621,49,410,2025-12-16 17:08:45,208,web
2622,49,2295,2024-06-03 23:48:29,254,tablet
2623,49,792,2024-12-23 15:53:18,88,mobile
2624,49,1140,2023-11-30 05:18:31,263,smart_tv
2625,49,833,2023-07-12 14:15:29,165,tablet
2626,49,1510,2025-05-28 10:49:30,236,smart_tv
2627,49,90,2025-02-04 22:13:51,135,mobile
2628,49,1783,2025-08-24 15:17:40,160,tablet
2629,49,2243,2023-05-29 07:40:53,168,web
2630,49,1252,2023-01-04 12:30:10,32,mobile
2631,49,1114,2023-02-26 05:58:42,143,tablet
2632,49,1681,2023-03-12 02:46:54,49,desktop
2633,49,504,2023-03-21 02:17:29,246,tablet
2634,49,166,2024-11-21 13:23:27,278,desktop
2635,49,2394,2024-09-30 15:49:02,298,web
2636,49,661,2023-10-02 03:05:26,199,web
2637,49,1252,2023-08-28 00:38:41,262,desktop
2638,49,1096,2024-02-06 18:10:07,278,smart_speaker
2639,49,2455,2023-08-20 18:39:00,221,mobile
2640,49,2630,2025-07-15 17:17:17,152,web
2641,49,799,2024-09-30 12:57:59,238,web
2642,49,1318,2024-03-04 12:46:46,258,web
2643,49,1501,2025-03-01 06:47:48,266,smart_speaker
2644,49,997,2025-11-01 21:02:17,277,mobile
2645,49,246,2025-12-24 17:38:26,112,desktop
2646,49,2405,2025-12-16 23:27:53,103,tablet
2647,49,2653,2025-07-05 16:10:54,37,smart_tv
2648,49,2030,2024-12-14 22:46:50,45,smart_speaker
2649,49,1327,2023-10-30 23:36:01,121,smart_tv
2650,49,9,2025-09-13 17:11:20,57,smart_tv
2651,49,1186,2023-12-15 14:12:30,40,tablet
2652,49,251,2023-09-03 03:24:37,119,smart_tv
2653,49,242,2023-03-14 14:38:41,105,mobile
2654,49,824,2023-06-04 17:27:16,134,web
2655,49,1626,2025-02-06 17:12:51,89,tablet
2656,49,605,2025-01-16 02:45:47,30,smart_tv
2657,49,453,2023-08-30 22:45:48,259,smart_speaker
2658,49,1920,2023-06-09 08:40:45,142,smart_tv
2659,49,873,2024-05-21 02:31:39,31,smart_tv
2660,49,1211,2023-10-05 05:01:10,386,smart_tv
2661,49,645,2025-06-03 15:22:28,214,smart_speaker
2662,49,97,2025-12-04 01:52:34,105,desktop
2663,49,2097,2025-04-30 21:53:58,81,smart_tv
2664,49,1668,2024-12-18 11:12:08,131,desktop
2665,49,688,2024-11-12 00:51:15,47,desktop
2666,49,1425,2024-04-29 16:36:19,93,mobile
2667,49,1624,2025-09-21 17:57:49,59,smart_speaker
2668,49,274,2024-05-09 21:03:02,95,tablet
2669,49,1725,2024-02-28 15:20:02,277,desktop
2670,49,1375,2024-10-12 04:21:57,57,tablet
2671,49,1573,2024-12-27 01:40:44,161,desktop
2672,49,184,2025-11-25 12:47:29,134,smart_tv
2673,49,2541,2023-02-03 07:26:04,130,web
2674,49,441,2024-05-12 12:37:22,211,web
2675,49,1438,2023-02-20 23:24:49,369,desktop
2676,49,1610,2023-04-11 10:57:14,90,tablet
2677,49,121,2025-12-25 20:29:09,109,smart_tv
2678,49,928,2023-05-26 09:32:13,251,desktop
2679,49,634,2025-11-09 22:32:05,58,web
2680,49,1770,2024-08-19 08:00:30,254,smart_tv
2681,49,1663,2024-05-16 17:15:19,103,web
2682,49,18,2024-05-18 19:35:40,149,web
2683,49,2601,2023-10-05 16:39:16,65,desktop
2684,49,2570,2025-10-09 17:40:57,88,web
2685,49,1688,2025-05-28 00:03:44,101,desktop
2686,49,1372,2023-12-14 10:46:57,389,desktop
2687,49,2051,2024-11-05 17:13:08,48,smart_tv
2688,49,2254,2025-10-30 20:44:11,36,tablet
2689,49,2270,2023-04-16 07:05:38,91,smart_speaker
2690,49,132,2024-06-01 04:34:45,145,desktop
2691,49,766,2023-06-29 19:16:10,87,smart_tv
2692,49,1817,2025-05-16 16:50:48,316,smart_tv
2693,49,1215,2024-07-08 10:07:33,200,tablet
2694,49,547,2024-09-26 23:44:52,58,tablet
2695,49,489,2023-02-16 20:54:27,142,mobile
2696,49,1425,2025-10-30 23:08:54,123,smart_tv
2697,49,35,2024-07-19 17:14:44,70,smart_speaker
2698,49,1530,2023-02-26 02:34:22,173,smart_tv
2699,49,2178,2025-02-04 09:38:01,98,tablet
2700,49,380,2023-07-16 19:59:34,78,tablet
2701,49,2404,2025-06-23 22:37:33,309,smart_speaker
2702,49,1778,2025-10-15 18:00:37,74,tablet
2703,49,2300,2024-09-08 22:40:58,106,desktop
2704,49,1635,2024-01-18 22:31:41,190,smart_tv
2705,49,103,2023-02-24 08:35:23,226,web
2706,49,767,2024-06-03 23:29:48,370,tablet
2707,49,258,2024-07-22 21:05:33,52,smart_tv
2708,49,2406,2024-11-24 23:31:21,207,tablet
2709,50,2397,2023-11-08 20:43:52,151,smart_speaker
2710,50,1026,2025-07-02 08:47:49,201,desktop
2711,50,275,2023-09-26 05:09:59,262,desktop
2712,50,1095,2024-01-26 04:35:56,201,smart_speaker
2713,50,2648,2023-01-31 21:41:59,372,mobile
2714,50,2558,2025-02-04 02:13:00,246,web
2715,50,654,2023-06-23 23:36:24,131,tablet
2716,50,1708,2023-05-19 12:51:30,80,tablet
2717,50,1543,2023-04-30 12:43:20,193,desktop
2718,50,1768,2024-06-05 00:06:26,157,desktop
2719,50,579,2023-07-18 01:47:00,163,smart_tv
2720,50,161,2025-11-16 22:02:38,291,mobile
2721,50,10,2023-06-16 13:07:11,168,smart_speaker
2722,50,443,2023-09-18 16:55:24,328,web
2723,50,1814,2023-04-23 07:36:11,187,smart_speaker
2724,50,2193,2024-02-28 06:24:07,41,smart_speaker
2725,50,2463,2025-10-19 15:03:09,62,desktop
2726,50,1833,2024-04-14 04:53:45,171,web
2727,50,2654,2023-07-05 11:01:38,99,smart_tv
2728,51,451,2025-01-27 08:34:02,157,mobile
2729,51,59,2025-03-20 15:34:54,139,mobile
2730,51,1326,2025-03-11 00:02:04,99,smart_speaker
2731,51,2491,2023-01-19 12:22:12,198,web
2732,51,2081,2023-03-06 22:26:08,309,mobile
2733,51,1097,2023-01-25 23:27:54,128,desktop
2734,51,1158,2023-02-09 02:06:50,117,mobile
2735,51,2265,2023-06-24 11:04:07,54,tablet
2736,51,1543,2023-12-10 20:45:16,204,web
2737,51,2123,2025-10-18 01:35:38,140,smart_speaker
2738,51,2418,2023-03-01 02:06:10,111,desktop
2739,51,433,2024-01-02 11:29:54,38,mobile
2740,51,1684,2025-12-25 23:36:25,242,smart_speaker
2741,51,1243,2024-10-11 08:54:12,41,desktop
2742,51,2607,2023-04-27 15:25:18,112,tablet
2743,51,1762,2024-11-26 23:17:21,246,tablet
2744,51,591,2025-02-24 14:36:48,88,desktop
2745,51,1421,2025-05-29 05:20:20,97,desktop
2746,51,1625,2023-09-04 12:29:22,56,smart_tv
2747,51,1096,2025-08-24 01:53:22,290,smart_speaker
2748,51,1080,2025-06-27 10:28:27,206,web
2749,51,1315,2025-07-19 05:33:50,68,desktop
2750,51,1593,2023-01-07 23:46:02,178,desktop
2751,51,2,2024-01-16 02:45:30,144,mobile
2752,51,1064,2024-11-03 05:32:55,124,smart_tv
2753,51,1450,2025-02-08 15:12:09,91,smart_tv
2754,51,1601,2024-07-04 13:50:28,155,smart_speaker
2755,51,2588,2023-05-30 23:41:06,138,mobile
2756,51,1170,2025-06-11 18:20:56,349,tablet
2757,51,235,2024-04-16 00:21:06,60,smart_speaker
2758,51,2334,2025-11-15 05:11:33,131,tablet
2759,51,412,2024-09-10 04:06:53,99,tablet
2760,51,162,2025-03-31 18:48:28,227,desktop
2761,51,2309,2024-05-16 16:53:36,78,desktop
2762,51,521,2023-12-18 05:59:13,35,smart_tv
2763,51,606,2024-02-26 07:39:36,312,smart_tv
2764,51,1580,2024-01-31 14:54:11,54,desktop
2765,51,1693,2023-06-03 09:11:36,141,web
2766,51,2329,2024-07-19 13:40:52,238,tablet
2767,51,2008,2024-01-26 08:58:21,194,smart_speaker
2768,51,1626,2023-07-04 04:36:39,94,web
2769,51,55,2025-12-04 12:08:04,195,smart_speaker
2770,51,820,2025-06-14 17:31:53,92,tablet
2771,51,149,2025-03-15 19:21:15,142,tablet
2772,51,1112,2025-09-11 02:11:28,172,desktop
2773,51,2618,2025-01-06 01:31:03,161,smart_speaker
2774,51,1446,2025-05-27 01:45:26,309,smart_speaker
2775,51,512,2025-07-04 18:34:11,74,mobile
2776,51,1776,2025-08-08 13:45:12,128,tablet
2777,51,1561,2025-08-10 14:40:28,80,desktop
2778,51,1518,2025-10-28 23:02:58,336,smart_tv
2779,51,582,2024-12-13 05:31:19,253,web
2780,51,669,2023-08-04 16:56:22,91,smart_tv
2781,51,2208,2024-01-02 13:05:25,72,desktop
2782,51,1926,2024-06-12 21:07:37,148,tablet
2783,51,503,2025-04-07 02:10:50,82,smart_speaker
2784,51,2488,2025-12-29 04:29:37,222,tablet
2785,51,1390,2025-09-13 02:20:26,90,smart_speaker
2786,51,135,2023-09-08 02:29:06,261,desktop
2787,51,2106,2023-01-28 13:41:25,52,smart_tv
2788,51,2037,2023-05-06 07:26:08,203,mobile
2789,51,1723,2023-07-21 20:40:08,174,tablet
2790,51,1487,2023-01-28 13:01:36,98,web
2791,51,1584,2025-10-23 02:43:25,176,tablet
2792,51,1096,2024-12-07 13:20:26,144,tablet
2793,51,875,2024-03-07 04:40:11,54,web
2794,51,1155,2025-12-18 00:02:50,93,smart_speaker
2795,51,300,2023-02-17 14:44:35,220,desktop
2796,51,763,2024-01-06 05:42:43,124,web
2797,51,507,2025-04-01 03:11:31,85,web
2798,51,1749,2024-12-29 00:55:17,323,web
2799,51,205,2024-10-21 12:23:47,84,web
2800,51,1993,2024-02-04 05:56:10,150,smart_tv
2801,51,2646,2025-09-13 01:11:00,47,mobile
2802,51,400,2023-05-04 10:58:13,61,tablet
2803,52,2259,2023-12-25 00:12:52,160,tablet
2804,52,1012,2024-12-28 10:33:40,315,desktop
2805,52,1615,2023-01-28 17:15:36,51,web
2806,52,2238,2024-11-25 08:04:47,90,web
2807,52,1949,2025-08-22 11:48:30,118,web
2808,52,909,2023-10-20 15:39:42,102,desktop
2809,52,546,2024-05-19 02:19:40,84,smart_speaker
2810,52,926,2025-08-14 20:51:00,46,desktop
2811,52,1081,2023-07-19 01:43:50,214,smart_tv
2812,52,1954,2024-12-01 14:56:53,122,smart_tv
2813,53,1034,2024-07-16 12:30:46,144,web
2814,53,1389,2023-03-16 09:53:47,114,mobile
2815,53,2135,2025-03-27 09:33:38,206,desktop
2816,53,382,2023-06-05 01:05:37,102,smart_speaker
2817,53,1266,2024-11-02 01:13:51,38,desktop
2818,53,1551,2023-10-22 12:57:49,165,desktop
2819,53,2386,2024-09-07 12:45:04,212,smart_speaker
2820,53,2004,2025-04-21 23:58:20,159,tablet
2821,53,723,2023-01-25 13:36:29,103,smart_tv
2822,53,1357,2025-12-04 20:46:50,110,web
2823,53,2408,2025-05-20 14:56:09,61,tablet
2824,53,2061,2025-07-11 20:07:21,189,smart_tv
2825,53,1945,2023-03-28 22:59:59,226,smart_speaker
2826,53,1002,2025-11-26 04:18:20,331,desktop
2827,53,2156,2024-06-12 16:32:05,91,desktop
2828,53,2643,2025-09-19 14:29:14,43,desktop
2829,53,1300,2024-04-27 07:46:42,82,mobile
2830,53,1720,2025-10-30 07:08:00,390,web
2831,53,1943,2025-07-08 17:19:23,178,smart_tv
2832,53,1824,2025-09-28 17:33:10,261,smart_speaker
2833,53,280,2025-03-18 12:12:00,321,smart_speaker
2834,53,1780,2023-12-01 09:04:27,242,web
2835,53,322,2023-12-16 06:05:19,323,tablet
2836,53,2533,2024-03-27 09:28:16,197,smart_speaker
2837,53,554,2025-12-30 00:49:56,63,mobile
2838,53,2295,2024-06-04 21:29:08,221,smart_tv
2839,53,709,2023-12-23 18:12:35,191,tablet
2840,53,2582,2023-03-22 05:59:22,74,smart_speaker
2841,53,1151,2024-12-16 13:23:33,84,smart_tv
2842,53,1997,2025-06-05 22:27:29,84,desktop
2843,53,1643,2025-11-14 02:01:57,130,smart_speaker
2844,53,2390,2024-08-11 20:51:39,210,tablet
2845,53,2305,2025-08-24 16:21:33,254,smart_tv
2846,53,1904,2025-06-04 18:18:37,51,web
2847,53,1961,2025-05-10 12:56:56,110,web
2848,53,630,2023-07-29 22:35:10,32,mobile
2849,53,2254,2025-09-28 16:03:07,93,mobile
2850,53,124,2023-06-01 07:58:45,95,desktop
2851,53,2067,2024-09-25 11:53:02,115,smart_tv
2852,53,2442,2023-03-31 15:32:13,232,desktop
2853,53,1310,2023-05-14 07:06:11,112,smart_tv
2854,53,1325,2025-06-29 14:07:46,204,mobile
2855,53,1038,2025-06-24 04:17:46,51,smart_speaker
2856,53,1629,2024-11-22 18:10:03,80,web
2857,53,58,2025-10-28 04:15:39,95,mobile
2858,53,7,2024-02-16 22:13:12,120,smart_speaker
2859,53,1982,2023-10-12 21:22:35,169,desktop
2860,53,715,2025-01-21 12:17:00,180,web
2861,53,2414,2024-09-04 04:16:21,246,tablet
2862,53,527,2025-08-19 19:50:06,106,smart_speaker
2863,53,813,2023-03-11 17:00:52,206,mobile
2864,53,1871,2023-07-13 02:08:52,180,smart_tv
2865,53,637,2024-05-30 13:39:32,46,desktop
2866,53,890,2024-02-02 17:04:58,56,desktop
2867,53,1342,2023-12-27 10:05:54,251,smart_tv
2868,53,1529,2025-11-15 08:57:29,144,web
2869,53,1983,2025-02-12 03:50:15,257,desktop
2870,53,1027,2023-07-22 01:46:02,228,tablet
2871,53,2180,2025-01-18 22:13:56,195,mobile
2872,53,848,2025-10-30 23:57:20,47,mobile
2873,53,1227,2025-10-02 03:59:20,105,smart_tv
2874,53,2455,2023-05-24 03:36:42,161,mobile
2875,53,1927,2025-01-11 14:07:51,49,web
2876,53,2572,2023-10-11 05:40:47,291,mobile
2877,53,1692,2023-05-13 13:40:14,177,smart_speaker
2878,53,145,2025-01-17 18:44:48,137,tablet
2879,53,1616,2024-09-02 13:27:48,392,smart_tv
2880,53,2475,2025-02-11 21:29:27,201,tablet
2881,54,621,2023-05-20 23:15:43,265,mobile
2882,54,698,2024-03-26 05:40:52,88,tablet
2883,54,1598,2024-10-19 09:52:04,158,web
2884,54,1004,2023-03-20 07:42:52,85,desktop
2885,54,1427,2023-11-03 09:06:14,228,smart_speaker
2886,54,1523,2023-08-13 07:55:08,215,tablet
2887,54,2180,2024-11-23 01:02:38,224,smart_tv
2888,54,848,2024-05-12 09:01:25,216,mobile
2889,54,1944,2025-05-20 07:06:44,53,web
2890,54,227,2025-10-24 02:48:48,285,desktop
2891,54,2141,2025-12-05 15:51:30,87,web
2892,54,2439,2024-04-07 04:54:11,237,smart_tv
2893,54,1582,2024-02-21 08:51:46,215,smart_tv
2894,54,295,2023-10-12 22:10:06,126,mobile
2895,54,1067,2025-08-04 15:49:30,208,web
2896,54,2489,2023-11-14 20:23:51,198,smart_tv
2897,54,969,2023-06-16 17:03:26,323,smart_tv
2898,54,722,2024-11-16 16:29:11,200,smart_tv
2899,54,1222,2024-02-02 03:56:24,87,smart_speaker
2900,54,157,2025-06-24 18:22:14,193,mobile
2901,54,2579,2025-07-29 01:50:19,116,smart_tv
2902,54,1643,2023-12-05 04:53:39,38,mobile
2903,54,1614,2023-11-09 00:17:10,229,desktop
2904,54,484,2023-03-25 14:26:23,213,web
2905,54,317,2024-08-27 01:02:09,96,mobile
2906,54,1825,2025-03-03 21:44:54,266,web
2907,54,2655,2023-03-28 04:10:59,253,tablet
2908,54,2054,2023-06-17 22:02:36,76,desktop
2909,54,1491,2023-10-31 13:27:47,206,web
2910,54,1952,2025-09-08 10:54:49,93,smart_speaker
2911,54,1703,2024-07-20 20:06:07,70,smart_tv
2912,54,2575,2023-09-11 12:06:05,225,smart_speaker
2913,54,1299,2025-06-21 03:44:26,230,smart_tv
2914,54,1888,2024-12-29 06:37:24,208,mobile
2915,54,1371,2024-07-14 01:58:54,182,smart_speaker
2916,54,2428,2025-06-27 09:49:17,39,smart_tv
2917,54,366,2023-10-10 22:55:45,118,smart_speaker
2918,54,2479,2024-08-19 19:17:31,79,tablet
2919,54,1198,2025-12-29 07:40:57,170,desktop
2920,54,1959,2023-01-15 16:54:03,42,web
2921,54,522,2025-06-10 11:49:00,156,desktop
2922,54,430,2023-11-26 13:19:51,95,smart_tv
2923,54,2087,2025-06-07 11:02:16,129,smart_tv
2924,54,1073,2024-10-15 12:33:07,40,desktop
2925,54,264,2024-01-23 22:00:11,252,smart_speaker
2926,54,2195,2024-03-22 00:53:16,49,tablet
2927,54,2047,2025-01-18 19:21:56,72,web
2928,54,555,2025-08-01 18:17:31,47,smart_speaker
2929,54,1090,2023-09-26 09:45:59,209,web
2930,54,2647,2024-08-04 15:01:09,62,web
2931,54,2419,2024-07-02 16:00:30,241,mobile
2932,54,1938,2024-11-07 21:18:48,123,tablet
2933,54,2286,2025-07-21 02:54:06,50,desktop
2934,54,902,2025-12-12 02:29:52,124,tablet
2935,54,532,2025-12-09 03:00:56,169,tablet
2936,54,2279,2025-01-31 13:42:09,372,mobile
2937,54,1791,2023-10-30 20:36:37,32,web
2938,54,620,2023-08-18 15:57:36,310,web
2939,54,727,2025-08-03 01:02:20,267,desktop
2940,54,965,2024-07-08 07:00:30,66,smart_speaker
2941,54,1798,2025-03-29 21:46:25,186,smart_tv
2942,54,426,2024-08-04 20:46:08,122,desktop
2943,54,1437,2025-07-18 22:25:28,362,smart_tv
2944,54,1231,2025-01-22 12:38:49,110,smart_tv
2945,54,2156,2025-10-28 18:45:04,109,web
2946,54,2044,2024-02-18 08:16:46,241,tablet
2947,54,1475,2024-05-13 14:12:45,47,smart_tv
2948,54,619,2025-03-18 16:03:09,61,mobile
2949,54,41,2023-07-10 22:11:05,170,tablet
2950,54,202,2025-03-28 15:12:17,169,mobile
2951,55,1967,2024-05-06 00:45:50,236,web
2952,55,1272,2024-06-28 16:03:22,126,mobile
2953,55,1387,2025-04-23 10:08:36,58,web
2954,55,50,2024-05-12 04:43:11,301,mobile
2955,55,446,2023-01-03 08:14:14,173,web
2956,55,2278,2025-11-23 00:22:30,245,smart_tv
2957,55,2436,2025-02-03 00:28:12,163,tablet
2958,55,2047,2024-11-07 02:59:24,70,smart_speaker
2959,55,869,2024-11-24 16:05:44,166,web
2960,55,2245,2024-10-24 23:05:07,126,desktop
2961,55,1574,2025-09-11 21:13:44,105,smart_tv
2962,55,1354,2024-01-12 07:14:45,86,desktop
2963,55,1231,2024-11-21 01:29:35,256,tablet
2964,55,2352,2024-09-26 11:08:41,88,desktop
2965,55,1965,2025-06-15 13:58:34,67,desktop
2966,55,1763,2023-09-22 12:04:17,287,mobile
2967,55,2524,2023-04-26 08:46:56,118,mobile
2968,55,743,2023-12-06 13:08:24,154,tablet
2969,55,847,2025-05-03 11:40:56,285,desktop
2970,55,1181,2024-05-01 13:47:05,42,tablet
2971,55,675,2023-06-29 02:50:31,183,tablet
2972,55,36,2024-05-11 07:29:25,31,tablet
2973,55,1939,2023-07-22 19:47:21,222,smart_tv
2974,55,109,2025-08-27 20:06:05,152,web
2975,55,2309,2024-10-25 10:13:39,71,smart_speaker
2976,55,312,2024-02-23 22:26:47,120,smart_speaker
2977,55,1994,2024-12-01 10:39:09,90,smart_tv
2978,55,1547,2023-01-25 23:18:32,322,smart_speaker
2979,55,1299,2025-06-20 22:20:51,88,smart_speaker
2980,55,2281,2023-05-25 16:16:52,254,tablet
2981,55,1986,2023-12-27 03:50:25,229,smart_tv
2982,55,1495,2023-11-15 10:25:32,344,smart_tv
2983,55,2645,2025-04-01 08:05:39,164,tablet
2984,55,2147,2024-11-30 16:09:03,183,smart_speaker
2985,55,2440,2025-11-27 00:50:10,117,tablet
2986,55,1484,2024-12-04 05:15:25,89,desktop
2987,55,464,2025-09-08 09:16:30,167,tablet
2988,55,1075,2024-02-15 00:37:18,337,smart_tv
2989,55,265,2024-11-06 23:13:16,154,smart_speaker
2990,55,1312,2023-10-09 07:32:21,203,smart_tv
2991,55,1028,2025-01-11 17:25:59,274,smart_tv
2992,55,1138,2024-01-04 04:07:10,254,web
2993,55,647,2023-05-04 06:42:48,48,desktop
2994,55,2080,2024-03-01 21:36:39,161,smart_tv
2995,55,1821,2024-07-27 12:25:26,128,mobile
2996,55,2543,2023-05-07 10:11:41,310,smart_speaker
2997,55,2127,2024-12-29 16:22:52,200,tablet
2998,55,2019,2025-07-09 14:45:02,372,smart_speaker
2999,55,905,2023-07-17 00:40:24,77,smart_speaker
3000,55,166,2025-09-20 00:59:08,44,mobile
3001,55,1326,2025-07-04 06:45:39,31,tablet
3002,55,1175,2024-06-28 18:17:49,88,smart_tv
3003,55,943,2024-08-12 23:22:31,194,smart_speaker
3004,55,1493,2024-03-17 18:32:49,38,tablet
3005,55,2324,2023-04-15 07:48:08,176,desktop
3006,55,1136,2024-04-15 13:33:20,53,tablet
3007,55,1675,2023-07-15 05:52:40,198,web
3008,55,1923,2023-06-10 05:39:56,98,desktop
3009,55,2499,2023-12-30 23:04:29,156,mobile
3010,55,1665,2024-06-06 07:44:21,90,desktop
3011,55,1524,2023-10-30 12:46:20,218,smart_speaker
3012,55,1935,2024-05-02 10:08:13,240,smart_speaker
3013,55,2219,2023-02-01 06:44:30,322,smart_tv
3014,55,641,2025-02-21 13:52:29,77,web
3015,55,492,2025-07-12 09:15:22,133,mobile
3016,55,2152,2025-01-31 07:45:30,173,smart_tv
3017,55,2578,2024-05-20 04:57:02,354,smart_tv
3018,55,2066,2025-10-09 06:55:26,312,desktop
3019,55,1951,2023-10-23 16:35:40,268,smart_tv
3020,55,1014,2023-03-15 15:16:43,180,smart_tv
3021,55,1867,2023-12-07 23:16:14,104,web
3022,55,2112,2024-01-20 02:29:17,141,smart_tv
3023,55,1688,2023-02-12 07:01:56,175,smart_tv
3024,55,2333,2025-02-13 12:47:38,158,tablet
3025,55,1373,2023-01-18 07:08:56,58,web
3026,55,2633,2024-03-30 03:05:26,172,tablet
3027,55,190,2024-11-20 05:58:36,210,desktop
3028,55,2461,2024-09-12 23:00:32,110,smart_speaker
3029,55,112,2025-12-02 01:57:01,50,mobile
3030,56,2508,2023-12-26 08:20:23,120,desktop
3031,56,605,2024-09-20 18:36:02,212,desktop
3032,56,1838,2025-03-13 19:27:56,111,tablet
3033,56,1187,2024-08-22 08:04:47,151,mobile
3034,56,1363,2025-08-22 22:13:34,107,web
3035,56,322,2024-06-29 14:45:23,247,smart_tv
3036,56,496,2023-04-16 03:34:56,264,smart_tv
3037,56,1309,2023-11-12 19:27:07,329,smart_speaker
3038,56,1812,2023-09-13 16:22:35,172,web
3039,56,1294,2025-05-10 00:17:32,76,web
3040,56,2418,2025-05-09 03:51:50,88,web
3041,56,141,2025-02-25 01:49:11,158,tablet
3042,56,30,2025-02-07 17:07:39,198,web
3043,56,1292,2023-11-08 10:29:38,311,mobile
3044,56,1494,2023-11-01 03:49:36,130,tablet
3045,56,2534,2025-08-31 11:25:31,274,desktop
3046,56,1792,2025-03-21 05:40:40,141,smart_speaker
3047,56,1520,2023-02-21 15:09:30,146,web
3048,56,99,2024-06-26 11:08:46,51,desktop
3049,56,187,2024-09-26 23:09:18,340,smart_tv
3050,56,1837,2023-10-10 05:14:49,63,desktop
3051,56,2191,2023-06-15 20:11:52,192,smart_tv
3052,56,2243,2024-01-12 10:47:31,313,smart_tv
3053,56,116,2023-10-12 12:44:48,277,smart_speaker
3054,56,1367,2023-12-15 14:02:08,260,smart_speaker
3055,56,2281,2023-08-30 16:53:48,87,tablet
3056,56,2350,2023-09-23 02:15:32,188,mobile
3057,56,913,2025-01-04 23:42:27,82,smart_tv
3058,56,989,2023-01-04 22:02:25,248,web
3059,56,788,2025-05-29 19:22:34,39,smart_speaker
3060,56,1524,2025-04-04 09:44:22,140,mobile
3061,56,1672,2025-05-18 18:59:45,96,web
3062,56,2056,2023-11-14 04:42:11,138,smart_speaker
3063,56,507,2024-10-19 16:55:42,86,desktop
3064,56,815,2025-04-12 05:28:11,232,smart_tv
3065,56,1377,2025-11-01 16:41:33,241,mobile
3066,56,1635,2025-01-07 13:57:05,276,tablet
3067,56,1434,2025-05-26 07:59:11,121,smart_tv
3068,56,998,2024-05-23 04:49:13,104,mobile
3069,56,13,2024-05-09 16:43:45,256,smart_tv
3070,56,536,2024-07-03 14:18:23,36,tablet
3071,56,161,2023-10-05 19:28:15,198,web
3072,56,2184,2025-10-08 06:31:56,287,smart_speaker
3073,56,265,2023-02-10 01:33:23,351,smart_speaker
3074,56,1312,2024-05-20 09:18:30,300,smart_tv
3075,56,620,2023-11-25 03:14:00,205,smart_tv
3076,56,2064,2024-03-29 13:05:51,214,smart_tv
3077,56,2578,2023-08-20 10:20:00,53,smart_speaker
3078,56,88,2023-08-26 13:07:18,103,mobile
3079,56,68,2024-03-20 16:29:04,73,tablet
3080,56,243,2024-12-26 07:51:23,185,smart_speaker
3081,56,1003,2023-07-01 15:56:29,237,smart_tv
3082,56,57,2025-03-23 10:44:21,201,mobile
3083,56,1754,2025-11-23 04:03:18,135,mobile
3084,56,353,2024-06-17 06:16:16,355,tablet
3085,56,2580,2024-08-17 01:09:18,141,mobile
3086,56,947,2025-10-03 11:36:09,102,mobile
3087,56,1129,2024-11-15 05:11:24,212,mobile
3088,56,173,2023-03-06 08:40:08,189,tablet
3089,56,2261,2024-04-12 09:12:40,47,web
3090,56,2269,2025-07-01 02:56:54,100,desktop
3091,56,2565,2025-01-11 20:38:28,41,smart_tv
3092,56,2338,2025-08-25 18:01:31,49,web
3093,56,1575,2024-04-26 19:56:21,185,tablet
3094,56,2556,2024-01-11 22:16:10,115,smart_tv
3095,56,1427,2025-12-17 05:12:10,289,mobile
3096,57,923,2025-10-15 03:39:35,80,desktop
3097,57,2304,2023-12-04 22:16:23,236,tablet
3098,57,1996,2023-08-06 15:28:51,72,tablet
3099,57,1487,2024-05-20 04:36:44,291,web
3100,57,399,2025-01-22 15:57:53,49,smart_speaker
3101,57,905,2024-01-02 03:59:53,119,mobile
3102,57,1216,2025-09-25 14:09:15,371,desktop
3103,57,1068,2024-02-27 18:22:24,361,web
3104,57,2510,2025-09-06 17:09:36,393,smart_tv
3105,57,1645,2025-12-27 01:26:11,93,web
3106,57,2489,2023-02-24 17:01:13,227,mobile
3107,57,143,2024-02-08 15:54:22,121,desktop
3108,57,2424,2025-05-02 11:44:23,32,tablet
3109,57,2254,2025-04-24 15:49:46,407,smart_tv
3110,57,2031,2025-09-08 17:24:45,114,tablet
3111,57,428,2024-04-13 12:07:55,31,web
3112,57,2357,2024-08-07 20:10:46,86,web
3113,57,1793,2023-03-21 02:47:45,174,smart_speaker
3114,57,2057,2024-11-26 15:49:54,137,mobile
3115,57,2040,2023-01-22 14:39:46,332,smart_speaker
3116,57,474,2024-09-10 06:30:52,134,smart_speaker
3117,57,2298,2023-06-09 10:58:05,58,mobile
3118,57,942,2025-08-31 13:19:14,105,smart_tv
3119,57,2469,2023-06-18 16:13:31,122,smart_speaker
3120,57,393,2024-07-20 18:00:44,43,mobile
3121,57,1561,2024-01-28 01:29:45,113,tablet
3122,57,1675,2024-08-21 03:54:04,69,tablet
3123,57,1799,2023-12-26 19:56:51,87,desktop
3124,57,1431,2023-12-07 06:15:04,137,mobile
3125,57,522,2024-11-16 15:39:27,236,smart_speaker
3126,57,2051,2024-12-03 19:45:00,131,desktop
3127,57,663,2025-06-26 05:13:32,120,smart_tv
3128,57,2617,2025-06-26 18:32:53,188,smart_tv
3129,57,1148,2024-07-19 05:40:57,49,smart_speaker
3130,57,246,2025-09-07 00:32:21,174,web
3131,57,2071,2025-08-16 07:31:21,261,mobile
3132,57,1910,2023-12-26 16:26:30,142,mobile
3133,57,1380,2025-02-09 13:33:33,42,smart_tv
3134,57,151,2024-03-07 11:05:11,74,smart_tv
3135,57,338,2024-02-16 17:59:37,94,smart_tv
3136,57,359,2024-10-10 09:31:30,115,mobile
3137,57,1086,2024-02-12 18:25:20,83,tablet
3138,57,760,2024-10-30 04:47:41,63,tablet
3139,57,1414,2025-11-25 17:46:48,198,smart_speaker
3140,57,2593,2023-08-11 19:37:13,183,smart_tv
3141,57,2442,2024-03-19 23:38:12,218,tablet
3142,57,354,2025-10-22 01:21:05,202,smart_speaker
3143,57,470,2023-12-07 12:10:28,267,smart_speaker
3144,57,183,2024-01-31 00:38:12,159,smart_tv
3145,57,1756,2023-07-29 18:32:36,40,smart_speaker
3146,57,776,2025-04-30 15:17:54,79,smart_tv
3147,57,1010,2025-07-12 02:28:38,130,tablet
3148,57,675,2024-04-30 09:17:34,260,desktop
3149,57,1947,2025-11-06 23:47:12,136,mobile
3150,57,1991,2024-03-13 00:17:32,114,web
3151,57,496,2024-04-28 02:39:26,253,tablet
3152,57,1107,2023-01-06 06:50:02,117,smart_tv
3153,57,508,2023-10-23 16:12:37,210,desktop
3154,57,1157,2023-08-29 15:55:42,196,tablet
3155,57,1399,2024-08-21 16:16:58,52,smart_speaker
3156,57,809,2023-08-11 17:31:59,140,web
3157,57,625,2023-05-18 03:29:24,56,smart_speaker
3158,57,1048,2023-07-10 21:20:10,214,tablet
3159,57,297,2023-01-14 19:35:04,324,web
3160,57,1441,2024-02-29 08:31:52,63,web
3161,57,1483,2023-08-08 14:23:57,276,tablet
3162,57,28,2024-07-25 08:14:36,132,smart_speaker
3163,57,2062,2025-09-19 01:12:24,45,smart_speaker
3164,57,1122,2025-10-02 10:31:01,299,desktop
3165,57,55,2024-11-12 08:15:35,110,smart_tv
3166,57,295,2023-08-24 00:45:39,130,desktop
3167,57,842,2024-04-21 16:18:38,38,web
3168,57,756,2025-10-16 22:53:45,109,desktop
3169,57,2002,2025-04-02 13:06:47,56,web
3170,57,1017,2023-08-24 06:19:19,134,smart_tv
3171,57,649,2024-12-02 01:45:29,93,desktop
3172,57,634,2024-09-28 00:31:12,94,smart_tv
3173,57,1832,2024-10-29 06:34:59,142,tablet
3174,57,1780,2025-08-12 10:44:37,201,smart_speaker
3175,57,2084,2023-07-12 00:55:45,104,web
3176,57,1200,2024-08-20 18:30:53,305,smart_tv
3177,57,2623,2024-12-12 04:11:13,105,smart_speaker
3178,57,619,2025-06-12 12:11:08,67,tablet
3179,57,2487,2025-08-06 11:52:50,79,mobile
3180,57,825,2024-10-09 21:55:46,92,tablet
3181,57,2610,2025-02-07 19:23:01,110,web
3182,57,1652,2024-09-27 03:45:36,288,tablet
3183,57,2473,2023-01-08 02:38:26,199,desktop
3184,57,1657,2025-10-05 09:30:54,138,smart_tv
3185,57,2647,2025-02-17 21:23:47,137,desktop
3186,57,131,2023-10-25 07:31:22,68,smart_tv
3187,57,506,2023-11-17 14:53:48,84,smart_tv
3188,57,1844,2025-07-16 05:02:15,33,tablet
3189,57,997,2024-04-14 18:33:08,51,desktop
3190,57,2272,2025-11-23 06:10:29,86,desktop
3191,57,818,2023-06-08 03:43:06,113,tablet
3192,58,393,2025-03-06 12:07:52,34,mobile
3193,58,1631,2024-09-17 18:01:34,173,smart_speaker
3194,58,47,2023-09-02 16:45:02,157,smart_tv
3195,58,554,2025-04-15 08:36:32,59,mobile
3196,58,2446,2023-12-11 23:48:01,158,smart_speaker
3197,58,2518,2025-09-28 02:51:48,253,tablet
3198,58,795,2023-04-22 18:57:51,86,tablet
3199,58,1131,2025-11-03 22:27:13,153,smart_speaker
3200,58,1983,2025-04-25 08:24:23,78,tablet
3201,58,1986,2024-01-18 06:09:33,163,mobile
3202,58,1301,2025-06-19 16:35:11,73,mobile
3203,58,1547,2024-10-24 05:52:33,36,smart_speaker
3204,58,1722,2023-10-12 19:46:45,60,web
3205,58,1557,2024-07-02 16:51:31,45,tablet
3206,58,1627,2023-02-28 20:01:28,102,smart_tv
3207,58,716,2023-08-11 23:59:21,189,smart_tv
3208,58,2262,2025-09-19 19:16:53,184,desktop
3209,58,593,2024-06-07 08:11:47,43,web
3210,58,2254,2025-12-17 16:20:39,104,smart_tv
3211,58,2627,2023-06-04 06:08:59,155,tablet
3212,58,177,2024-10-07 22:33:42,62,mobile
3213,58,248,2025-04-02 08:12:05,67,mobile
3214,58,317,2024-05-16 21:13:38,251,smart_tv
3215,58,2514,2025-06-23 00:05:18,284,web
3216,58,73,2024-09-05 02:52:44,64,web
3217,58,2520,2025-03-24 03:45:23,46,mobile
3218,58,2312,2025-08-08 09:03:44,91,web
3219,58,1450,2023-10-13 17:36:42,246,smart_speaker
3220,58,1621,2024-10-11 23:03:42,125,mobile
3221,58,2185,2023-11-30 02:17:56,137,smart_speaker
3222,58,381,2024-08-30 21:57:50,315,web
3223,58,672,2023-06-26 15:26:24,67,mobile
3224,58,1813,2023-12-18 03:12:41,271,desktop
3225,58,221,2025-03-27 06:21:31,262,mobile
3226,58,1150,2023-11-04 02:09:45,39,desktop
3227,58,2536,2023-01-16 13:16:00,184,desktop
3228,58,108,2023-03-22 20:31:50,204,web
3229,58,1603,2023-10-03 02:06:34,233,mobile
3230,58,1976,2023-01-12 07:07:09,191,desktop
3231,58,1166,2025-02-03 23:24:26,103,smart_speaker
3232,58,1337,2025-10-11 19:55:26,259,smart_speaker
3233,58,2144,2025-04-09 22:41:48,301,smart_speaker
3234,58,704,2023-04-09 00:56:53,148,desktop
3235,58,1892,2023-12-21 19:49:14,166,mobile
3236,58,1353,2023-09-28 11:20:52,69,smart_speaker
3237,58,849,2023-09-26 14:57:08,64,smart_speaker
3238,58,1858,2025-11-07 18:33:49,203,desktop
3239,58,1344,2024-02-02 13:28:16,39,mobile
3240,58,1216,2025-07-09 15:55:29,373,web
3241,58,1020,2025-05-05 10:22:22,117,tablet
3242,58,2005,2024-07-25 09:37:26,179,desktop
3243,58,2626,2023-05-13 12:52:09,159,smart_speaker
3244,58,1646,2024-04-28 13:35:11,76,smart_speaker
3245,58,1099,2024-12-07 01:47:57,43,mobile
3246,58,1948,2025-09-04 09:18:45,323,desktop
3247,58,1105,2024-10-27 15:45:58,57,smart_tv
3248,58,1684,2025-07-18 23:24:19,297,desktop
3249,58,1959,2024-06-28 07:20:59,122,web
3250,58,1498,2025-10-04 03:16:09,32,tablet
3251,58,1378,2025-04-25 07:33:10,92,smart_speaker
3252,58,2019,2024-07-14 14:13:00,49,mobile
3253,58,2048,2024-12-23 00:01:14,46,smart_speaker
3254,58,2381,2023-03-26 05:09:23,126,mobile
3255,58,1818,2023-08-13 22:55:40,54,web
3256,58,319,2023-12-19 15:58:01,226,tablet
3257,58,2407,2025-02-16 05:26:08,30,tablet
3258,58,791,2023-11-22 09:53:53,90,mobile
3259,58,1536,2025-11-11 23:32:49,137,smart_speaker
3260,58,1723,2024-02-16 02:34:17,34,mobile
3261,58,200,2023-05-10 13:13:55,109,smart_tv
3262,58,127,2023-05-21 19:07:18,109,web
3263,58,819,2023-11-21 08:40:13,197,desktop
3264,58,30,2024-11-06 09:43:46,115,desktop
3265,58,1570,2023-03-26 18:05:24,320,desktop
3266,58,317,2024-08-25 07:55:56,220,tablet
3267,58,535,2024-08-23 03:23:57,234,desktop
3268,58,947,2023-07-01 17:00:33,127,mobile
3269,58,1200,2023-03-23 12:46:41,311,desktop
3270,58,780,2023-06-13 17:44:16,31,mobile
3271,58,1948,2023-05-14 03:41:26,383,smart_tv
3272,58,496,2025-07-24 06:37:32,328,tablet
3273,58,1297,2024-12-23 12:34:34,158,mobile
3274,58,1370,2023-06-21 02:06:01,339,web
3275,58,2609,2025-06-08 14:12:43,215,mobile
3276,58,2270,2023-04-25 08:06:39,183,web
3277,58,48,2023-01-09 19:45:07,245,tablet
3278,58,1692,2024-11-16 00:46:47,89,web
3279,58,1467,2023-09-02 08:29:02,243,desktop
3280,58,1495,2025-07-18 02:48:58,218,mobile
3281,58,1933,2024-11-02 09:31:20,91,tablet
3282,58,746,2024-02-14 16:40:35,86,desktop
3283,58,116,2023-08-22 03:06:12,125,smart_speaker
3284,58,1542,2025-01-14 00:04:12,55,mobile
3285,58,1626,2024-10-05 10:59:14,71,web
3286,58,1735,2023-02-03 17:06:47,116,tablet
3287,59,687,2023-10-28 05:36:39,217,smart_tv
3288,59,1804,2024-11-20 09:51:53,177,mobile
3289,59,1233,2025-06-19 23:05:26,41,tablet
3290,59,1929,2023-05-13 17:48:37,157,tablet
3291,59,785,2023-08-23 19:36:33,62,web
3292,59,2032,2025-11-25 20:51:08,156,web
3293,59,1425,2023-09-11 13:05:00,130,mobile
3294,59,1294,2025-03-29 13:07:45,267,smart_speaker
3295,59,2558,2025-12-28 06:59:03,298,smart_speaker
3296,59,473,2024-09-15 00:00:41,238,web
3297,59,2269,2024-01-23 05:37:30,80,smart_tv
3298,59,434,2024-05-07 19:52:45,59,mobile
3299,59,274,2024-02-05 21:06:33,50,web
3300,59,1078,2023-06-30 05:08:57,110,tablet
3301,59,2052,2024-04-29 07:01:44,216,tablet
3302,59,1706,2024-11-13 21:29:30,57,mobile
3303,59,836,2024-11-20 05:11:02,49,web
3304,59,1925,2024-02-14 15:21:53,41,smart_speaker
3305,59,3,2025-11-26 01:27:43,239,smart_tv
3306,59,2446,2024-05-13 22:19:34,109,tablet
3307,59,220,2025-04-23 03:08:10,120,smart_tv
3308,59,21,2023-10-26 08:22:28,95,mobile
3309,59,501,2025-10-06 00:11:59,131,mobile
3310,59,2020,2024-09-18 12:44:48,52,smart_tv
3311,59,119,2024-08-24 02:38:06,56,desktop
3312,59,151,2023-06-26 02:11:19,56,web
3313,59,515,2024-12-03 01:21:06,84,smart_speaker
3314,59,908,2023-05-21 13:07:31,200,smart_speaker
3315,59,2587,2025-10-06 16:54:01,74,smart_tv
3316,59,665,2023-02-16 00:04:09,92,tablet
3317,59,1926,2025-07-01 01:50:31,224,tablet
3318,59,1729,2024-02-08 03:54:48,36,mobile
3319,59,261,2025-06-04 01:18:43,46,web
3320,59,1300,2024-03-27 16:40:19,46,smart_tv
3321,59,235,2024-11-10 22:09:53,100,desktop
3322,59,1192,2023-04-27 16:42:07,92,smart_tv
3323,59,1148,2023-11-16 15:51:38,168,web
3324,59,707,2024-04-15 15:03:01,47,mobile
3325,59,1039,2025-01-04 19:42:32,192,tablet
3326,59,1622,2024-11-09 01:49:40,103,tablet
3327,59,2164,2023-08-15 13:52:54,62,desktop
3328,59,256,2025-09-27 18:17:30,247,tablet
3329,59,518,2023-04-24 20:20:09,50,smart_tv
3330,59,2094,2024-02-11 13:18:45,234,mobile
3331,59,919,2025-03-16 11:48:19,133,smart_speaker
3332,59,1425,2023-06-01 22:06:53,116,smart_speaker
3333,59,610,2024-01-05 19:44:32,172,web
3334,59,1731,2024-08-30 06:11:56,111,desktop
3335,59,265,2025-02-08 08:07:46,176,smart_tv
3336,59,1054,2024-05-19 11:37:24,78,desktop
3337,59,404,2024-11-03 21:11:32,168,smart_speaker
3338,59,1289,2023-01-15 20:01:16,140,mobile
3339,59,1326,2025-09-29 20:45:07,66,mobile
3340,59,394,2025-12-09 11:28:38,255,desktop
3341,59,1949,2025-10-11 19:27:38,56,desktop
3342,59,2630,2025-11-13 11:38:13,104,web
3343,59,1742,2024-01-12 02:07:28,353,mobile
3344,59,49,2025-02-10 01:52:43,41,web
3345,59,1981,2025-04-11 21:57:27,249,smart_speaker
3346,59,1316,2024-12-04 12:11:03,221,smart_tv
3347,59,220,2023-06-23 04:07:19,172,smart_speaker
3348,59,932,2023-01-22 06:25:45,100,mobile
3349,59,1322,2025-09-11 21:10:37,172,web
3350,59,1162,2025-01-28 18:52:29,186,smart_tv
3351,59,985,2024-01-05 21:40:46,98,web
3352,59,913,2024-07-30 12:20:04,270,desktop
3353,59,1770,2025-07-25 16:47:03,274,mobile
3354,59,385,2025-10-29 19:32:26,139,smart_speaker
3355,59,1476,2023-08-31 16:55:34,215,desktop
3356,59,314,2025-10-31 05:22:06,389,smart_tv
3357,59,1310,2023-03-17 18:42:11,95,mobile
3358,59,2309,2023-11-29 20:26:30,151,mobile
3359,59,339,2023-06-29 12:57:42,295,tablet
3360,59,2546,2024-09-10 00:06:27,315,smart_speaker
3361,59,1834,2024-02-22 08:34:50,194,mobile
3362,59,2541,2024-07-10 20:41:29,73,smart_speaker
3363,59,88,2024-05-23 19:57:39,215,web
3364,59,1452,2023-02-20 12:02:04,183,tablet
3365,59,1979,2025-06-05 06:25:38,108,smart_speaker
3366,59,277,2025-04-04 07:36:15,166,smart_tv
3367,59,628,2024-08-29 17:33:08,131,smart_speaker
3368,59,204,2024-09-08 07:05:55,135,web
3369,59,2484,2025-07-29 18:32:08,118,tablet
3370,59,316,2024-10-23 19:12:19,54,mobile
3371,60,1419,2024-02-23 12:16:32,34,web
3372,60,2607,2024-08-15 05:15:45,120,web
3373,60,1999,2025-03-07 14:33:13,112,smart_speaker
3374,60,107,2025-03-04 01:39:28,166,web
3375,60,221,2024-09-03 16:09:55,287,desktop
3376,60,365,2023-07-10 16:00:34,106,web
3377,60,483,2024-12-16 03:05:22,328,tablet
3378,60,2469,2023-08-05 18:35:23,313,desktop
3379,60,657,2023-11-22 16:57:46,60,mobile
3380,60,760,2024-05-26 14:04:36,79,smart_tv
3381,60,2042,2023-08-01 19:51:16,207,mobile
3382,60,878,2025-03-17 09:34:20,247,tablet
3383,60,1757,2023-07-11 12:26:58,247,desktop
3384,60,1887,2025-12-22 07:56:25,59,tablet
3385,60,377,2023-10-22 08:18:35,172,desktop
3386,60,2035,2025-10-10 22:47:20,211,smart_tv
3387,60,773,2023-08-12 15:44:21,133,tablet
3388,60,2015,2023-12-28 05:05:29,280,tablet
3389,60,737,2023-06-07 06:11:02,203,tablet
3390,60,619,2023-01-19 10:22:30,107,tablet
3391,60,759,2023-02-23 21:11:33,142,smart_speaker
3392,60,977,2025-01-17 10:30:30,163,mobile
3393,60,1514,2025-10-05 22:28:42,290,smart_tv
3394,60,269,2025-08-17 10:18:00,177,desktop
3395,60,1403,2023-03-20 07:34:51,199,tablet
3396,60,2321,2023-07-31 04:16:11,114,tablet
3397,60,927,2025-09-22 18:04:51,31,smart_speaker
3398,60,1492,2024-07-11 12:32:12,206,web
3399,60,2243,2025-02-02 19:46:14,283,smart_speaker
3400,60,2486,2023-12-14 13:32:09,131,tablet
3401,60,747,2025-01-28 22:57:57,56,smart_tv
3402,60,2397,2024-06-24 23:10:20,146,desktop
3403,60,912,2025-03-19 16:18:45,190,mobile
3404,60,1730,2025-11-23 22:05:17,66,desktop
3405,60,2388,2023-08-19 19:45:58,73,desktop
3406,60,1314,2023-06-11 01:03:04,56,web
3407,60,2608,2023-04-25 09:57:11,152,web
3408,60,850,2023-03-20 19:09:36,84,mobile
3409,60,1948,2024-05-24 19:11:08,126,tablet
3410,60,182,2023-10-04 16:47:50,163,smart_tv
3411,60,2363,2024-03-09 06:52:09,164,tablet
3412,60,425,2023-09-22 21:50:32,84,desktop
3413,60,517,2023-10-09 17:35:10,88,desktop
3414,60,137,2025-05-16 09:09:20,153,desktop
3415,60,2146,2024-05-14 19:51:51,210,smart_tv
3416,60,243,2025-06-13 00:58:47,185,desktop
3417,60,2396,2023-06-12 20:13:29,157,smart_tv
3418,60,49,2025-03-29 08:12:54,120,smart_speaker
3419,60,1801,2025-03-17 12:24:46,135,smart_tv
3420,60,2532,2023-09-21 05:46:38,61,desktop
3421,60,458,2024-10-21 01:13:10,313,desktop
3422,60,576,2024-08-06 18:14:48,57,smart_speaker
3423,60,27,2025-08-16 21:31:43,335,desktop
3424,60,1829,2023-04-16 00:32:39,220,mobile
3425,60,2559,2023-12-27 05:18:14,49,smart_tv
3426,60,2226,2024-04-13 12:19:04,99,web
3427,60,2452,2025-04-25 19:06:38,173,desktop
3428,60,2214,2023-01-05 20:04:44,80,smart_tv
3429,60,2614,2024-03-08 08:00:29,362,smart_tv
3430,60,948,2025-04-24 15:42:45,93,mobile
3431,60,915,2023-11-21 11:03:31,144,mobile
3432,60,1025,2025-06-12 00:26:32,98,smart_tv
3433,60,693,2024-04-20 15:55:33,217,tablet
3434,60,1264,2023-02-18 10:13:59,255,smart_tv
3435,60,63,2023-01-25 02:26:12,112,desktop
3436,60,1459,2024-05-15 01:39:14,196,smart_speaker
3437,60,2125,2023-07-22 05:02:19,82,tablet
3438,60,2261,2023-06-07 01:56:29,93,smart_speaker
3439,60,113,2025-11-03 07:30:23,172,desktop
3440,60,2313,2025-10-09 16:57:21,148,smart_speaker
3441,60,1319,2023-04-01 00:51:53,47,web
3442,60,2192,2024-03-11 11:33:05,92,smart_tv
3443,60,2424,2025-05-09 13:46:12,127,desktop
3444,60,1396,2025-03-11 17:11:24,154,web
3445,60,1451,2023-12-07 11:41:24,89,mobile
3446,60,1521,2024-10-24 00:43:01,128,tablet
3447,60,411,2024-05-13 20:29:35,256,desktop
3448,60,887,2023-02-21 18:17:18,258,mobile
3449,60,1562,2024-09-30 09:54:09,243,web
3450,60,2022,2023-04-05 12:47:58,112,web
3451,60,1645,2023-11-28 03:20:43,89,mobile
3452,60,410,2025-06-09 05:37:32,65,web
3453,60,1765,2025-12-18 16:37:14,77,mobile
3454,60,2418,2024-05-31 08:22:18,73,web
3455,60,903,2023-02-09 17:00:39,92,smart_tv
3456,60,842,2023-06-27 05:32:33,78,tablet
3457,61,234,2023-12-24 20:39:35,279,smart_tv
3458,61,2551,2023-04-30 21:15:30,268,mobile
3459,61,881,2025-01-24 10:10:24,322,web
3460,61,866,2023-02-12 16:35:12,242,mobile
3461,61,2206,2025-06-21 02:25:57,65,mobile
3462,61,60,2024-03-21 12:31:09,77,smart_speaker
3463,61,531,2023-03-12 00:50:41,274,desktop
3464,61,396,2024-08-30 15:16:10,123,tablet
3465,61,1839,2025-12-12 04:26:08,182,desktop
3466,61,1223,2024-11-01 11:10:47,173,tablet
3467,61,1959,2024-01-14 18:48:23,67,tablet
3468,61,1316,2023-04-05 04:04:20,226,smart_tv
3469,61,1346,2023-07-28 18:51:26,324,web
3470,61,2482,2023-02-07 09:40:24,115,web
3471,61,897,2024-08-20 10:33:14,86,smart_speaker
3472,61,2604,2023-07-05 20:46:05,46,mobile
3473,61,1845,2023-09-04 20:28:28,38,smart_speaker
3474,61,1416,2025-01-10 12:08:22,310,web
3475,61,2480,2023-02-05 06:05:41,149,tablet
3476,61,1315,2023-01-18 08:35:57,305,mobile
3477,61,2329,2025-07-28 01:02:20,222,smart_tv
3478,61,2211,2024-02-13 15:21:18,65,tablet
3479,61,1784,2024-05-22 10:05:41,144,web
3480,61,2207,2023-05-04 09:50:07,258,tablet
3481,61,1206,2023-10-16 02:04:11,38,tablet
3482,61,1067,2023-03-28 06:22:38,192,tablet
3483,61,348,2024-07-28 15:00:50,206,web
3484,61,1335,2024-10-14 04:17:37,153,tablet
3485,61,40,2025-05-26 02:34:09,74,mobile
3486,61,480,2024-09-03 08:55:26,285,tablet
3487,61,2464,2025-07-16 00:32:57,154,mobile
3488,61,99,2023-04-22 03:44:17,87,tablet
3489,61,2571,2023-05-02 20:23:29,107,mobile
3490,61,1430,2025-09-04 08:17:00,98,mobile
3491,61,1588,2025-09-05 19:01:24,152,mobile
3492,61,2339,2023-04-23 02:21:12,245,tablet
3493,61,1114,2024-11-04 06:04:27,121,tablet
3494,61,2127,2024-02-04 19:55:45,32,mobile
3495,61,56,2023-03-04 10:46:31,180,mobile
3496,61,93,2024-03-30 23:41:01,241,tablet
3497,61,1470,2024-01-27 08:13:58,349,smart_tv
3498,61,1578,2025-03-31 21:02:14,138,tablet
3499,61,2194,2024-11-15 15:13:34,119,desktop
3500,61,1480,2024-09-23 03:31:09,34,tablet
3501,61,2260,2025-06-21 11:50:11,107,desktop
3502,61,1156,2024-09-07 15:42:32,138,desktop
3503,61,1296,2024-11-19 22:14:58,138,mobile
3504,61,341,2023-10-26 21:47:34,165,mobile
3505,61,1928,2025-07-24 20:31:18,199,web
3506,61,325,2023-05-19 12:45:20,159,mobile
3507,61,699,2025-11-03 01:28:04,57,smart_tv
3508,61,1446,2023-10-02 18:40:01,378,web
3509,61,1528,2023-04-04 00:25:28,172,web
3510,61,482,2024-07-25 21:05:19,319,tablet
3511,61,2465,2023-02-04 22:41:56,108,desktop
3512,61,446,2024-06-09 08:56:49,35,smart_tv
3513,61,290,2025-02-11 11:09:44,161,mobile
3514,61,2589,2024-11-03 09:21:23,205,tablet
3515,61,1971,2025-01-22 04:01:07,228,desktop
3516,61,416,2025-08-30 05:08:07,40,web
3517,61,937,2023-08-31 19:39:04,156,mobile
3518,61,2392,2024-12-13 08:36:06,235,smart_tv
3519,61,238,2023-09-09 21:48:52,215,tablet
3520,61,1540,2023-06-04 18:51:21,241,smart_speaker
3521,61,1041,2024-03-30 10:05:29,101,smart_tv
3522,61,2432,2024-10-13 13:07:27,66,tablet
3523,61,2637,2025-02-23 14:36:28,185,desktop
3524,61,1030,2025-11-27 06:56:25,187,mobile
3525,61,2222,2023-12-21 01:51:25,77,smart_speaker
3526,61,276,2023-05-17 17:33:35,91,smart_tv
3527,61,2592,2023-07-17 06:43:28,99,web
3528,61,1143,2025-02-05 00:37:29,182,web
3529,61,644,2025-06-17 07:42:30,264,web
3530,61,1330,2025-06-11 18:10:32,77,web
3531,61,1091,2024-04-10 00:06:09,165,smart_speaker
3532,61,1253,2023-02-01 02:13:08,257,mobile
3533,61,2353,2025-10-23 03:04:22,109,smart_tv
3534,61,1392,2025-04-25 17:14:47,160,smart_tv
3535,61,962,2025-06-20 01:26:15,109,web
3536,61,1185,2025-05-20 11:21:30,287,smart_tv
3537,61,2295,2023-01-29 09:41:19,194,smart_tv
3538,61,1000,2025-01-13 04:44:13,233,web
3539,61,2616,2025-11-12 08:38:00,274,smart_tv
3540,61,1044,2025-06-07 20:00:38,150,desktop
3541,61,1855,2025-04-05 01:59:43,35,tablet
3542,61,1017,2024-03-01 22:23:37,249,desktop
3543,61,1437,2023-06-23 05:34:30,318,mobile
3544,61,2204,2024-12-07 03:54:49,92,smart_tv
3545,61,520,2025-04-16 02:37:29,176,smart_tv
3546,61,1256,2024-11-16 21:48:03,252,smart_tv
3547,61,1772,2024-10-22 08:59:06,118,smart_tv
3548,61,235,2025-12-11 02:19:23,108,mobile
3549,61,2410,2023-07-07 04:14:38,337,desktop
3550,61,1495,2023-09-12 06:30:04,224,tablet
3551,61,517,2024-06-16 01:45:25,177,web
3552,61,2504,2023-11-24 03:32:34,87,smart_tv
3553,61,1783,2025-06-19 00:30:25,284,mobile
3554,62,1455,2024-10-15 03:53:42,144,tablet
3555,62,2356,2023-07-01 09:43:24,43,web
3556,62,1536,2025-10-10 18:45:35,141,web
3557,62,871,2025-07-07 10:03:49,242,smart_tv
3558,62,191,2025-10-24 17:15:49,185,tablet
3559,62,1825,2025-01-11 17:18:35,276,mobile
3560,62,1113,2023-02-22 21:28:02,120,smart_tv
3561,62,1918,2023-03-28 01:39:09,47,tablet
3562,62,75,2025-12-19 01:57:04,73,tablet
3563,62,1510,2024-03-14 05:24:22,161,smart_speaker
3564,62,1156,2023-02-25 14:00:56,193,smart_speaker
3565,62,2552,2025-04-16 02:33:54,112,smart_tv
3566,62,1327,2023-07-25 08:13:50,77,smart_tv
3567,62,2581,2023-12-03 06:34:18,281,tablet
3568,62,1095,2025-05-03 17:37:34,167,tablet
3569,62,1379,2024-06-07 05:53:19,201,web
3570,62,1940,2024-08-29 10:16:55,150,web
3571,62,1680,2023-11-24 00:49:03,91,tablet
3572,62,1113,2023-10-13 10:28:39,30,web
3573,62,1368,2023-02-10 23:41:29,319,tablet
3574,62,884,2023-01-16 07:46:13,145,desktop
3575,62,1927,2024-12-31 08:25:52,63,smart_speaker
3576,62,2561,2025-12-16 10:54:26,103,smart_tv
3577,62,1594,2025-06-07 05:40:30,113,web
3578,62,2079,2025-05-14 04:44:31,284,mobile
3579,62,2275,2025-06-21 15:48:38,169,desktop
3580,62,2643,2024-10-24 08:33:38,239,smart_tv
3581,62,94,2023-12-31 16:18:38,134,smart_tv
3582,62,2500,2025-04-19 08:04:28,37,web
3583,62,768,2024-12-22 20:40:12,141,web
3584,62,1255,2024-02-15 10:11:49,306,desktop
3585,62,2628,2025-07-21 04:05:16,176,desktop
3586,62,1477,2023-03-13 17:50:13,37,smart_tv
3587,62,2471,2024-09-10 10:21:50,132,mobile
3588,62,1771,2024-07-05 07:09:01,87,smart_tv
3589,62,2031,2024-12-26 12:18:21,378,smart_speaker
3590,62,1049,2023-08-05 19:24:56,101,smart_tv
3591,62,435,2024-10-14 13:32:02,103,smart_speaker
3592,62,265,2025-06-29 23:17:02,87,smart_tv
3593,62,791,2025-11-22 21:25:48,139,smart_speaker
3594,62,1367,2023-02-03 17:17:26,271,desktop
3595,62,1406,2025-08-01 12:56:34,120,tablet
3596,62,148,2023-06-03 23:01:58,79,smart_speaker
3597,62,303,2024-06-25 15:51:01,248,smart_speaker
3598,62,1952,2025-04-03 13:53:12,45,smart_tv
3599,62,2560,2025-03-02 16:11:16,66,desktop
3600,62,220,2025-01-12 22:24:36,201,mobile
3601,62,87,2025-03-24 19:52:46,62,desktop
3602,62,884,2024-04-23 06:22:15,34,desktop
3603,62,855,2025-01-16 03:49:12,106,desktop
3604,62,729,2024-11-02 09:26:08,323,web
3605,62,720,2024-03-08 22:59:45,349,tablet
3606,62,401,2025-05-07 19:32:03,31,mobile
3607,62,1554,2025-11-11 01:35:10,103,web
3608,62,1444,2025-08-06 20:13:02,186,mobile
3609,62,484,2025-09-28 18:10:30,385,desktop
3610,62,2345,2024-04-11 20:28:09,245,tablet
3611,62,162,2024-01-20 03:09:54,64,mobile
3612,62,2222,2023-08-30 20:32:06,171,smart_tv
3613,62,2456,2023-05-27 16:40:46,97,smart_tv
3614,62,1464,2025-07-05 17:23:52,208,mobile
3615,62,337,2025-10-12 05:09:23,48,mobile
3616,62,773,2023-12-25 01:13:29,60,tablet
3617,62,2469,2024-08-20 17:19:54,251,web
3618,62,1773,2025-09-30 23:56:14,326,tablet
3619,62,632,2023-12-03 20:29:04,176,tablet
3620,62,774,2025-05-16 05:44:41,375,desktop
3621,62,1973,2024-07-08 23:07:30,176,desktop
3622,62,2171,2025-02-17 03:14:32,106,smart_tv
3623,62,993,2025-01-06 09:40:12,214,smart_tv
3624,62,989,2024-04-21 02:49:02,351,smart_speaker
3625,62,2581,2024-05-19 02:22:19,57,web
3626,62,998,2023-01-16 02:42:38,217,desktop
3627,62,1838,2025-01-07 17:29:07,99,web
3628,62,325,2024-12-06 04:26:00,177,desktop
3629,62,306,2024-09-14 23:31:27,70,tablet
3630,62,191,2024-05-27 15:32:09,210,desktop
3631,63,1739,2024-11-19 23:24:39,346,smart_speaker
3632,63,597,2024-03-07 17:38:13,186,web
3633,63,2094,2024-01-18 06:34:26,268,desktop
3634,63,1617,2025-05-17 08:49:53,121,smart_tv
3635,63,1997,2025-07-04 06:21:41,143,desktop
3636,63,2090,2025-10-31 14:36:43,164,smart_speaker
3637,63,1100,2025-07-12 13:03:31,70,desktop
3638,63,2157,2024-11-08 14:42:49,143,desktop
3639,63,2075,2025-01-27 10:46:55,152,tablet
3640,63,2040,2025-04-16 08:03:05,226,smart_speaker
3641,63,342,2023-03-22 19:02:36,180,mobile
3642,63,1815,2024-08-12 09:02:58,120,desktop
3643,63,2445,2024-08-08 21:20:22,127,tablet
3644,63,749,2024-03-13 14:28:58,81,web
3645,63,1298,2025-01-25 02:15:44,142,mobile
3646,63,2105,2023-03-19 23:25:39,102,mobile
3647,63,1171,2023-02-01 08:39:09,97,mobile
3648,63,33,2024-12-15 21:12:36,56,smart_speaker
3649,63,283,2023-07-29 04:09:31,334,tablet
3650,63,1022,2025-12-05 12:15:33,93,smart_tv
3651,63,231,2023-10-07 16:05:41,138,tablet
3652,63,1794,2025-04-01 22:36:36,81,tablet
3653,63,2541,2024-09-06 15:11:23,86,tablet
3654,63,1302,2023-02-16 13:08:47,50,smart_speaker
3655,63,859,2024-07-28 19:46:34,137,mobile
3656,63,326,2023-02-17 03:32:53,59,web
3657,63,1325,2025-03-05 01:19:35,184,tablet
3658,63,1621,2024-11-19 01:16:03,87,mobile
3659,63,897,2025-01-11 05:25:27,37,web
3660,63,190,2025-12-19 07:12:36,213,mobile
3661,64,1889,2024-03-03 13:23:31,78,mobile
3662,64,1848,2024-07-12 09:39:42,136,mobile
3663,64,2047,2023-12-29 06:58:16,33,desktop
3664,64,425,2025-12-23 17:16:50,143,desktop
3665,64,1857,2023-11-27 23:59:42,150,smart_speaker
3666,64,1971,2025-09-11 07:00:04,52,mobile
3667,64,24,2023-06-01 18:46:03,114,tablet
3668,64,2318,2023-09-24 21:20:46,135,desktop
3669,64,315,2025-05-06 21:16:21,108,desktop
3670,64,653,2025-11-18 02:21:04,96,mobile
3671,64,1,2024-10-08 02:56:11,49,desktop
3672,64,2148,2024-08-15 06:42:06,201,tablet
3673,64,2432,2024-10-24 07:42:25,81,mobile
3674,64,701,2025-10-07 05:59:14,190,mobile
3675,64,1110,2024-01-23 15:56:40,204,smart_speaker
3676,64,170,2024-03-05 21:52:37,242,smart_tv
3677,64,342,2023-04-10 15:28:48,315,web
3678,64,127,2023-02-20 13:18:31,68,tablet
3679,64,216,2023-05-09 18:56:32,191,web
3680,64,993,2023-04-19 19:45:42,211,mobile
3681,64,2344,2024-05-24 11:54:20,186,web
3682,64,1665,2023-04-01 06:48:00,68,smart_tv
3683,64,1664,2025-07-21 17:28:45,129,desktop
3684,64,1123,2025-02-07 00:22:10,278,smart_speaker
3685,64,1791,2024-10-10 00:04:43,55,tablet
3686,64,1052,2025-02-19 11:45:47,200,smart_tv
3687,64,614,2024-05-07 04:03:51,271,tablet
3688,64,34,2024-02-29 15:46:46,116,desktop
3689,64,1269,2024-09-14 11:36:03,96,mobile
3690,64,1585,2025-07-06 13:30:34,97,web
3691,64,2049,2024-10-06 17:28:55,86,web
3692,64,2016,2024-06-08 07:16:11,162,mobile
3693,64,2123,2023-09-05 13:22:41,157,smart_tv
3694,64,448,2023-06-29 21:40:11,183,smart_speaker
3695,64,2286,2023-05-31 21:32:29,78,mobile
3696,64,1512,2025-05-14 05:48:19,32,mobile
3697,64,2325,2025-02-14 12:07:32,201,tablet
3698,64,1451,2025-01-31 08:35:33,35,smart_speaker
3699,64,698,2024-09-15 16:45:44,155,web
3700,64,2247,2024-08-15 12:14:04,196,mobile
3701,64,1076,2024-02-25 17:20:21,104,mobile
3702,64,1225,2024-03-09 09:37:01,100,smart_speaker
3703,64,1068,2023-08-14 04:08:55,237,smart_tv
3704,64,2578,2023-01-30 04:15:19,301,smart_speaker
3705,64,249,2025-12-23 09:03:38,118,mobile
3706,64,266,2024-05-25 03:52:07,239,mobile
3707,64,932,2024-11-11 19:19:42,201,smart_speaker
3708,64,1701,2023-10-02 14:48:15,240,smart_speaker
3709,64,1033,2025-08-17 03:13:45,272,smart_tv
3710,64,177,2024-03-31 15:32:45,66,tablet
3711,64,258,2024-09-30 10:27:56,215,smart_speaker
3712,64,2069,2023-06-30 19:37:46,180,desktop
3713,64,23,2024-11-22 17:26:02,127,web
3714,64,2208,2023-05-03 02:16:37,254,web
3715,64,44,2023-03-10 11:50:34,84,smart_speaker
3716,64,319,2024-02-16 03:56:47,86,smart_tv
3717,64,1475,2025-06-14 23:58:22,271,desktop
3718,64,925,2025-07-14 19:18:45,363,smart_tv
3719,64,1604,2024-09-30 15:31:44,218,mobile
3720,64,195,2024-05-01 01:20:47,94,mobile
3721,64,1881,2023-05-10 18:36:50,71,mobile
3722,64,120,2025-02-06 21:21:42,251,mobile
3723,64,330,2025-12-04 11:28:56,147,tablet
3724,64,455,2025-04-14 00:30:13,255,mobile
3725,64,23,2024-11-28 03:38:37,151,smart_speaker
3726,64,1026,2023-10-06 02:19:34,289,tablet
3727,64,1507,2024-07-17 06:19:11,146,smart_tv
3728,64,421,2025-04-02 12:13:34,350,smart_tv
3729,64,1980,2025-01-19 02:24:51,234,mobile
3730,64,1776,2024-10-26 16:08:02,154,desktop
3731,64,379,2025-07-27 10:56:08,70,desktop
3732,64,2267,2023-12-28 06:20:04,106,smart_speaker
3733,64,481,2024-02-07 06:09:48,135,mobile
3734,64,2602,2025-07-08 10:30:47,107,mobile
3735,64,1485,2023-09-04 03:04:59,261,desktop
3736,64,1490,2025-08-24 11:47:29,278,smart_speaker
3737,64,910,2023-11-01 21:48:44,138,smart_tv
3738,64,1149,2025-12-04 22:50:17,43,smart_speaker
3739,64,2361,2023-06-08 20:27:31,117,web
3740,64,185,2024-06-20 09:26:18,181,smart_speaker
3741,64,1097,2024-03-21 04:17:16,268,web
3742,64,1602,2025-07-06 22:15:14,166,smart_speaker
3743,64,120,2023-05-21 17:58:02,120,web
3744,64,677,2024-06-15 15:42:31,237,desktop
3745,64,250,2025-04-06 14:45:37,85,smart_tv
3746,64,394,2023-01-23 14:44:31,250,smart_speaker
3747,64,2211,2023-03-01 11:59:38,49,tablet
3748,64,2011,2025-10-19 10:43:50,39,mobile
3749,64,1653,2025-10-05 01:56:17,116,web
3750,64,194,2025-10-12 14:20:15,131,web
3751,64,987,2024-12-11 23:30:33,61,desktop
3752,64,1523,2024-06-07 14:10:18,346,tablet
3753,64,2551,2023-06-14 01:23:06,192,mobile
3754,64,1604,2024-11-11 13:58:54,126,mobile
3755,64,1785,2025-12-31 14:49:04,135,desktop
3756,65,1663,2024-06-23 09:17:52,168,smart_tv
3757,65,790,2024-08-22 06:11:22,43,desktop
3758,65,1474,2024-01-14 05:11:37,250,smart_tv
3759,65,2104,2025-01-28 08:32:44,78,desktop
3760,65,249,2025-08-19 07:37:55,67,desktop
3761,65,1337,2024-03-04 14:35:15,214,mobile
3762,65,2252,2023-01-31 11:29:19,228,smart_speaker
3763,65,1099,2023-01-29 11:48:51,142,smart_speaker
3764,65,1897,2023-11-14 09:01:02,316,smart_tv
3765,65,397,2025-04-12 08:41:54,81,web
3766,65,1178,2023-07-02 03:53:48,223,mobile
3767,65,209,2025-09-20 18:33:39,31,smart_tv
3768,65,1596,2024-05-16 03:53:35,168,tablet
3769,65,2111,2024-03-22 03:27:11,153,web
3770,65,2309,2023-12-26 12:39:03,36,mobile
3771,65,1134,2024-10-30 21:45:25,45,desktop
3772,65,1283,2025-10-06 21:44:32,136,mobile
3773,65,2186,2025-08-04 09:22:51,284,mobile
3774,65,1573,2024-03-04 15:01:51,174,web
3775,65,1004,2024-12-31 14:27:00,125,smart_speaker
3776,65,22,2024-03-18 03:41:59,174,smart_tv
3777,65,2502,2023-03-21 03:08:20,111,tablet
3778,65,2272,2024-01-12 20:04:40,44,tablet
3779,65,1925,2023-01-23 22:09:04,46,smart_tv
3780,65,2170,2025-06-15 06:15:00,42,desktop
3781,65,1866,2024-10-22 22:01:53,63,tablet
3782,65,466,2023-10-20 03:51:42,31,web
3783,65,196,2024-05-13 02:23:15,55,mobile
3784,65,2553,2025-04-27 06:41:50,197,smart_tv
3785,65,1346,2024-04-09 03:24:36,276,desktop
3786,65,2221,2025-02-28 01:28:36,30,smart_speaker
3787,65,1159,2023-10-07 13:00:30,154,tablet
3788,65,100,2024-08-17 16:09:04,70,smart_speaker
3789,65,675,2025-02-17 20:33:37,113,mobile
3790,65,1821,2023-09-12 10:46:34,118,tablet
3791,65,917,2023-10-13 11:58:41,33,tablet
3792,65,574,2025-04-13 00:38:03,214,mobile
3793,65,1310,2024-07-28 10:55:15,44,mobile
3794,65,773,2024-05-26 19:45:45,110,tablet
3795,65,1918,2023-05-06 05:45:27,41,smart_tv
3796,65,2265,2025-03-03 11:34:30,272,web
3797,65,1416,2023-01-21 21:46:39,215,mobile
3798,65,854,2025-08-24 19:20:06,221,web
3799,65,494,2025-04-04 06:08:25,355,tablet
3800,65,360,2025-03-07 17:37:31,36,tablet
3801,65,380,2024-03-25 17:05:33,56,desktop
3802,65,91,2023-01-06 00:50:48,156,tablet
3803,65,2589,2023-03-06 19:14:04,100,web
3804,65,1531,2023-04-16 05:44:05,199,smart_tv
3805,65,2378,2025-07-26 19:50:24,84,desktop
3806,65,631,2025-01-04 12:04:42,134,web
3807,65,2560,2023-08-14 20:52:35,127,smart_speaker
3808,65,2342,2025-06-26 01:57:14,97,smart_tv
3809,65,927,2025-03-04 16:47:19,268,smart_speaker
3810,65,832,2023-03-07 07:26:56,320,desktop
3811,65,1515,2023-10-04 18:33:42,134,smart_speaker
3812,65,199,2024-08-06 06:40:49,43,tablet
3813,65,1691,2023-11-05 15:52:49,82,mobile
3814,65,1798,2023-05-06 18:10:13,68,tablet
3815,65,505,2023-11-13 06:13:21,152,desktop
3816,65,2498,2024-04-06 11:50:24,187,mobile
3817,65,561,2025-09-29 06:04:15,110,smart_speaker
3818,65,285,2025-05-31 13:38:36,143,smart_tv
3819,65,1595,2025-06-17 19:51:51,103,desktop
3820,65,1765,2024-04-07 02:52:19,136,smart_tv
3821,65,1434,2025-11-19 05:15:59,79,mobile
3822,65,1255,2024-05-04 12:25:27,335,tablet
3823,65,1528,2024-10-15 13:18:50,171,mobile
3824,65,1508,2023-02-19 06:53:27,308,smart_speaker
3825,65,1310,2023-06-19 02:42:11,105,smart_tv
3826,65,954,2025-10-11 12:51:50,57,smart_speaker
3827,65,1834,2025-08-17 01:11:48,170,smart_speaker
3828,65,1962,2024-09-30 05:39:05,146,desktop
3829,65,190,2023-07-19 23:19:07,80,mobile
3830,65,1152,2023-08-30 19:13:16,83,desktop
3831,65,910,2025-12-10 05:03:28,91,mobile
3832,65,2335,2024-08-23 12:56:31,31,desktop
3833,65,1329,2023-02-12 02:09:47,186,web
3834,65,629,2025-02-08 23:30:54,34,tablet
3835,65,24,2023-02-07 16:08:08,129,tablet
3836,65,1005,2025-04-28 14:24:10,141,smart_tv
3837,65,1757,2025-03-11 04:13:04,185,smart_tv
3838,65,165,2025-02-15 04:06:03,69,smart_tv
3839,66,657,2024-12-21 23:13:49,70,smart_tv
3840,66,2074,2025-07-30 08:23:11,137,smart_tv
3841,66,830,2024-10-04 01:55:10,287,mobile
3842,66,1462,2023-11-15 16:52:31,278,desktop
3843,66,2171,2023-03-31 22:04:09,245,smart_speaker
3844,66,2154,2023-08-17 17:16:43,133,desktop
3845,66,177,2025-05-26 12:24:06,147,mobile
3846,66,383,2025-08-03 14:11:51,178,smart_speaker
3847,66,696,2024-04-02 15:39:41,148,smart_tv
3848,66,207,2025-09-07 01:49:49,205,smart_tv
3849,66,1483,2023-06-04 05:15:45,298,web
3850,66,1623,2023-08-04 07:42:17,83,mobile
3851,66,2308,2025-02-26 14:39:04,135,desktop
3852,66,1654,2024-12-16 04:44:26,165,web
3853,66,713,2025-02-24 05:53:54,64,smart_tv
3854,67,2352,2024-08-24 12:07:52,32,mobile
3855,67,1550,2024-09-11 17:50:18,288,web
3856,67,2145,2023-04-09 07:49:49,70,smart_tv
3857,67,2409,2023-03-14 22:24:44,69,web
3858,67,670,2024-07-27 23:24:44,117,smart_speaker
3859,67,1091,2024-08-09 07:42:42,112,smart_speaker
3860,67,96,2024-10-18 00:06:11,309,mobile
3861,67,1842,2025-07-16 01:40:29,98,desktop
3862,67,2586,2024-03-19 11:38:51,81,web
3863,67,2504,2025-08-05 01:10:38,263,smart_speaker
3864,67,1814,2023-01-14 00:43:49,85,mobile
3865,67,170,2025-05-16 05:11:31,45,smart_speaker
3866,67,869,2024-02-15 17:41:18,173,web
3867,67,18,2025-08-17 17:18:36,207,web
3868,67,1059,2024-02-04 21:00:09,97,smart_tv
3869,67,2257,2025-06-09 22:11:37,52,tablet
3870,67,2188,2024-01-19 05:01:56,79,tablet
3871,67,1706,2024-05-09 11:48:17,99,smart_tv
3872,67,1876,2025-09-12 12:12:18,64,smart_tv
3873,67,246,2023-10-11 23:12:10,55,desktop
3874,67,288,2025-11-06 18:09:14,159,web
3875,67,122,2024-10-18 02:36:38,246,web
3876,67,1700,2024-04-07 08:59:29,58,tablet
3877,67,2622,2025-07-30 03:22:18,177,smart_tv
3878,67,2603,2025-11-28 04:06:46,107,desktop
3879,67,2623,2023-02-07 17:50:29,165,smart_tv
3880,67,2277,2023-01-14 09:09:40,138,smart_tv
3881,67,2147,2023-09-26 17:05:12,358,tablet
3882,67,988,2024-11-12 16:12:55,84,desktop
3883,67,1714,2025-03-27 22:23:48,97,smart_tv
3884,67,95,2024-03-22 08:28:49,71,tablet
3885,67,1311,2025-01-25 22:10:51,99,web
3886,67,404,2023-12-31 23:00:25,255,desktop
3887,67,319,2024-03-16 17:18:03,239,desktop
3888,67,490,2025-01-12 13:53:20,372,tablet
3889,67,1589,2023-08-02 15:19:05,168,smart_tv
3890,67,2434,2025-07-24 14:57:17,171,web
3891,67,1033,2024-01-18 12:56:04,80,mobile
3892,67,2035,2025-04-26 00:47:27,70,smart_tv
3893,67,926,2023-03-02 14:45:35,75,web
3894,67,2526,2025-01-11 21:56:48,134,smart_tv
3895,67,553,2023-02-19 18:01:08,165,tablet
3896,67,58,2024-11-15 08:11:28,96,tablet
3897,67,1643,2024-01-29 03:00:25,36,mobile
3898,67,1361,2024-11-17 23:04:44,259,tablet
3899,67,1665,2024-08-22 22:23:41,65,mobile
3900,67,2458,2025-08-12 12:41:44,208,smart_tv
3901,67,2094,2025-10-25 16:45:22,192,smart_tv
3902,67,1405,2025-09-07 10:07:31,94,tablet
3903,67,1408,2025-10-28 11:17:24,183,desktop
3904,67,1078,2024-06-03 00:09:50,317,smart_tv
3905,67,1647,2024-12-06 21:53:59,119,smart_speaker
3906,67,732,2025-06-08 10:21:09,44,smart_tv
3907,67,664,2023-07-30 03:15:39,245,smart_tv
3908,67,2523,2024-02-26 11:06:08,41,smart_tv
3909,67,97,2023-06-03 15:00:12,110,tablet
3910,67,427,2023-12-20 15:57:05,162,desktop
3911,67,1796,2023-12-29 13:10:03,172,smart_tv
3912,67,2202,2025-03-27 12:19:21,141,desktop
3913,67,2524,2023-07-29 15:37:18,235,desktop
3914,67,2198,2025-11-01 05:31:30,222,smart_speaker
3915,67,2150,2024-08-29 06:34:51,65,desktop
3916,67,1467,2025-10-01 22:08:42,159,smart_tv
3917,67,2053,2024-10-16 10:00:11,125,smart_speaker
3918,67,1689,2024-10-31 02:46:03,41,mobile
3919,67,929,2024-07-13 20:46:22,132,tablet
3920,67,2037,2024-02-22 09:18:32,194,smart_speaker
3921,67,213,2025-05-19 05:55:15,189,desktop
3922,67,2010,2025-10-09 13:43:49,70,web
3923,67,1251,2025-06-19 09:53:22,112,smart_tv
3924,67,597,2025-01-17 06:28:19,148,web
3925,67,1498,2023-01-07 07:37:56,112,smart_tv
3926,67,129,2023-03-23 05:24:12,49,desktop
3927,67,1753,2024-10-02 22:29:44,176,smart_tv
3928,67,2608,2023-02-26 12:10:53,252,mobile
3929,67,1167,2025-07-28 15:07:40,130,mobile
3930,67,2321,2023-05-10 20:22:11,30,mobile
3931,67,2447,2023-06-15 06:07:16,250,smart_tv
3932,67,1457,2025-10-31 14:32:00,181,tablet
3933,68,1392,2024-04-28 02:14:37,398,desktop
3934,68,159,2023-03-26 22:34:19,54,smart_tv
3935,68,2126,2024-02-22 12:19:09,234,desktop
3936,68,2011,2024-04-08 02:33:36,70,mobile
3937,68,2649,2024-05-04 00:16:15,122,web
3938,68,535,2024-06-11 23:27:05,370,web
3939,68,2253,2025-06-05 09:55:15,289,smart_tv
3940,68,809,2023-03-29 18:25:44,157,desktop
3941,68,647,2023-06-19 08:04:45,82,smart_tv
3942,68,1530,2024-09-13 03:59:50,175,mobile
3943,68,188,2024-11-26 01:33:57,45,web
3944,68,2180,2025-11-20 09:50:31,236,mobile
3945,68,484,2025-02-07 11:17:51,77,desktop
3946,68,1036,2023-01-02 10:38:57,357,desktop
3947,68,1465,2023-02-22 01:54:12,35,smart_tv
3948,68,1105,2023-10-01 15:06:46,48,smart_tv
3949,68,1723,2024-02-04 14:25:17,92,tablet
3950,68,2357,2025-10-01 02:02:12,186,web
3951,68,1696,2024-06-09 17:38:34,101,smart_tv
3952,68,1459,2023-04-05 13:28:53,111,desktop
3953,68,1166,2025-02-14 07:19:40,155,web
3954,68,1079,2023-05-04 13:09:53,50,smart_tv
3955,68,61,2023-09-01 19:58:43,160,tablet
3956,68,2348,2024-07-01 08:48:55,128,web
3957,68,2251,2025-04-14 22:52:50,214,smart_tv
3958,68,1407,2024-07-11 22:05:31,173,smart_tv
3959,68,1297,2025-05-25 19:14:35,125,mobile
3960,68,1067,2023-04-19 08:33:57,202,tablet
3961,68,1324,2023-09-12 05:20:28,232,smart_speaker
3962,68,675,2023-12-21 19:53:14,42,mobile
3963,68,1636,2024-03-01 07:14:53,148,mobile
3964,68,1009,2025-09-01 06:54:03,64,smart_speaker
3965,68,2028,2024-12-12 10:54:09,210,tablet
3966,68,1208,2025-09-26 10:29:06,103,desktop
3967,68,934,2023-08-14 23:52:45,333,web
3968,68,1267,2024-06-20 00:25:55,263,smart_speaker
3969,68,1756,2025-02-13 23:49:37,384,web
3970,68,1157,2023-03-25 13:31:54,181,smart_tv
3971,68,1862,2023-07-21 03:18:58,97,web
3972,68,2607,2024-09-03 00:56:33,170,smart_speaker
3973,68,1970,2023-08-22 13:04:26,160,desktop
3974,68,1212,2023-06-09 15:42:38,318,mobile
3975,68,1680,2024-12-01 02:39:09,49,mobile
3976,68,132,2025-07-15 12:46:04,176,smart_tv
3977,68,2290,2024-03-28 22:42:40,104,desktop
3978,68,2514,2025-02-27 22:28:06,114,smart_speaker
3979,68,2335,2024-01-20 16:20:00,46,smart_tv
3980,68,2606,2024-02-08 09:19:33,63,mobile
3981,68,528,2025-02-20 00:21:45,46,smart_tv
3982,69,2073,2024-06-25 14:44:52,270,mobile
3983,69,738,2024-03-17 11:12:48,96,smart_speaker
3984,69,293,2023-01-03 17:48:02,117,web
3985,69,1490,2024-12-30 10:55:47,318,smart_speaker
3986,69,2327,2023-05-18 15:00:53,215,smart_speaker
3987,69,1070,2023-12-22 02:37:51,165,web
3988,69,1437,2024-08-11 14:36:30,209,mobile
3989,69,604,2023-12-13 08:20:24,176,desktop
3990,69,1087,2024-03-03 13:25:36,58,web
3991,69,1915,2025-12-10 15:18:29,36,smart_speaker
3992,69,83,2024-10-05 18:05:59,140,mobile
3993,69,981,2025-07-06 23:08:20,114,smart_speaker
3994,69,1198,2024-01-06 17:31:00,112,smart_tv
3995,69,2212,2025-10-15 18:49:19,98,tablet
3996,69,2537,2023-02-01 22:09:06,271,desktop
3997,69,506,2023-08-31 09:50:46,113,mobile
3998,69,2610,2023-06-06 12:23:32,66,desktop
3999,69,1612,2024-04-24 08:13:32,111,desktop
4000,69,388,2025-10-22 06:50:37,291,mobile
4001,69,1309,2024-02-02 17:23:52,164,smart_tv
4002,69,2268,2025-02-23 19:58:27,328,desktop
4003,69,1903,2025-09-14 10:38:20,146,mobile
4004,69,1998,2023-04-01 11:19:51,77,mobile
4005,69,1819,2023-02-09 01:13:17,219,web
4006,69,82,2025-09-18 19:32:50,132,desktop
4007,69,1577,2025-11-04 20:06:00,141,desktop
4008,69,1818,2024-09-20 14:58:26,75,tablet
4009,69,829,2023-07-21 22:49:20,139,tablet
4010,69,1856,2023-08-26 13:22:04,30,smart_tv
4011,69,2484,2025-03-26 23:42:13,56,tablet
4012,69,2012,2023-03-04 06:46:34,276,smart_speaker
4013,69,2546,2025-09-22 10:20:22,153,smart_tv
4014,69,2476,2025-03-14 07:22:20,157,smart_tv
4015,69,1347,2023-09-11 08:08:38,388,web
4016,69,782,2025-08-21 15:04:45,180,smart_speaker
4017,69,1781,2023-10-31 04:15:18,229,smart_speaker
4018,69,446,2025-03-17 12:23:14,106,tablet
4019,69,1136,2024-02-20 20:48:09,43,web
4020,69,2402,2025-04-27 04:01:23,202,desktop
4021,69,2077,2024-07-16 20:20:46,145,web
4022,69,2330,2023-08-27 15:04:18,97,desktop
4023,69,1638,2023-08-17 01:22:37,34,mobile
4024,69,1718,2024-06-30 15:52:23,43,tablet
4025,69,2472,2025-06-15 18:54:46,190,desktop
4026,69,1973,2024-03-17 06:31:52,258,smart_speaker
4027,69,2024,2023-06-03 13:42:30,214,web
4028,69,1358,2023-12-14 18:53:25,128,desktop
4029,69,290,2025-10-03 00:14:58,258,smart_speaker
4030,69,933,2023-04-21 15:45:18,233,web
4031,69,874,2025-09-22 23:39:57,106,smart_tv
4032,69,1350,2024-08-17 20:23:51,62,smart_speaker
4033,69,1733,2023-05-28 05:12:31,89,smart_tv
4034,69,1478,2025-09-06 08:47:46,42,desktop
4035,69,462,2023-02-01 16:20:51,40,mobile
4036,69,703,2025-02-13 17:20:10,165,smart_tv
4037,70,2502,2025-05-24 16:04:04,75,smart_speaker
4038,70,1901,2023-03-29 14:47:10,31,tablet
4039,70,495,2025-09-15 18:25:21,62,tablet
4040,70,932,2025-03-07 12:10:47,196,mobile
4041,70,1728,2023-10-28 06:02:24,42,smart_speaker
4042,70,12,2024-05-29 01:03:35,260,desktop
4043,70,2032,2024-08-18 02:07:19,83,desktop
4044,70,2279,2024-12-27 11:46:48,354,smart_speaker
4045,70,688,2025-02-12 12:31:37,176,web
4046,70,1577,2023-10-18 23:17:12,121,smart_tv
4047,70,2112,2025-11-16 15:11:38,186,smart_tv
4048,70,1300,2023-10-30 01:03:17,41,mobile
4049,70,1426,2023-09-12 00:25:09,201,tablet
4050,70,846,2025-04-17 09:35:12,281,desktop
4051,70,108,2024-11-21 11:09:14,196,smart_tv
4052,70,2469,2023-10-27 12:40:20,79,tablet
4053,70,1228,2024-01-26 01:31:53,98,mobile
4054,70,2432,2025-05-26 21:32:19,78,web
4055,70,1107,2024-05-05 05:26:52,324,web
4056,70,1575,2023-10-01 02:41:58,192,tablet
4057,70,830,2025-05-08 20:15:28,172,mobile
4058,70,2354,2023-08-08 04:50:46,282,smart_tv
4059,70,305,2024-07-05 01:56:55,145,desktop
4060,70,2606,2024-10-05 04:06:51,165,tablet
4061,70,23,2025-10-02 04:01:30,143,mobile
4062,70,1313,2025-11-12 21:02:51,86,smart_speaker
4063,70,640,2024-06-27 01:05:23,52,web
4064,70,486,2023-02-17 09:47:20,128,mobile
4065,70,2177,2024-11-06 01:39:59,261,desktop
4066,70,78,2025-01-10 18:42:13,120,smart_speaker
4067,70,432,2024-03-01 11:18:51,101,web
4068,70,1529,2024-10-05 12:23:22,139,mobile
4069,70,2537,2024-09-26 02:07:50,236,web
4070,70,1881,2025-12-02 03:00:10,78,mobile
4071,70,378,2024-06-01 03:11:32,43,web
4072,70,1108,2023-12-31 10:10:13,169,mobile
4073,70,333,2023-01-02 13:36:46,77,smart_tv
4074,70,1524,2024-06-15 12:49:34,262,smart_tv
4075,70,1246,2024-12-17 19:39:08,219,smart_tv
4076,70,2632,2024-09-05 07:34:11,215,web
4077,70,1876,2023-10-27 03:55:00,65,smart_speaker
4078,70,2634,2025-01-10 09:12:22,275,tablet
4079,70,343,2023-04-02 02:56:51,116,mobile
4080,70,1775,2025-03-18 06:01:58,113,smart_speaker
4081,70,87,2023-08-24 22:54:02,153,desktop
4082,70,224,2025-08-08 15:26:11,230,tablet
4083,70,1746,2025-12-27 12:53:07,125,mobile
4084,70,1273,2025-12-28 00:45:35,154,web
4085,70,96,2024-10-11 14:14:11,80,smart_tv
4086,71,903,2024-12-20 00:31:30,86,mobile
4087,71,1319,2023-11-13 15:42:17,67,desktop
4088,71,2225,2025-07-15 11:48:47,30,smart_tv
4089,71,2164,2023-04-20 05:02:34,192,smart_tv
4090,71,611,2025-06-18 02:31:49,55,mobile
4091,71,2358,2025-10-05 17:18:28,126,mobile
4092,71,1441,2023-03-29 06:04:09,152,mobile
4093,71,207,2024-11-01 19:48:57,131,mobile
4094,71,1628,2025-07-27 03:02:54,36,desktop
4095,71,1776,2024-12-15 00:37:07,44,tablet
4096,71,2361,2023-04-02 00:54:45,167,mobile
4097,71,490,2024-12-15 18:33:36,366,smart_speaker
4098,71,2621,2025-11-23 23:25:04,270,smart_tv
4099,71,2494,2024-10-31 03:12:54,202,desktop
4100,71,426,2025-07-12 09:40:08,103,tablet
4101,71,1690,2024-11-19 10:21:56,38,smart_speaker
4102,71,2548,2024-08-24 13:26:39,116,mobile
4103,71,2251,2024-12-17 10:15:16,99,smart_speaker
4104,71,1722,2023-04-18 12:57:00,49,desktop
4105,71,2479,2025-03-05 05:35:40,142,mobile
4106,71,2102,2025-11-06 01:56:36,280,smart_speaker
4107,71,2118,2024-04-28 01:48:57,270,smart_tv
4108,71,2307,2025-04-17 13:17:16,290,smart_speaker
4109,71,628,2024-02-02 15:04:26,85,smart_tv
4110,71,1427,2025-08-23 19:26:55,236,smart_speaker
4111,71,1605,2025-04-15 14:02:40,205,smart_tv
4112,71,725,2024-11-25 09:03:12,94,smart_speaker
4113,71,768,2025-12-17 05:41:01,89,mobile
4114,71,147,2025-06-04 06:40:58,255,mobile
4115,71,1329,2024-02-04 18:27:36,154,tablet
4116,71,2419,2024-07-05 08:51:11,38,mobile
4117,71,797,2023-12-02 16:04:40,226,smart_tv
4118,71,621,2025-10-18 23:05:16,74,mobile
4119,71,1342,2024-08-16 04:41:52,258,web
4120,71,2138,2023-04-13 17:41:00,171,mobile
4121,71,2195,2023-09-05 14:08:26,166,desktop
4122,71,1204,2024-09-22 06:08:32,108,smart_speaker
4123,71,2632,2023-07-04 21:24:24,152,smart_tv
4124,71,327,2024-10-14 15:58:07,196,mobile
4125,71,2327,2024-03-08 17:16:51,115,web
4126,71,888,2025-10-23 07:17:11,43,tablet
4127,71,2335,2024-09-26 07:01:05,90,smart_tv
4128,71,2207,2023-05-14 06:34:48,144,mobile
4129,71,2504,2023-04-08 10:55:05,216,mobile
4130,71,2100,2023-04-26 19:49:51,120,desktop
4131,71,1562,2025-06-20 07:58:26,41,mobile
4132,71,1130,2024-11-14 16:02:25,334,mobile
4133,71,1245,2024-11-02 09:54:51,108,tablet
4134,71,2452,2024-02-11 13:36:26,45,tablet
4135,71,2238,2023-04-11 20:01:32,72,mobile
4136,71,2478,2023-12-13 00:18:26,345,tablet
4137,71,638,2025-02-07 04:48:43,173,smart_speaker
4138,72,2564,2023-04-23 20:23:07,112,smart_tv
4139,72,2191,2025-07-15 16:05:19,57,mobile
4140,72,2555,2025-02-16 13:12:59,246,smart_tv
4141,72,205,2025-09-21 23:16:32,84,smart_speaker
4142,72,298,2024-03-28 20:00:53,69,mobile
4143,72,1757,2025-09-19 03:56:59,248,web
4144,72,1593,2023-05-30 03:46:36,56,smart_tv
4145,72,1912,2025-11-29 20:32:13,49,smart_speaker
4146,72,1140,2023-09-11 12:14:51,31,smart_tv
4147,72,1921,2023-03-19 21:50:18,315,mobile
4148,72,1403,2025-03-17 01:11:40,220,tablet
4149,72,2271,2023-08-27 13:46:06,173,web
4150,72,48,2024-02-01 01:02:51,189,web
4151,72,1965,2025-01-22 16:29:32,205,smart_speaker
4152,72,1321,2025-12-25 23:57:41,153,desktop
4153,72,1167,2023-01-11 12:07:51,34,desktop
4154,72,241,2023-11-03 11:43:31,72,tablet
4155,72,265,2025-03-18 16:12:55,241,mobile
4156,72,1833,2024-06-23 21:34:12,180,smart_speaker
4157,72,2494,2024-11-07 01:34:26,75,desktop
4158,72,1271,2025-08-06 19:15:45,185,web
4159,73,1718,2024-02-15 01:27:15,112,mobile
4160,73,2499,2024-02-25 04:15:09,331,tablet
4161,73,2073,2023-11-26 03:01:37,122,tablet
4162,73,309,2025-07-19 15:27:34,323,mobile
4163,73,339,2023-01-16 13:39:31,99,smart_tv
4164,73,952,2023-11-26 17:19:12,63,smart_speaker
4165,73,549,2023-08-14 03:07:23,256,smart_tv
4166,73,1940,2023-03-27 05:31:05,98,tablet
4167,73,2365,2024-04-20 06:24:54,377,desktop
4168,73,1732,2025-02-25 06:47:37,118,desktop
4169,73,2528,2025-10-20 06:53:09,220,tablet
4170,73,1519,2024-02-14 23:37:35,131,web
4171,73,1140,2024-02-02 18:54:22,305,desktop
4172,73,375,2024-01-10 10:41:13,297,web
4173,73,18,2023-07-02 01:07:35,91,tablet
4174,73,2655,2024-06-10 10:01:41,152,smart_tv
4175,73,2466,2024-03-05 11:19:52,55,web
4176,73,1519,2023-06-09 11:23:07,137,smart_speaker
4177,73,2236,2024-07-17 03:04:46,77,desktop
4178,73,644,2023-11-15 02:50:34,270,tablet
4179,73,58,2025-02-22 07:26:18,127,desktop
4180,73,2498,2025-02-07 21:52:39,92,mobile
4181,73,1896,2024-05-11 12:09:53,259,desktop
4182,73,1310,2023-08-21 11:29:08,204,web
4183,73,903,2023-08-17 16:17:04,101,desktop
4184,73,1029,2025-12-21 08:16:22,67,mobile
4185,73,838,2025-06-02 19:33:15,74,web
4186,73,1977,2025-06-13 22:44:58,140,tablet
4187,73,1791,2023-09-15 12:44:41,312,mobile
4188,73,2011,2023-11-03 11:03:53,87,tablet
4189,73,78,2023-01-20 03:09:52,137,web
4190,73,1061,2025-12-09 02:17:09,113,tablet
4191,73,2144,2023-03-10 19:35:26,186,smart_speaker
4192,73,700,2025-08-10 10:02:16,179,mobile
4193,73,1950,2025-11-20 09:14:08,307,desktop
4194,73,2128,2024-08-11 19:43:47,125,tablet
4195,73,1423,2025-03-21 05:26:11,142,web
4196,73,737,2025-06-14 14:58:27,78,web
4197,73,1851,2023-02-06 04:36:52,84,desktop
4198,73,2581,2025-09-20 21:16:25,214,smart_speaker
4199,73,1897,2023-12-05 00:11:03,224,mobile
4200,73,2145,2023-04-04 23:08:03,124,tablet
4201,73,2206,2023-07-26 13:48:45,203,desktop
4202,73,1713,2023-08-12 01:59:53,81,web
4203,73,339,2024-09-26 23:59:32,265,tablet
4204,73,83,2023-04-09 16:03:25,73,tablet
4205,73,811,2023-07-30 18:28:26,192,smart_tv
4206,73,101,2023-12-01 00:48:08,183,mobile
4207,73,1170,2024-11-20 11:07:11,274,tablet
4208,73,1556,2025-12-20 05:57:25,290,web
4209,73,1727,2023-11-25 14:55:53,279,mobile
4210,73,969,2024-11-13 20:45:37,332,smart_speaker
4211,73,2201,2025-01-04 01:32:32,34,smart_speaker
4212,73,128,2025-12-08 08:03:27,200,desktop
4213,73,2073,2023-10-14 07:36:55,306,smart_speaker
4214,73,2256,2023-04-27 21:44:52,120,web
4215,73,615,2025-10-14 01:36:47,130,desktop
4216,73,2506,2024-08-29 09:09:43,114,smart_tv
4217,73,1490,2023-10-31 07:33:55,279,smart_tv
4218,73,1106,2024-03-23 14:56:18,115,mobile
4219,73,650,2025-08-30 20:47:49,197,smart_tv
4220,73,634,2023-09-20 13:58:43,108,mobile
4221,73,2219,2025-10-17 07:22:58,135,tablet
4222,73,1671,2024-02-03 06:55:31,203,tablet
4223,73,539,2025-07-02 13:26:46,227,mobile
4224,73,859,2025-03-15 09:14:10,59,smart_tv
4225,73,308,2025-05-18 09:03:50,126,mobile
4226,73,1772,2025-06-04 22:22:09,105,web
4227,73,830,2025-07-29 03:57:49,164,tablet
4228,74,152,2024-08-20 01:02:35,198,smart_speaker
4229,74,818,2025-03-16 18:31:12,122,desktop
4230,74,2525,2023-08-07 20:44:32,48,smart_tv
4231,74,597,2025-06-23 10:32:01,294,web
4232,74,1548,2023-01-23 20:24:57,186,web
4233,74,760,2025-01-23 00:33:10,94,tablet
4234,74,2030,2023-06-14 08:53:06,37,desktop
4235,74,1727,2025-10-08 04:22:17,127,web
4236,74,52,2024-07-13 16:44:18,222,smart_speaker
4237,74,1365,2025-10-08 19:45:54,363,smart_tv
4238,74,722,2024-05-05 20:31:52,47,web
4239,74,2381,2024-08-18 11:10:56,183,mobile
4240,74,575,2023-11-29 20:05:41,193,desktop
4241,74,2241,2025-04-01 07:17:29,30,web
4242,74,2247,2025-03-10 02:57:55,295,smart_tv
4243,74,128,2025-03-27 00:02:22,65,mobile
4244,74,15,2024-12-16 04:34:33,80,tablet
4245,74,2441,2023-09-28 22:50:33,82,web
4246,74,1640,2023-02-09 20:56:21,61,smart_tv
4247,75,121,2025-02-27 12:27:14,113,tablet
4248,75,2288,2025-10-25 22:00:37,288,tablet
4249,75,1070,2024-02-27 12:42:47,137,smart_tv
4250,75,551,2023-06-25 10:18:53,131,desktop
4251,75,1768,2025-02-06 22:44:22,283,smart_tv
4252,75,871,2025-05-18 11:35:15,144,mobile
4253,75,2406,2023-04-28 22:36:55,205,smart_speaker
4254,75,225,2024-04-17 21:57:39,149,smart_speaker
4255,75,1217,2025-12-20 23:18:07,91,mobile
4256,75,2422,2024-12-29 12:45:20,279,tablet
4257,75,1540,2025-03-07 07:37:25,163,desktop
4258,75,481,2025-05-12 15:58:42,92,smart_speaker
4259,75,135,2023-04-13 01:43:24,237,smart_speaker
4260,75,1936,2024-03-09 20:04:16,148,desktop
4261,75,2451,2023-05-23 03:13:15,146,mobile
4262,75,504,2023-09-05 18:11:05,227,tablet
4263,75,2536,2025-12-10 14:25:16,142,tablet
4264,75,1588,2023-01-12 10:46:39,85,mobile
4265,75,538,2025-12-01 17:22:02,84,mobile
4266,75,545,2023-04-23 02:33:29,155,smart_speaker
4267,75,465,2024-11-26 14:04:46,130,mobile
4268,75,1264,2023-10-04 02:23:42,155,desktop
4269,75,2024,2024-05-03 21:24:14,299,smart_speaker
4270,75,2259,2023-05-23 17:59:58,50,smart_speaker
4271,75,1301,2025-08-07 04:58:19,115,mobile
4272,75,1698,2023-12-06 15:40:48,42,tablet
4273,75,477,2024-08-14 22:45:20,206,desktop
4274,75,1858,2023-09-18 03:31:45,131,mobile
4275,75,2267,2025-05-29 21:59:11,56,mobile
4276,75,2355,2024-06-18 13:53:25,145,mobile
4277,75,175,2023-01-29 21:33:35,65,smart_tv
4278,75,2466,2025-10-20 10:16:06,76,tablet
4279,75,264,2023-12-17 07:20:32,233,web
4280,75,696,2023-08-31 11:52:10,79,smart_speaker
4281,75,74,2023-04-27 18:13:38,85,web
4282,75,1839,2023-02-19 16:37:57,120,mobile
4283,75,2318,2025-10-10 21:26:31,257,smart_speaker
4284,75,373,2025-07-16 00:36:21,189,mobile
4285,75,307,2024-03-06 16:34:52,228,smart_speaker
4286,75,1588,2023-05-08 22:47:56,90,smart_tv
4287,75,147,2024-12-24 00:16:47,283,desktop
4288,75,2011,2023-09-01 10:55:31,39,web
4289,75,1157,2024-07-20 04:06:27,54,web
4290,75,2341,2025-05-06 13:56:37,31,smart_tv
4291,75,839,2025-12-07 17:06:56,209,desktop
4292,75,988,2023-11-18 06:24:30,215,mobile
4293,75,459,2024-09-16 20:57:44,120,desktop
4294,75,1726,2023-07-25 03:03:42,113,mobile
4295,75,147,2024-04-30 03:43:49,325,tablet
4296,75,1548,2023-07-05 15:55:18,278,desktop
4297,75,146,2024-07-18 04:33:30,200,mobile
4298,75,1385,2023-06-06 02:43:03,82,desktop
4299,75,515,2023-02-15 13:03:45,181,smart_tv
4300,75,1816,2023-11-12 08:55:42,44,smart_speaker
4301,75,614,2024-03-31 19:21:27,30,smart_tv
4302,75,1268,2023-05-26 00:50:26,193,desktop
4303,75,1385,2025-05-30 21:38:49,137,smart_tv
4304,75,1383,2024-01-07 01:19:59,151,smart_speaker
4305,75,205,2023-12-12 07:48:39,131,smart_tv
4306,75,923,2025-10-23 17:27:31,96,tablet
4307,75,1969,2024-03-07 18:44:32,81,desktop
4308,75,2479,2023-06-07 04:13:59,193,smart_speaker
4309,75,80,2025-12-27 09:44:18,31,mobile
4310,75,2264,2024-04-08 14:48:50,56,smart_tv
4311,75,581,2025-11-24 22:17:59,223,smart_tv
4312,75,1477,2023-03-10 00:57:49,41,web
4313,75,1271,2024-10-30 19:07:16,295,desktop
4314,75,497,2024-02-21 07:23:30,80,tablet
4315,75,23,2023-01-28 15:19:01,87,smart_speaker
4316,75,1048,2025-09-10 12:36:42,219,tablet
4317,75,2093,2025-11-15 09:10:30,122,web
4318,75,1190,2024-08-26 12:42:22,177,web
4319,75,661,2023-04-02 02:47:34,80,smart_speaker
4320,75,433,2025-09-29 21:53:40,147,smart_speaker
4321,75,88,2023-08-07 04:09:18,84,desktop
4322,76,389,2024-08-06 00:16:57,208,mobile
4323,76,2458,2025-03-22 08:49:21,170,smart_speaker
4324,76,29,2024-09-22 15:34:26,38,smart_speaker
4325,76,460,2025-01-25 21:54:34,226,tablet
4326,76,133,2024-12-10 01:13:18,117,mobile
4327,76,2370,2023-09-08 21:46:14,229,smart_tv
4328,76,1939,2025-09-11 21:08:44,120,mobile
4329,76,1150,2024-09-15 07:22:26,78,smart_tv
4330,76,2653,2023-09-05 18:12:55,114,desktop
4331,76,2611,2025-03-11 08:08:26,110,tablet
4332,77,2475,2025-11-12 19:37:48,140,tablet
4333,77,1741,2025-04-15 15:31:52,355,smart_speaker
4334,77,2618,2025-02-14 05:26:58,72,mobile
4335,77,583,2023-01-06 10:19:10,95,smart_speaker
4336,77,1992,2023-05-05 19:01:21,45,desktop
4337,77,1571,2025-11-12 10:36:00,116,desktop
4338,77,1165,2025-01-27 21:43:25,222,tablet
4339,77,363,2024-01-28 06:40:49,104,desktop
4340,77,1922,2023-06-28 15:25:18,328,smart_tv
4341,77,1211,2024-06-07 16:35:12,141,mobile
4342,77,1215,2024-07-18 09:50:52,218,tablet
4343,77,63,2025-05-19 19:48:25,276,mobile
4344,77,204,2023-08-14 11:29:05,39,smart_tv
4345,77,2387,2024-06-27 20:22:23,186,smart_tv
4346,77,802,2024-05-04 13:05:34,247,tablet
4347,77,554,2024-11-28 14:51:32,382,desktop
4348,77,2431,2024-01-30 21:29:42,134,smart_tv
4349,77,2578,2023-05-25 05:10:40,49,smart_speaker
4350,77,102,2025-05-28 11:05:59,296,desktop
4351,77,1070,2024-05-17 09:17:08,59,web
4352,77,2137,2023-06-30 20:44:25,165,web
4353,77,1764,2025-10-30 01:31:24,182,smart_tv
4354,77,169,2023-08-23 08:47:16,131,smart_tv
4355,77,25,2024-11-14 00:50:28,181,mobile
4356,77,2016,2023-04-03 00:56:48,249,mobile
4357,77,686,2023-09-27 11:04:47,76,desktop
4358,77,1375,2024-05-16 18:19:04,133,web
4359,77,329,2023-10-20 08:53:10,95,web
4360,77,383,2024-11-30 05:11:46,137,desktop
4361,77,765,2025-04-28 03:58:02,44,smart_speaker
4362,77,1419,2024-04-09 17:48:55,38,smart_tv
4363,77,1516,2024-02-18 01:35:57,38,mobile
4364,77,1591,2024-01-20 04:54:45,144,smart_speaker
4365,77,149,2024-06-29 06:03:15,167,smart_speaker
4366,77,675,2025-05-10 03:47:15,59,smart_tv
4367,78,2514,2023-11-14 03:51:42,138,smart_speaker
4368,78,1664,2025-08-18 17:00:12,110,mobile
4369,78,108,2025-04-23 19:11:45,113,smart_speaker
4370,78,1734,2025-10-09 10:00:57,199,tablet
4371,78,1778,2023-06-19 11:06:49,64,mobile
4372,78,1568,2024-03-18 13:31:53,227,tablet
4373,78,1675,2025-01-14 21:24:30,126,tablet
4374,78,1899,2025-05-12 04:02:23,134,tablet
4375,78,1567,2023-09-21 10:08:35,199,mobile
4376,78,2274,2024-02-11 04:48:27,210,mobile
4377,78,319,2025-10-04 19:56:36,108,desktop
4378,78,2350,2025-06-20 12:59:00,319,desktop
4379,78,1459,2024-12-28 19:12:36,33,smart_speaker
4380,78,2372,2023-09-23 01:36:48,161,smart_tv
4381,78,491,2023-01-13 20:52:40,103,smart_speaker
4382,78,1411,2025-09-03 13:30:39,115,mobile
4383,78,1028,2024-01-06 08:50:21,108,tablet
4384,78,1367,2023-08-07 23:11:34,35,desktop
4385,78,761,2025-11-10 19:33:08,141,web
4386,78,2219,2024-09-27 23:45:23,202,smart_speaker
4387,78,483,2025-04-13 18:28:05,92,smart_speaker
4388,78,2168,2023-02-24 20:57:03,229,tablet
4389,78,761,2025-04-03 10:56:27,139,desktop
4390,78,2477,2023-03-08 08:11:24,247,tablet
4391,78,798,2023-01-24 11:26:57,251,smart_tv
4392,78,899,2023-01-24 06:07:01,168,desktop
4393,78,218,2023-12-19 15:03:44,101,smart_speaker
4394,78,1186,2023-01-29 19:59:16,83,web
4395,78,1765,2025-09-17 02:00:16,273,smart_tv
4396,78,1646,2025-07-09 08:54:35,48,web
4397,78,267,2025-06-22 14:26:01,251,web
4398,78,504,2023-01-27 23:53:36,198,mobile
4399,78,2006,2023-06-07 18:02:48,326,smart_tv
4400,78,144,2025-07-23 23:35:35,211,smart_tv
4401,79,1256,2024-06-25 03:25:07,172,mobile
4402,79,1788,2025-07-07 05:43:04,44,tablet
4403,79,1013,2025-03-03 00:00:57,262,smart_tv
4404,79,1929,2023-11-18 23:12:46,171,web
4405,79,1251,2024-01-17 15:43:58,89,web
4406,79,2596,2024-05-08 02:34:34,77,smart_tv
4407,79,2029,2024-10-21 14:37:53,341,tablet
4408,79,2456,2024-12-18 10:42:37,189,desktop
4409,79,2307,2024-08-08 20:32:47,122,web
4410,79,1676,2023-12-18 23:32:19,72,web
4411,79,1950,2023-12-06 08:02:11,115,tablet
4412,79,936,2025-01-29 16:15:43,51,desktop
4413,79,2600,2025-08-14 14:40:21,70,smart_speaker
4414,79,166,2024-05-22 03:29:22,239,smart_tv
4415,79,1316,2025-11-27 08:55:33,236,mobile
4416,79,1088,2023-04-08 16:45:28,205,desktop
4417,79,1263,2023-10-25 00:12:07,35,smart_tv
4418,79,1627,2025-03-16 05:59:13,148,desktop
4419,79,2365,2025-02-26 14:53:15,257,smart_tv
4420,79,2242,2023-05-14 08:42:16,194,web
4421,79,1768,2023-02-21 20:59:37,211,web
4422,79,2570,2023-05-15 18:13:16,328,mobile
4423,79,1929,2023-01-12 13:09:13,70,web
4424,79,1098,2023-10-17 01:46:17,90,smart_tv
4425,79,985,2024-11-16 17:56:55,94,web
4426,79,881,2024-12-19 11:07:06,157,smart_speaker
4427,79,186,2023-04-15 16:12:12,57,mobile
4428,79,2153,2024-02-13 05:39:37,128,tablet
4429,79,308,2023-10-20 17:38:06,118,web
4430,79,1973,2023-07-05 08:33:45,253,web
4431,79,2301,2023-08-10 23:17:12,135,mobile
4432,79,268,2023-06-18 18:52:28,124,tablet
4433,79,1890,2024-08-16 00:44:49,266,desktop
4434,79,104,2024-11-22 15:32:04,134,tablet
4435,79,1890,2025-04-16 19:21:35,153,desktop
4436,79,1409,2024-04-29 17:32:22,91,tablet
4437,79,1326,2024-06-26 03:16:04,131,smart_tv
4438,79,1251,2024-12-03 06:10:54,129,mobile
4439,79,401,2024-09-07 19:52:46,292,smart_speaker
4440,79,1339,2025-07-09 08:15:58,120,smart_tv
4441,79,1649,2023-12-26 11:00:04,272,web
4442,79,78,2023-01-22 10:17:06,169,web
4443,79,2141,2025-07-27 22:21:06,98,desktop
4444,79,2248,2023-10-29 21:40:48,41,mobile
4445,79,1222,2025-04-29 17:55:53,123,smart_tv
4446,79,2078,2023-06-11 15:13:55,81,tablet
4447,79,1776,2023-01-16 04:23:08,162,smart_speaker
4448,80,1084,2023-04-17 10:57:11,160,web
4449,80,2543,2023-02-28 15:19:02,373,desktop
4450,80,1153,2024-03-17 16:41:39,132,web
4451,80,757,2025-05-13 07:44:04,164,desktop
4452,80,1771,2023-04-12 21:49:10,149,desktop
4453,80,1075,2025-12-11 17:35:01,223,mobile
4454,80,2233,2024-12-11 17:15:53,85,smart_tv
4455,80,826,2023-05-02 11:13:34,164,smart_speaker
4456,80,800,2025-12-07 04:11:29,53,smart_speaker
4457,80,350,2023-10-23 03:09:43,261,desktop
4458,80,622,2025-07-04 17:07:27,218,desktop
4459,80,2131,2023-01-11 17:45:42,186,tablet
4460,80,28,2025-10-06 15:17:17,88,mobile
4461,80,2631,2025-03-26 00:38:22,130,web
4462,80,942,2024-03-06 14:10:29,58,web
4463,80,332,2024-09-16 05:43:10,176,smart_tv
4464,81,1045,2025-06-20 23:29:31,124,web
4465,81,1955,2023-11-03 22:37:52,173,web
4466,81,1668,2025-05-12 03:16:08,54,desktop
4467,81,958,2025-01-07 23:39:29,113,desktop
4468,81,661,2025-09-14 10:41:58,279,web
4469,81,2288,2023-06-10 10:00:04,68,tablet
4470,81,1415,2023-11-19 09:45:20,198,smart_speaker
4471,81,760,2024-07-21 01:48:50,118,smart_speaker
4472,81,2192,2024-01-22 22:00:56,34,desktop
4473,81,362,2023-11-07 20:10:42,80,smart_tv
4474,81,260,2024-09-25 22:39:43,43,web
4475,81,977,2024-01-15 14:04:00,287,tablet
4476,81,298,2025-01-05 15:37:43,127,smart_speaker
4477,81,1864,2024-09-19 01:42:05,36,desktop
4478,81,2093,2025-02-05 00:43:55,69,smart_speaker
4479,81,59,2025-01-03 08:18:11,50,smart_tv
4480,81,1028,2025-04-04 11:56:37,290,mobile
4481,81,16,2024-06-09 20:19:06,118,mobile
4482,81,1017,2025-07-01 21:33:31,52,smart_tv
4483,81,1970,2025-04-14 05:48:39,49,desktop
4484,81,2176,2025-03-04 09:20:36,154,smart_tv
4485,81,2497,2025-09-11 10:10:26,86,smart_speaker
4486,81,2655,2025-04-18 22:24:14,114,web
4487,81,2324,2023-12-13 20:56:53,271,mobile
4488,81,2279,2023-08-30 04:36:40,124,smart_tv
4489,81,2648,2025-03-13 23:09:03,79,tablet
4490,81,1744,2025-06-07 20:09:01,119,desktop
4491,81,2432,2024-05-06 23:29:50,61,smart_tv
4492,81,2417,2025-03-13 11:35:58,106,desktop
4493,81,715,2023-03-08 09:22:14,254,desktop
4494,81,2591,2024-04-11 19:54:08,291,smart_tv
4495,81,407,2025-11-20 23:21:27,51,tablet
4496,81,1769,2025-11-09 23:02:04,111,desktop
4497,81,213,2025-12-15 16:13:05,229,smart_tv
4498,81,2264,2023-02-15 14:33:57,46,web
4499,81,2360,2024-03-10 02:13:07,227,smart_tv
4500,81,154,2023-05-12 12:03:52,65,web
4501,81,318,2023-08-22 15:54:25,173,mobile
4502,81,1046,2024-04-03 00:57:12,142,mobile
4503,81,650,2023-02-27 16:59:25,317,desktop
4504,81,1720,2023-07-19 02:09:57,175,smart_speaker
4505,81,1829,2024-04-22 19:03:48,287,tablet
4506,81,1650,2023-10-16 15:51:09,139,smart_tv
4507,81,2231,2025-10-01 08:46:11,314,smart_tv
4508,81,288,2025-01-15 02:32:46,86,desktop
4509,81,1852,2024-12-14 07:54:59,134,mobile
4510,81,1704,2023-10-20 09:54:47,186,web
4511,81,1360,2025-09-22 04:07:17,46,web
4512,81,984,2024-09-25 05:53:08,101,smart_speaker
4513,81,2385,2023-03-18 11:41:15,139,tablet
4514,81,1944,2024-03-29 06:15:13,49,web
4515,81,1692,2025-07-11 05:22:49,170,tablet
4516,81,2640,2023-12-07 16:15:15,242,smart_tv
4517,81,999,2025-11-15 06:49:45,93,smart_tv
4518,81,1522,2024-10-08 23:42:53,229,mobile
4519,81,2078,2024-02-28 02:16:15,75,desktop
4520,81,1404,2025-01-18 12:45:13,261,smart_tv
4521,81,2032,2025-03-25 21:46:48,122,smart_speaker
4522,81,566,2025-12-04 18:12:47,342,tablet
4523,81,1390,2025-02-23 15:32:52,59,smart_tv
4524,81,302,2025-04-12 05:12:12,204,smart_speaker
4525,81,786,2024-11-14 05:21:59,179,tablet
4526,82,2317,2023-09-16 04:15:34,127,smart_speaker
4527,82,1546,2023-02-28 07:16:44,66,desktop
4528,82,1101,2024-02-19 17:41:51,196,mobile
4529,82,748,2024-06-29 21:25:00,229,smart_tv
4530,82,2624,2023-04-07 16:25:01,69,mobile
4531,82,1964,2025-03-14 04:30:09,74,smart_speaker
4532,82,1364,2025-07-01 23:34:40,172,smart_speaker
4533,82,294,2024-09-10 05:09:23,127,mobile
4534,82,14,2023-12-30 17:38:51,142,web
4535,82,1684,2023-11-20 14:50:48,112,smart_speaker
4536,82,1196,2023-01-04 23:13:08,144,smart_speaker
4537,82,127,2024-04-17 06:41:43,57,smart_tv
4538,82,1047,2023-05-20 20:27:07,190,desktop
4539,82,1791,2025-08-07 01:42:47,311,mobile
4540,82,2100,2024-08-06 01:02:42,70,tablet
4541,82,493,2023-01-24 13:56:24,164,smart_tv
4542,82,417,2025-08-12 22:22:34,266,mobile
4543,82,2032,2025-02-19 12:15:31,82,smart_speaker
4544,82,847,2025-11-19 21:13:29,70,desktop
4545,82,524,2025-08-24 23:48:21,107,mobile
4546,82,682,2025-11-16 12:19:43,271,tablet
4547,82,2409,2024-03-27 22:42:17,53,tablet
4548,82,176,2023-04-13 11:08:15,236,tablet
4549,82,1837,2024-07-20 03:21:24,216,tablet
4550,82,1945,2024-04-13 00:33:20,296,smart_tv
4551,82,870,2025-09-12 19:40:04,68,smart_speaker
4552,82,292,2023-01-17 16:59:31,283,web
4553,82,14,2024-06-13 12:58:28,130,mobile
4554,82,1382,2024-05-03 15:06:48,152,desktop
4555,82,2144,2025-08-29 18:16:23,175,mobile
4556,82,209,2025-06-07 22:48:52,133,mobile
4557,82,118,2024-11-01 10:50:40,127,mobile
4558,82,1672,2025-11-13 02:15:22,47,web
4559,82,1405,2023-10-28 20:51:51,70,smart_tv
4560,82,1551,2024-09-22 12:07:00,35,web
4561,82,674,2024-03-31 14:22:46,179,web
4562,82,1535,2024-08-08 00:49:22,106,smart_tv
4563,82,2417,2023-05-22 23:44:51,291,mobile
4564,82,1202,2023-11-27 18:18:51,88,web
4565,82,1586,2025-08-20 19:51:44,261,tablet
4566,82,1877,2024-05-31 08:45:44,122,tablet
4567,82,1611,2023-01-26 22:43:07,128,smart_speaker
4568,82,781,2024-02-21 19:45:44,53,smart_tv
4569,82,88,2024-08-02 00:04:41,79,desktop
4570,82,2150,2025-04-29 00:52:35,70,web
4571,82,1271,2025-08-02 11:54:18,390,smart_speaker
4572,82,1783,2025-07-03 00:36:15,234,smart_tv
4573,82,206,2025-04-29 07:45:20,210,web
4574,82,473,2025-03-09 07:20:17,149,tablet
4575,82,2120,2025-05-13 16:13:22,39,tablet
4576,82,443,2024-03-25 03:24:09,357,mobile
4577,82,791,2024-10-12 22:47:51,87,tablet
4578,82,2157,2024-11-22 03:32:19,96,tablet
4579,82,432,2023-08-03 13:14:51,129,mobile
4580,82,2310,2024-01-10 14:06:49,260,smart_speaker
4581,82,232,2023-09-13 21:02:42,70,web
4582,82,2488,2023-11-20 13:32:13,35,smart_speaker
4583,82,2649,2025-12-04 12:46:08,179,tablet
4584,82,883,2023-04-19 23:34:42,381,desktop
4585,82,348,2023-11-03 11:47:02,100,web
4586,82,1326,2024-05-28 04:40:18,86,smart_speaker
4587,82,2502,2025-07-15 17:38:01,33,mobile
4588,82,1948,2023-10-16 05:23:21,205,smart_tv
4589,82,1587,2025-05-15 07:02:25,154,desktop
4590,82,1023,2023-03-31 04:04:14,78,web
4591,82,860,2024-10-13 01:05:12,119,smart_tv
4592,82,2159,2023-11-04 17:07:01,256,web
4593,82,302,2025-10-02 14:59:28,204,tablet
4594,82,448,2023-03-23 17:17:50,175,mobile
4595,82,968,2024-09-11 17:23:54,92,smart_tv
4596,82,1980,2024-08-12 18:12:45,154,smart_speaker
4597,82,1480,2025-06-20 00:21:51,198,web
4598,82,2637,2023-11-10 08:55:40,220,desktop
4599,82,544,2024-02-26 11:09:43,226,smart_tv
4600,82,894,2024-12-27 21:07:08,40,smart_speaker
4601,82,1728,2025-01-02 16:29:15,70,tablet
4602,82,1850,2025-06-24 01:41:09,90,desktop
4603,82,124,2025-07-28 12:15:21,108,tablet
4604,82,1082,2025-11-06 20:00:23,36,desktop
4605,83,2559,2025-12-04 09:09:58,101,tablet
4606,83,834,2025-05-19 15:31:04,165,desktop
4607,83,1545,2025-07-02 10:26:03,258,smart_tv
4608,83,2341,2024-03-09 03:32:40,60,desktop
4609,83,1592,2024-08-24 00:00:05,154,tablet
4610,83,2237,2025-03-20 04:47:54,248,smart_speaker
4611,83,2476,2025-06-24 20:25:44,130,smart_speaker
4612,83,34,2025-03-17 19:13:33,275,smart_speaker
4613,83,1737,2023-12-27 07:32:30,70,tablet
4614,83,501,2025-04-17 15:58:59,118,desktop
4615,83,1326,2025-06-26 08:17:16,34,web
4616,83,2553,2024-03-19 04:50:25,342,mobile
4617,83,1153,2024-03-28 02:23:19,96,smart_tv
4618,83,1143,2023-10-17 08:11:21,147,mobile
4619,83,1855,2023-08-02 22:05:54,76,tablet
4620,83,1117,2024-06-17 17:57:11,107,smart_tv
4621,83,2297,2024-10-01 23:09:39,46,mobile
4622,83,2465,2024-06-02 22:07:55,94,smart_tv
4623,83,669,2025-05-03 18:50:37,151,tablet
4624,83,225,2024-12-09 22:51:08,192,mobile
4625,83,2514,2024-01-17 15:54:58,342,mobile
4626,83,1035,2024-08-16 03:38:46,31,desktop
4627,83,1839,2025-04-28 09:30:42,116,smart_speaker
4628,83,127,2023-12-21 18:54:41,70,smart_tv
4629,83,2144,2025-07-18 11:21:41,341,web
4630,83,472,2025-11-16 01:47:05,34,smart_speaker
4631,83,2650,2024-08-01 00:05:11,166,smart_tv
4632,83,1968,2024-12-14 02:39:35,30,web
4633,83,1924,2024-07-10 11:43:42,45,mobile
4634,83,784,2025-06-13 08:22:21,364,web
4635,83,2557,2023-12-01 18:08:44,183,web
4636,83,711,2024-05-15 16:33:06,231,smart_tv
4637,83,2507,2025-01-12 18:29:16,384,tablet
4638,83,1616,2024-01-16 07:50:42,77,smart_tv
4639,83,1976,2023-04-15 03:45:19,162,smart_tv
4640,83,743,2024-09-23 05:08:07,134,web
4641,83,1801,2025-03-30 11:21:56,240,mobile
4642,83,1654,2023-12-28 01:42:28,233,desktop
4643,83,2301,2024-09-01 11:03:59,83,smart_speaker
4644,83,489,2024-01-11 14:35:21,32,desktop
4645,83,584,2024-09-29 00:41:20,63,tablet
4646,83,2519,2025-03-12 03:10:45,245,tablet
4647,83,112,2025-08-05 16:00:18,94,smart_tv
4648,83,1625,2024-07-22 23:26:18,171,smart_speaker
4649,83,1993,2024-12-03 22:44:03,37,tablet
4650,83,922,2024-09-04 06:52:40,182,tablet
4651,83,1018,2024-02-03 18:44:46,174,web
4652,83,1379,2024-03-22 05:59:06,56,desktop
4653,83,447,2025-10-11 00:30:09,89,smart_tv
4654,83,698,2023-03-17 04:21:30,38,mobile
4655,83,724,2025-04-04 22:30:11,157,tablet
4656,83,2080,2023-09-12 00:28:11,166,mobile
4657,83,97,2025-11-13 04:38:44,180,desktop
4658,83,77,2024-07-06 00:25:26,61,smart_tv
4659,83,1317,2023-02-10 04:59:53,103,web
4660,83,1454,2024-09-12 10:13:14,298,smart_tv
4661,83,2536,2024-10-12 12:43:59,183,mobile
4662,83,158,2023-05-04 16:51:48,337,desktop
4663,83,895,2023-10-20 06:30:22,75,tablet
4664,83,545,2024-04-11 18:12:25,33,tablet
4665,83,504,2024-05-01 15:12:19,263,tablet
4666,83,2106,2025-12-07 02:50:01,98,web
4667,83,596,2024-12-18 22:55:48,138,smart_speaker
4668,83,1710,2023-05-25 18:35:27,74,smart_tv
4669,83,1840,2025-06-05 10:11:51,131,desktop
4670,83,927,2024-01-07 07:25:22,198,smart_tv
4671,83,2522,2024-04-27 16:13:04,109,mobile
4672,83,384,2025-05-06 14:05:20,167,tablet
4673,83,1313,2024-11-26 13:14:05,231,smart_tv
4674,83,344,2024-10-05 09:20:35,397,web
4675,83,718,2025-06-12 16:04:06,216,mobile
4676,83,1698,2024-03-13 01:11:16,63,mobile
4677,83,876,2023-05-01 21:05:08,303,tablet
4678,83,259,2025-09-15 11:33:52,279,desktop
4679,83,740,2025-09-18 18:47:25,238,tablet
4680,83,576,2023-11-26 06:04:59,160,web
4681,83,1754,2024-07-27 22:16:44,119,tablet
4682,83,1153,2024-10-29 04:29:02,46,desktop
4683,84,253,2023-12-09 08:25:04,307,tablet
4684,84,1685,2024-12-07 18:10:59,116,desktop
4685,84,1785,2024-02-09 09:01:49,107,web
4686,84,213,2023-04-29 06:11:13,338,smart_speaker
4687,84,2530,2023-09-26 13:37:31,210,smart_speaker
4688,84,2465,2023-06-27 21:45:05,106,web
4689,84,861,2024-06-02 18:24:59,138,tablet
4690,84,2624,2024-02-12 05:37:27,76,tablet
4691,84,2579,2024-10-29 15:13:26,62,smart_speaker
4692,84,1732,2025-10-01 07:59:29,31,smart_tv
4693,84,2094,2023-05-12 12:15:49,157,smart_speaker
4694,84,1163,2024-12-07 05:28:10,115,mobile
4695,84,1003,2024-02-04 17:24:10,52,smart_tv
4696,84,1120,2025-08-18 17:01:46,41,smart_speaker
4697,84,1300,2023-01-29 16:05:46,77,web
4698,84,2195,2023-08-04 05:44:39,201,tablet
4699,84,213,2024-06-21 03:08:44,373,tablet
4700,84,1104,2024-10-10 19:47:20,212,tablet
4701,84,320,2023-07-23 17:15:03,60,smart_tv
4702,84,2527,2023-02-05 20:37:12,199,web
4703,84,2641,2024-10-31 03:47:18,57,mobile
4704,84,2557,2024-06-25 19:23:36,181,smart_tv
4705,84,896,2025-09-19 22:14:58,142,desktop
4706,84,1345,2024-01-06 08:14:24,30,desktop
4707,84,487,2024-05-05 06:11:48,166,tablet
4708,84,1551,2024-04-25 14:21:57,88,smart_speaker
4709,84,1026,2024-02-26 16:57:34,95,smart_speaker
4710,84,68,2025-12-04 16:50:09,194,tablet
4711,84,70,2023-04-06 01:00:28,329,desktop
4712,84,864,2023-06-16 22:37:32,177,tablet
4713,84,196,2025-01-03 11:54:03,284,desktop
4714,84,62,2024-06-15 16:44:45,205,desktop
4715,84,2384,2023-02-11 21:34:58,49,desktop
4716,84,1113,2025-09-11 21:55:55,217,web
4717,84,857,2023-10-17 05:30:57,189,desktop
4718,84,1591,2023-08-09 21:09:27,36,tablet
4719,84,1493,2024-07-25 04:30:16,210,tablet
4720,84,1568,2023-08-18 09:28:29,288,tablet
4721,84,2487,2025-02-12 08:17:17,125,smart_tv
4722,84,1414,2024-11-18 12:16:55,169,web
4723,84,900,2023-12-23 10:00:51,182,desktop
4724,84,2468,2025-06-20 16:47:41,178,desktop
4725,84,294,2023-02-15 19:15:23,104,web
4726,84,1439,2023-05-04 10:00:47,168,smart_speaker
4727,84,2083,2024-07-03 03:03:16,257,smart_speaker
4728,84,1802,2025-04-04 11:58:24,147,desktop
4729,84,2169,2023-01-24 11:55:48,377,smart_speaker
4730,84,1394,2025-01-19 05:19:54,76,web
4731,84,2088,2024-01-12 07:41:50,184,smart_tv
4732,84,2124,2023-11-05 11:28:50,36,web
4733,84,292,2025-05-21 06:10:17,338,smart_speaker
4734,84,1771,2024-07-15 08:41:39,163,tablet
4735,84,1656,2025-09-13 11:55:16,39,smart_tv
4736,84,1198,2024-06-14 11:01:07,137,desktop
4737,84,1309,2025-11-20 15:46:30,223,web
4738,84,1916,2023-01-06 12:08:19,56,desktop
4739,84,1833,2023-06-04 10:07:34,166,web
4740,84,2080,2024-11-25 18:45:58,121,smart_speaker
4741,84,1852,2024-05-24 20:31:02,43,smart_speaker
4742,84,2262,2023-02-19 11:59:17,200,desktop
4743,84,142,2025-01-24 09:51:52,117,web
4744,84,520,2023-03-12 21:47:41,94,smart_tv
4745,84,2398,2023-03-15 00:07:59,266,tablet
4746,84,853,2025-06-21 13:46:13,35,web
4747,84,1634,2024-02-08 10:23:10,265,smart_speaker
4748,84,1030,2025-01-15 16:05:17,283,desktop
4749,84,2515,2023-09-18 14:03:17,40,desktop
4750,84,1221,2025-09-04 07:18:59,95,tablet
4751,84,54,2025-11-25 13:18:16,152,desktop
4752,84,2603,2023-06-07 06:33:56,176,smart_tv
4753,84,331,2025-04-21 01:35:21,30,mobile
4754,84,277,2023-10-08 23:29:01,59,desktop
4755,84,1629,2025-01-28 13:02:27,122,smart_speaker
4756,84,295,2024-09-05 06:39:14,188,web
4757,84,1035,2023-07-14 16:27:55,140,mobile
4758,84,2616,2024-09-01 10:14:44,242,web
4759,84,1722,2024-03-02 13:20:09,91,mobile
4760,84,120,2025-01-29 04:34:35,323,desktop
4761,84,1420,2023-10-12 04:53:35,256,tablet
4762,84,1722,2024-07-23 14:24:46,47,web
4763,84,103,2025-04-24 14:54:18,156,mobile
4764,84,790,2023-01-18 18:22:29,196,mobile
4765,84,309,2024-08-23 00:40:38,70,web
4766,84,2150,2023-12-10 15:10:18,75,mobile
4767,84,1354,2023-09-03 23:16:06,41,mobile
4768,84,2017,2024-04-03 14:04:59,65,web
4769,84,1570,2024-08-09 12:05:12,167,desktop
4770,84,155,2025-05-04 03:31:00,223,mobile
4771,84,1216,2023-08-19 11:32:07,314,web
4772,84,964,2023-05-30 18:53:49,233,smart_tv
4773,84,575,2023-11-26 17:37:02,96,tablet
4774,84,1565,2024-01-27 16:13:17,101,smart_tv
4775,84,474,2023-03-01 05:50:28,127,mobile
4776,84,1612,2023-04-06 05:41:18,85,smart_tv
4777,85,971,2025-02-02 10:21:21,262,smart_speaker
4778,85,2178,2025-08-18 21:32:19,72,mobile
4779,85,1048,2023-07-09 21:45:53,308,mobile
4780,85,162,2023-04-04 03:35:00,265,desktop
4781,85,2491,2023-02-09 11:53:55,287,web
4782,85,1054,2025-01-01 13:18:59,188,smart_speaker
4783,85,191,2023-06-12 16:42:36,78,smart_tv
4784,85,250,2024-06-19 16:45:45,226,smart_tv
4785,85,1112,2024-12-23 06:36:55,249,web
4786,85,1356,2025-04-17 20:30:49,124,smart_tv
4787,85,1494,2024-11-29 20:01:36,181,mobile
4788,85,923,2023-12-16 09:34:49,81,web
4789,85,1889,2024-05-12 09:55:18,101,smart_tv
4790,85,2471,2023-05-10 02:50:28,136,mobile
4791,85,2389,2025-08-18 00:19:29,141,web
4792,85,1979,2025-04-02 04:00:28,174,smart_speaker
4793,85,1648,2024-05-03 12:58:43,71,desktop
4794,85,177,2025-04-15 19:50:28,31,tablet
4795,85,1294,2023-11-29 10:45:26,129,tablet
4796,85,869,2023-02-08 12:46:43,97,smart_speaker
4797,85,2231,2023-09-28 10:48:58,43,smart_tv
4798,85,133,2023-01-04 07:57:41,36,desktop
4799,85,1609,2024-12-28 23:06:39,119,tablet
4800,85,1073,2024-11-24 21:05:53,207,desktop
4801,85,2524,2024-11-05 10:53:22,236,tablet
4802,85,367,2024-10-21 06:17:51,56,smart_speaker
4803,85,572,2024-06-14 11:59:51,71,mobile
4804,85,1930,2023-08-08 03:14:27,239,web
4805,85,829,2023-03-23 20:43:25,79,tablet
4806,85,2077,2023-09-12 12:55:07,52,smart_tv
4807,85,718,2024-08-26 04:29:28,145,web
4808,85,1017,2023-02-15 08:08:38,169,mobile
4809,85,1058,2025-05-09 15:51:52,356,web
4810,85,54,2025-04-11 12:10:23,161,web
4811,85,1759,2025-12-15 02:03:20,70,mobile
4812,85,682,2024-07-24 15:14:57,287,mobile
4813,85,1240,2024-04-18 02:22:40,148,mobile
4814,85,1630,2024-05-09 20:45:27,267,smart_tv
4815,85,520,2023-05-25 02:11:21,55,desktop
4816,85,1824,2023-06-16 05:54:21,389,smart_tv
4817,85,2116,2023-06-14 04:53:31,30,smart_speaker
4818,85,2175,2023-05-28 04:37:33,146,smart_tv
4819,85,1757,2023-12-28 22:05:25,218,desktop
4820,85,350,2024-06-02 13:55:39,107,smart_tv
4821,85,1983,2023-11-10 18:13:47,364,smart_tv
4822,85,470,2023-04-23 22:08:10,36,smart_tv
4823,85,27,2024-09-05 12:17:28,303,smart_tv
4824,85,2155,2025-09-28 15:04:59,140,tablet
4825,85,1717,2024-04-22 02:52:53,81,tablet
4826,85,1937,2024-01-01 09:59:06,119,smart_speaker
4827,85,1274,2024-10-26 10:58:50,311,smart_speaker
4828,85,1375,2023-10-25 09:02:43,268,tablet
4829,85,761,2024-06-16 12:13:04,52,tablet
4830,85,1882,2024-11-21 03:08:04,224,smart_speaker
4831,85,2388,2025-06-03 21:47:20,281,web
4832,85,1976,2023-12-10 11:13:14,204,smart_speaker
4833,85,1532,2023-05-18 09:10:51,228,web
4834,85,1581,2023-02-22 19:51:29,144,web
4835,85,660,2025-11-03 19:31:39,93,web
4836,85,1968,2023-02-16 19:24:57,55,tablet
4837,85,70,2025-08-13 10:09:19,210,web
4838,85,2648,2023-04-06 23:08:10,377,smart_tv
4839,85,2647,2023-04-30 02:41:42,209,web
4840,85,400,2025-08-22 15:59:56,342,smart_tv
4841,85,2586,2023-12-12 15:24:21,102,desktop
4842,85,238,2025-10-07 12:24:04,187,smart_tv
4843,85,2013,2023-08-23 11:43:14,116,web
4844,85,2421,2024-10-12 05:11:34,68,web
4845,85,375,2024-07-15 09:53:38,206,web
4846,85,2577,2023-12-24 04:42:25,147,smart_speaker
4847,85,1193,2023-05-23 08:04:05,231,desktop
4848,85,2375,2025-11-27 18:11:52,34,smart_tv
4849,85,759,2025-04-30 13:50:13,160,mobile
4850,85,1315,2025-12-16 13:29:55,239,smart_tv
4851,85,220,2025-10-24 19:42:20,232,desktop
4852,85,110,2025-06-13 07:11:58,166,mobile
4853,85,1440,2023-05-11 06:02:57,163,desktop
4854,85,1078,2023-11-07 17:50:19,170,smart_speaker
4855,85,839,2024-09-24 21:25:48,157,tablet
4856,85,1783,2025-03-30 08:42:49,61,web
4857,85,2140,2025-02-13 19:39:28,143,smart_speaker
4858,85,2577,2024-01-22 12:57:47,175,smart_tv
4859,85,594,2024-04-02 22:41:40,260,web
4860,85,1068,2023-05-27 04:09:03,247,smart_tv
4861,85,1588,2023-08-13 01:52:05,54,smart_speaker
4862,85,2011,2024-03-26 20:34:27,91,mobile
4863,85,2529,2024-09-24 08:53:43,103,smart_tv
4864,85,1235,2023-07-22 16:45:27,132,desktop
4865,85,1601,2025-03-31 15:14:30,90,web
4866,85,1237,2025-03-22 15:54:27,277,mobile
4867,85,2475,2025-09-18 17:00:09,74,smart_speaker
4868,85,1375,2023-06-11 22:38:45,245,web
4869,86,2295,2025-07-04 08:10:10,40,smart_speaker
4870,86,1279,2024-06-25 07:08:03,63,smart_speaker
4871,86,633,2024-08-09 14:57:29,101,smart_tv
4872,86,1953,2023-11-16 14:15:59,87,mobile
4873,86,767,2024-06-08 11:20:50,296,mobile
4874,86,536,2025-11-07 10:28:19,316,smart_tv
4875,86,1612,2024-09-17 03:34:06,58,tablet
4876,86,29,2024-02-02 20:18:01,83,smart_speaker
4877,86,1812,2024-01-27 22:47:14,163,smart_tv
4878,86,1743,2024-06-13 20:14:02,396,desktop
4879,86,529,2024-04-16 05:44:53,81,smart_speaker
4880,86,1643,2025-03-12 15:30:47,199,mobile
4881,86,1689,2025-07-09 18:08:17,52,mobile
4882,86,1953,2024-07-29 20:56:46,48,smart_tv
4883,86,428,2024-01-20 12:50:28,77,web
4884,86,589,2025-09-04 02:11:10,313,tablet
4885,86,1343,2024-02-09 18:01:47,358,smart_tv
4886,86,120,2025-08-30 17:40:02,197,mobile
4887,86,2563,2023-02-05 17:49:50,75,smart_tv
4888,86,1065,2025-11-26 22:13:54,115,web
4889,86,2157,2023-03-09 15:19:41,154,smart_tv
4890,86,1719,2024-04-30 07:14:11,166,smart_tv
4891,86,2121,2024-04-08 02:36:36,88,desktop
4892,86,2235,2025-11-01 08:32:57,93,mobile
4893,86,733,2024-12-09 14:01:26,141,mobile
4894,86,2030,2025-04-12 07:08:07,60,desktop
4895,86,1435,2025-07-31 09:27:49,176,smart_speaker
4896,86,723,2025-09-16 20:44:44,62,tablet
4897,86,1485,2023-07-16 23:21:45,176,smart_speaker
4898,86,2199,2023-07-04 09:20:30,228,mobile
4899,86,775,2024-07-20 08:52:02,133,desktop
4900,87,442,2025-01-26 20:14:16,247,web
4901,87,1446,2024-04-28 17:57:13,238,mobile
4902,87,1074,2023-06-03 08:02:33,82,web
4903,87,2371,2025-10-15 17:28:53,57,mobile
4904,87,409,2024-03-31 00:08:48,266,desktop
4905,87,2328,2025-09-22 13:42:40,114,web
4906,87,326,2025-09-04 16:04:21,73,smart_speaker
4907,87,2075,2025-10-10 06:34:07,90,tablet
4908,87,2130,2024-01-24 23:37:19,174,smart_speaker
4909,87,34,2025-11-13 08:01:12,80,desktop
4910,87,1879,2025-01-07 14:47:30,67,desktop
4911,87,1813,2025-01-30 22:28:37,83,tablet
4912,87,1578,2025-10-02 08:25:17,286,tablet
4913,87,798,2025-07-23 12:18:46,32,smart_speaker
4914,87,394,2025-11-24 03:03:40,145,tablet
4915,87,1112,2025-01-27 05:34:45,321,tablet
4916,87,58,2025-03-28 08:41:56,30,web
4917,87,788,2023-02-14 17:35:08,233,smart_speaker
4918,87,2438,2023-09-06 12:16:00,115,smart_speaker
4919,87,2602,2023-03-11 11:26:22,236,tablet
4920,87,397,2025-07-28 20:51:02,188,smart_tv
4921,87,1335,2025-05-13 11:31:59,105,mobile
4922,87,634,2025-12-14 22:08:35,319,desktop
4923,87,1903,2024-10-15 15:53:10,94,tablet
4924,87,520,2024-10-08 04:21:05,193,tablet
4925,87,2274,2024-12-04 04:35:39,96,smart_speaker
4926,87,59,2023-09-19 21:52:28,60,smart_speaker
4927,87,1577,2024-05-12 11:39:47,244,desktop
4928,87,1696,2023-03-09 23:02:46,36,smart_speaker
4929,87,34,2024-07-21 02:16:03,308,mobile
4930,87,493,2025-03-27 14:47:49,226,smart_speaker
4931,87,2095,2023-01-21 23:37:42,33,web
4932,87,1014,2023-01-01 01:53:41,30,tablet
4933,87,800,2024-12-09 11:19:17,167,desktop
4934,87,2238,2024-09-09 04:09:38,140,smart_speaker
4935,87,1963,2025-09-05 02:15:48,112,web
4936,87,2569,2023-08-29 03:18:39,43,desktop
4937,87,42,2024-12-06 17:39:27,66,mobile
4938,87,2222,2023-04-08 02:57:29,225,smart_tv
4939,87,2340,2023-09-22 04:07:16,270,desktop
4940,87,840,2025-07-06 00:37:48,269,smart_tv
4941,87,2653,2024-08-31 07:27:00,51,mobile
4942,87,1501,2024-02-23 01:17:48,65,tablet
4943,87,278,2025-06-17 13:39:57,173,mobile
4944,87,1825,2023-01-05 01:14:53,94,smart_tv
4945,87,550,2025-08-20 14:14:45,72,web
4946,87,2435,2024-04-23 20:31:30,109,web
4947,87,2289,2024-09-27 04:52:44,85,tablet
4948,87,2204,2024-01-05 06:30:42,186,smart_speaker
4949,88,1600,2023-11-08 01:13:59,316,smart_speaker
4950,88,2609,2025-04-19 19:20:53,279,web
4951,88,1104,2025-08-14 13:24:25,112,tablet
4952,88,2495,2023-05-18 09:31:41,57,smart_speaker
4953,88,577,2023-12-23 19:52:27,91,tablet
4954,88,1488,2025-03-25 17:47:15,288,tablet
4955,88,1866,2023-08-19 16:48:39,95,web
4956,88,906,2024-02-12 20:22:17,132,web
4957,88,883,2025-10-03 01:44:43,294,smart_speaker
4958,88,400,2024-11-06 05:52:59,71,web
4959,88,2458,2023-02-11 13:06:16,119,tablet
4960,88,2274,2025-01-28 11:16:11,217,desktop
4961,88,76,2025-12-20 14:48:02,68,smart_speaker
4962,88,1677,2023-05-15 01:13:31,169,web
4963,88,2397,2025-07-23 07:44:03,201,mobile
4964,88,2498,2024-04-07 09:25:25,46,smart_tv
4965,88,1917,2025-05-29 17:15:55,197,web
4966,88,643,2025-10-09 23:24:18,51,desktop
4967,88,1902,2025-07-14 12:58:39,160,smart_speaker
4968,88,393,2024-03-02 22:43:22,114,tablet
4969,88,2218,2023-05-06 15:19:15,66,smart_speaker
4970,88,2524,2023-07-07 22:49:25,151,web
4971,88,663,2025-03-08 10:04:18,101,tablet
4972,88,2114,2024-04-12 08:33:32,167,web
4973,88,1982,2024-02-25 03:05:42,330,tablet
4974,88,176,2023-03-10 12:35:41,119,smart_tv
4975,88,754,2025-05-08 11:25:59,294,smart_tv
4976,88,1420,2025-04-18 23:07:19,41,smart_tv
4977,88,760,2023-02-03 06:05:38,37,smart_speaker
4978,88,2613,2025-10-25 09:15:55,41,tablet
4979,88,1872,2023-02-02 02:22:30,71,smart_speaker
4980,89,1169,2023-11-23 17:21:00,194,smart_tv
4981,89,1317,2025-12-01 01:29:38,67,web
4982,89,2527,2023-07-20 03:47:19,114,tablet
4983,89,1531,2025-09-15 11:27:19,245,smart_speaker
4984,89,101,2025-12-26 20:00:32,310,tablet
4985,89,1739,2025-07-20 17:52:22,36,mobile
4986,89,426,2024-06-11 08:00:12,118,web
4987,89,2303,2023-06-22 18:33:58,62,desktop
4988,89,1558,2023-08-25 15:50:35,169,web
4989,89,767,2024-03-31 18:38:27,347,web
4990,89,1170,2025-01-21 02:03:05,377,mobile
4991,89,20,2023-07-30 08:48:42,118,mobile
4992,89,2344,2025-12-11 22:42:47,40,smart_tv
4993,89,1837,2023-08-04 21:33:57,187,web
4994,89,1104,2024-10-22 04:01:15,42,smart_speaker
4995,89,1473,2025-01-04 20:08:12,278,desktop
4996,89,1177,2025-04-07 10:56:06,275,smart_tv
4997,89,1184,2024-12-12 14:24:31,227,desktop
4998,89,223,2025-12-01 23:16:48,166,desktop
4999,89,1366,2024-11-13 16:35:51,97,web
5000,89,2198,2025-07-26 01:37:15,37,smart_speaker
5001,89,388,2025-11-13 12:31:45,59,mobile
5002,89,1711,2024-01-24 02:55:45,166,web
5003,89,1885,2024-04-22 12:29:56,190,web
5004,89,330,2025-02-23 07:39:50,33,tablet
5005,89,552,2023-03-12 18:36:11,69,desktop
5006,89,798,2023-01-24 22:31:42,191,smart_speaker
5007,89,1953,2024-06-18 18:21:29,146,desktop
5008,89,880,2024-11-03 05:01:31,314,web
5009,89,767,2025-02-17 15:57:25,275,smart_tv
5010,89,1410,2024-11-29 00:01:34,122,web
5011,89,1464,2024-06-23 02:47:51,101,tablet
5012,89,2085,2024-10-04 12:55:26,195,smart_tv
5013,89,2215,2024-07-13 09:07:09,42,web
5014,89,1746,2024-08-20 07:45:57,166,smart_speaker
5015,89,1954,2025-03-26 18:45:36,115,web
5016,89,1642,2024-04-26 09:09:30,291,smart_tv
5017,89,457,2023-12-15 05:26:34,53,mobile
5018,89,221,2023-10-01 00:31:00,205,tablet
5019,89,1070,2024-09-21 11:18:11,165,tablet
5020,89,1022,2024-01-06 18:12:59,103,smart_tv
5021,89,2547,2025-03-02 19:33:41,208,desktop
5022,89,2397,2024-02-17 10:45:16,192,web
5023,89,2084,2024-03-20 12:40:35,66,smart_tv
5024,89,25,2024-03-21 06:53:07,90,web
5025,89,1276,2024-07-31 16:36:09,48,tablet
5026,89,1580,2023-11-26 08:14:19,80,smart_tv
5027,89,166,2024-10-25 22:35:53,201,web
5028,89,434,2023-04-13 00:25:01,163,mobile
5029,89,2419,2024-09-03 21:42:47,91,desktop
5030,89,2191,2025-09-28 21:02:08,255,tablet
5031,89,2527,2024-06-24 23:55:09,113,smart_speaker
5032,89,1145,2023-09-12 00:54:58,121,smart_speaker
5033,89,2149,2023-06-10 07:17:34,127,desktop
5034,89,2653,2023-08-24 18:01:30,66,mobile
5035,89,2524,2025-11-03 06:53:55,187,smart_tv
5036,89,1893,2023-05-16 08:07:33,71,smart_speaker
5037,89,24,2023-06-17 16:27:53,121,web
5038,89,1546,2024-11-16 19:48:41,119,smart_tv
5039,89,1207,2023-10-28 20:47:43,78,mobile
5040,89,1082,2025-04-27 09:51:36,189,mobile
5041,89,2430,2025-03-18 10:20:15,199,smart_speaker
5042,89,636,2024-11-12 04:03:58,55,tablet
5043,89,915,2025-11-29 06:12:41,136,smart_speaker
5044,89,1112,2024-12-31 15:07:47,159,smart_speaker
5045,89,842,2025-09-14 18:47:05,108,smart_tv
5046,89,1600,2025-12-19 03:05:00,294,smart_speaker
5047,89,2386,2023-11-26 16:40:35,213,smart_speaker
5048,89,1712,2023-05-07 14:22:41,80,web
5049,89,372,2025-12-24 08:40:20,164,web
5050,89,1969,2024-12-14 15:53:52,128,tablet
5051,89,1296,2025-03-24 05:42:28,202,mobile
5052,89,2211,2024-03-31 00:38:23,54,mobile
5053,90,1697,2025-09-12 15:06:30,111,desktop
5054,90,276,2025-12-14 11:33:00,144,smart_speaker
5055,90,149,2025-09-21 12:08:48,44,tablet
5056,90,794,2025-10-27 07:48:53,46,desktop
5057,90,1720,2023-01-31 19:36:11,219,tablet
5058,90,2008,2024-04-09 18:40:39,61,desktop
5059,90,2574,2025-04-05 16:40:06,68,tablet
5060,90,2545,2024-07-24 15:53:01,167,smart_tv
5061,90,1735,2025-06-09 11:24:03,194,tablet
5062,90,2316,2023-05-27 03:15:19,111,desktop
5063,90,1703,2025-03-12 08:17:39,53,desktop
5064,90,143,2025-02-09 12:08:08,162,desktop
5065,90,1848,2023-11-22 18:21:09,57,smart_speaker
5066,90,991,2024-06-25 11:00:55,178,tablet
5067,90,447,2023-09-23 17:10:48,124,desktop
5068,90,1072,2024-05-24 04:36:22,328,web
5069,90,707,2023-11-10 12:25:20,75,tablet
5070,90,2115,2023-03-28 16:10:10,122,tablet
5071,90,1424,2024-05-10 22:40:47,157,mobile
5072,90,417,2024-08-18 07:05:38,121,web
5073,90,1906,2024-02-24 09:59:50,136,tablet
5074,90,421,2024-03-15 14:46:33,335,desktop
5075,90,2107,2024-10-01 11:35:38,132,desktop
5076,90,2031,2025-12-24 16:59:15,58,desktop
5077,90,842,2023-06-04 18:37:48,148,tablet
5078,90,2597,2023-02-21 17:24:12,63,smart_speaker
5079,90,305,2023-03-11 02:01:32,127,mobile
5080,90,2586,2025-01-22 19:01:51,228,desktop
5081,90,1216,2024-03-01 07:47:10,136,desktop
5082,90,1147,2025-11-21 21:55:40,136,mobile
5083,90,744,2025-10-06 01:04:47,126,desktop
5084,90,1007,2024-07-23 13:20:25,131,tablet
5085,90,303,2024-09-18 18:07:47,121,smart_speaker
5086,90,2242,2025-10-28 10:35:03,156,mobile
5087,90,701,2024-05-28 20:09:14,107,mobile
5088,90,1475,2023-05-17 22:10:21,167,web
5089,90,2621,2023-12-20 19:37:20,209,mobile
5090,90,1945,2023-07-23 01:05:21,131,web
5091,90,1562,2025-02-27 02:53:31,217,mobile
5092,90,1079,2025-10-20 21:19:24,109,smart_speaker
5093,90,1490,2023-09-21 06:22:57,228,mobile
5094,90,2595,2023-08-09 03:23:31,155,tablet
5095,90,1177,2025-10-14 17:18:51,270,desktop
5096,90,691,2024-02-03 09:53:29,39,tablet
5097,90,1476,2024-01-04 09:50:33,53,smart_tv
5098,90,315,2023-06-30 01:57:53,58,smart_speaker
5099,90,70,2023-01-07 15:07:09,166,tablet
5100,90,2175,2025-07-27 18:30:56,64,smart_tv
5101,90,1491,2025-09-12 18:05:01,72,desktop
5102,90,1098,2023-03-22 00:11:47,159,smart_tv
5103,90,147,2024-08-04 01:29:57,244,smart_speaker
5104,90,924,2023-12-07 02:27:19,201,tablet
5105,90,1466,2024-09-16 05:52:17,152,smart_speaker
5106,90,1519,2025-07-05 15:15:36,314,mobile
5107,90,2154,2023-08-27 23:35:17,314,tablet
5108,90,860,2025-08-09 12:33:35,174,smart_tv
5109,90,1217,2025-04-03 03:10:09,232,smart_tv
5110,90,2376,2025-05-20 18:40:30,51,mobile
5111,90,1415,2024-07-12 13:50:20,155,web
5112,90,855,2023-11-11 11:27:59,262,smart_speaker
5113,90,14,2024-12-16 21:42:41,189,web
5114,90,516,2024-09-22 18:51:57,191,smart_tv
5115,90,4,2025-06-16 21:35:24,177,mobile
5116,90,1246,2024-01-27 06:20:29,263,tablet
5117,90,108,2023-06-09 08:49:41,262,tablet
5118,90,64,2024-06-01 12:38:11,135,web
5119,90,1605,2024-06-23 01:28:08,112,smart_speaker
5120,90,2439,2025-08-08 14:58:58,192,web
5121,90,160,2025-09-29 18:56:41,233,tablet
5122,90,2191,2024-09-08 13:40:47,284,web
5123,90,546,2023-09-12 11:05:32,81,desktop
5124,90,1186,2023-10-10 05:34:43,51,tablet
5125,90,984,2023-01-29 04:25:22,37,smart_tv
5126,90,980,2025-12-08 04:32:25,62,smart_speaker
5127,90,431,2023-02-27 18:06:53,249,smart_speaker
5128,90,1923,2023-06-06 11:29:25,156,smart_tv
5129,90,992,2024-06-11 23:41:25,181,mobile
5130,90,373,2024-04-12 22:21:52,105,mobile
5131,90,631,2025-04-30 15:31:28,131,mobile
5132,90,548,2023-08-13 08:08:43,85,desktop
5133,90,2269,2024-09-30 17:03:57,377,mobile
5134,90,1105,2023-01-04 01:46:38,121,desktop
5135,90,2606,2024-03-22 17:11:28,114,tablet
5136,90,559,2023-08-15 05:57:02,96,web
5137,90,2436,2023-08-31 15:32:20,117,tablet
5138,90,983,2023-02-04 17:36:57,106,desktop
5139,90,539,2025-12-27 05:33:52,58,mobile
5140,90,112,2023-05-30 22:07:54,78,desktop
5141,90,1834,2025-03-28 18:35:58,184,desktop
5142,91,660,2024-02-16 06:51:50,90,tablet
5143,91,252,2025-09-22 06:47:31,180,smart_tv
5144,91,2324,2023-05-29 22:46:01,212,desktop
5145,91,1375,2023-12-24 16:28:05,112,smart_speaker
5146,91,1322,2024-08-14 07:00:17,89,web
5147,91,1986,2024-09-30 05:23:14,124,smart_speaker
5148,91,1150,2025-12-17 17:10:31,170,smart_tv
5149,91,2000,2024-08-06 20:43:52,176,mobile
5150,91,2202,2025-07-14 23:30:56,262,smart_tv
5151,91,2376,2024-07-17 17:56:00,140,smart_tv
5152,91,284,2024-03-03 07:23:28,31,smart_speaker
5153,91,776,2023-01-01 09:57:06,149,mobile
5154,91,2448,2023-03-25 12:05:11,230,desktop
5155,91,973,2024-08-08 05:03:20,44,desktop
5156,91,1988,2023-10-19 13:31:57,61,web
5157,91,1370,2024-10-19 05:15:54,270,web
5158,91,672,2024-10-16 14:48:42,38,smart_tv
5159,91,811,2024-10-28 22:16:18,77,smart_speaker
5160,91,597,2024-03-28 19:07:19,194,smart_speaker
5161,91,2234,2025-06-07 20:44:55,270,web
5162,91,1846,2024-12-07 15:16:11,80,smart_speaker
5163,91,747,2025-12-09 18:08:49,68,desktop
5164,91,2059,2023-08-31 15:32:56,62,tablet
5165,91,1771,2023-09-16 03:30:41,70,desktop
5166,91,763,2023-09-07 12:08:35,97,desktop
5167,91,807,2025-03-21 23:12:18,122,mobile
5168,91,807,2025-02-15 21:10:47,71,desktop
5169,91,670,2023-12-04 19:53:31,202,smart_speaker
5170,91,115,2024-08-20 17:42:35,48,smart_tv
5171,91,113,2025-06-21 09:37:18,104,mobile
5172,91,393,2024-03-07 16:52:46,106,mobile
5173,91,704,2024-04-28 21:32:30,203,desktop
5174,91,760,2025-07-05 22:35:52,49,tablet
5175,91,1515,2024-08-25 12:51:36,256,web
5176,91,108,2025-03-22 12:33:38,320,desktop
5177,91,2357,2023-12-19 03:46:43,359,tablet
5178,91,142,2024-03-10 06:04:40,136,desktop
5179,91,2514,2025-12-10 07:29:59,126,desktop
5180,91,2633,2024-12-14 03:46:03,172,mobile
5181,91,1444,2023-11-02 15:24:04,117,smart_speaker
5182,91,960,2023-11-18 21:49:44,297,smart_tv
5183,91,2083,2025-09-27 07:32:49,328,tablet
5184,91,2557,2023-05-04 18:55:43,186,mobile
5185,91,1395,2024-01-12 09:56:32,46,smart_speaker
5186,91,2618,2024-02-21 06:32:31,117,smart_speaker
5187,91,1976,2024-07-15 10:17:05,176,tablet
5188,91,243,2025-03-01 08:12:17,124,tablet
5189,91,1954,2023-07-20 13:35:17,145,desktop
5190,91,783,2023-01-22 18:17:05,31,smart_tv
5191,91,19,2025-05-19 05:51:44,245,mobile
5192,91,2284,2024-11-07 21:15:13,184,tablet
5193,91,2061,2024-04-07 21:23:19,231,web
5194,91,1870,2024-03-18 22:21:56,268,web
5195,91,2581,2024-06-27 19:59:03,116,web
5196,91,2539,2023-06-02 04:44:19,98,smart_speaker
5197,91,1023,2024-07-23 16:47:42,112,smart_tv
5198,91,1488,2023-03-06 05:15:32,314,web
5199,91,1561,2025-06-06 14:26:50,64,web
5200,91,571,2024-12-12 14:15:12,30,web
5201,91,708,2024-06-01 04:53:28,239,desktop
5202,91,1512,2025-09-13 15:44:09,115,web
5203,91,1083,2025-08-30 07:15:24,56,mobile
5204,91,255,2024-07-25 14:24:53,120,web
5205,91,1682,2023-10-04 10:03:32,364,tablet
5206,91,294,2023-08-10 21:15:48,84,web
5207,91,1672,2024-11-23 08:48:46,137,web
5208,91,2079,2023-02-10 15:41:51,361,smart_speaker
5209,91,1087,2023-03-18 16:03:42,190,smart_speaker
5210,91,1648,2024-04-14 11:28:18,153,mobile
5211,91,1018,2023-11-08 06:40:09,138,tablet
5212,91,699,2024-03-25 00:59:03,113,desktop
5213,91,639,2023-02-06 10:43:54,140,tablet
5214,91,1109,2023-12-16 09:39:56,65,smart_tv
5215,91,2597,2023-04-15 07:37:26,105,desktop
5216,91,1223,2023-04-02 02:54:26,208,web
5217,91,851,2025-01-13 06:07:05,66,tablet
5218,91,612,2024-02-18 23:31:23,78,mobile
5219,91,177,2025-08-03 13:51:23,46,tablet
5220,91,1685,2025-04-08 18:11:26,61,web
5221,92,2536,2024-07-21 06:01:05,91,web
5222,92,320,2023-10-17 11:04:36,113,tablet
5223,92,670,2024-09-16 06:06:50,171,smart_speaker
5224,92,1820,2024-03-13 15:28:48,254,smart_speaker
5225,92,1899,2023-04-06 21:46:21,85,smart_tv
5226,92,2565,2025-11-03 16:15:56,225,tablet
5227,92,1155,2023-09-11 17:13:24,159,smart_tv
5228,92,2570,2023-12-28 13:47:14,48,smart_tv
5229,92,123,2024-12-15 21:36:31,70,web
5230,92,163,2023-04-18 11:25:18,39,mobile
5231,92,554,2024-04-02 05:15:06,178,smart_speaker
5232,92,38,2024-07-31 18:09:50,130,smart_speaker
5233,92,2623,2024-04-06 20:33:39,62,mobile
5234,93,2086,2025-01-19 07:55:25,108,web
5235,93,2402,2025-10-11 06:18:41,35,mobile
5236,93,1145,2024-02-02 22:58:18,329,mobile
5237,93,224,2025-10-19 00:03:56,229,web
5238,93,253,2024-11-13 11:05:01,116,web
5239,93,788,2025-12-04 07:49:09,48,web
5240,93,1202,2025-06-04 11:43:15,74,mobile
5241,93,1161,2025-06-02 00:58:59,183,desktop
5242,93,67,2024-10-05 12:17:57,178,mobile
5243,93,1086,2023-05-13 23:20:39,96,mobile
5244,93,242,2024-12-13 03:09:04,40,web
5245,93,1125,2025-11-30 04:48:40,135,mobile
5246,93,120,2024-06-24 14:58:25,219,mobile
5247,93,889,2023-05-17 23:00:56,216,web
5248,93,2139,2025-03-08 19:03:11,146,smart_speaker
5249,93,1297,2023-03-02 10:10:38,228,smart_tv
5250,93,64,2024-10-30 23:54:04,143,tablet
5251,93,2653,2023-06-29 19:56:10,64,mobile
5252,93,1085,2025-03-22 11:58:53,146,tablet
5253,93,295,2024-05-30 22:45:07,133,mobile
5254,93,2322,2024-06-29 12:57:28,60,tablet
5255,93,539,2024-12-12 05:02:45,272,mobile
5256,93,640,2023-04-12 00:52:21,117,desktop
5257,93,2212,2024-08-26 04:10:53,59,mobile
5258,94,501,2023-07-02 12:02:20,40,web
5259,94,1780,2023-09-28 13:22:38,271,mobile
5260,94,1049,2023-11-19 19:34:22,222,tablet
5261,94,2525,2023-10-27 12:24:21,97,mobile
5262,94,147,2024-09-02 07:52:27,83,web
5263,94,1728,2024-05-20 19:51:57,31,web
5264,94,1044,2025-12-19 13:07:55,157,desktop
5265,94,1301,2024-06-24 05:32:37,140,mobile
5266,94,148,2025-02-10 17:13:02,55,smart_tv
5267,94,305,2023-10-18 07:51:41,67,mobile
5268,94,1797,2023-08-14 07:10:05,112,web
5269,94,131,2025-04-27 18:40:20,361,tablet
5270,94,1315,2023-10-02 15:33:19,183,mobile
5271,94,2248,2025-03-15 00:03:07,141,web
5272,94,142,2025-08-05 03:37:34,139,web
5273,94,2429,2023-07-19 08:26:49,192,desktop
5274,94,962,2024-09-25 01:03:17,49,mobile
5275,94,62,2025-06-23 14:27:36,218,web
5276,94,2512,2025-06-12 08:59:57,90,mobile
5277,94,2420,2023-06-02 20:08:35,227,web
5278,94,1102,2023-04-02 12:45:24,43,smart_speaker
5279,94,2504,2025-11-27 00:21:32,288,mobile
5280,94,675,2025-08-27 20:48:15,145,web
5281,94,454,2025-07-01 05:34:16,64,web
5282,94,2634,2023-10-14 23:17:43,294,smart_speaker
5283,94,1833,2024-04-20 04:55:15,49,tablet
5284,94,2422,2024-02-04 01:44:06,106,tablet
5285,94,1085,2025-09-14 20:55:09,128,tablet
5286,94,1355,2023-03-10 06:39:36,106,smart_tv
5287,94,1747,2024-02-09 19:49:48,112,desktop
5288,94,1963,2024-01-13 06:03:50,302,web
5289,94,1776,2025-08-29 10:47:31,130,smart_tv
5290,94,1141,2025-05-02 09:11:46,46,mobile
5291,94,154,2024-06-03 06:39:49,38,desktop
5292,94,2317,2025-09-22 01:10:14,99,web
5293,94,1919,2023-08-19 13:15:31,134,tablet
5294,94,775,2023-01-30 20:56:59,124,smart_tv
5295,94,2019,2025-01-01 06:41:28,284,smart_speaker
5296,94,2117,2023-12-29 20:28:33,199,smart_tv
5297,94,1866,2024-12-13 16:15:10,94,mobile
5298,94,48,2025-02-05 02:40:59,30,smart_speaker
5299,94,552,2024-01-26 14:30:47,43,smart_speaker
5300,94,2498,2023-12-13 13:16:04,192,tablet
5301,94,341,2025-12-15 01:08:21,86,desktop
5302,94,398,2024-07-06 04:41:45,146,smart_speaker
5303,94,731,2023-03-27 01:41:25,173,desktop
5304,94,1020,2024-11-02 12:17:16,79,mobile
5305,94,1587,2025-09-25 18:14:33,71,mobile
5306,94,338,2024-11-24 04:09:46,68,smart_speaker
5307,94,1333,2023-07-01 23:06:43,203,desktop
5308,94,1563,2025-09-28 01:24:25,235,mobile
5309,94,2303,2024-10-12 01:52:25,180,smart_tv
5310,95,359,2023-01-31 21:57:56,171,tablet
5311,95,7,2025-11-12 02:28:29,91,smart_speaker
5312,95,111,2025-06-01 08:03:44,53,web
5313,95,1956,2024-08-30 12:31:44,277,desktop
5314,95,1688,2023-02-02 01:27:23,228,smart_speaker
5315,95,1710,2023-12-22 00:05:05,82,desktop
5316,95,2389,2025-07-14 02:52:02,207,mobile
5317,95,1603,2024-08-30 11:09:35,389,smart_tv
5318,95,2633,2025-02-05 04:49:00,249,mobile
5319,95,1395,2024-07-04 06:18:39,40,smart_speaker
5320,95,2645,2023-02-11 04:19:45,196,mobile
5321,95,1392,2023-03-17 14:27:36,377,smart_speaker
5322,95,219,2025-05-01 21:47:15,141,mobile
5323,95,1705,2025-08-30 01:02:09,348,desktop
5324,95,1478,2023-03-16 11:55:52,181,smart_speaker
5325,95,147,2024-06-30 00:17:59,219,smart_tv
5326,95,1209,2024-04-29 02:23:07,69,smart_speaker
5327,95,2351,2024-03-23 06:31:42,47,desktop
5328,95,1071,2023-11-25 01:27:18,83,mobile
5329,95,1608,2023-03-16 19:59:29,125,mobile
5330,95,738,2025-07-15 04:54:25,111,smart_speaker
5331,95,2499,2023-03-07 17:23:14,255,smart_tv
5332,95,378,2025-06-21 22:58:53,60,web
5333,95,2068,2023-06-20 04:38:25,109,smart_speaker
5334,96,863,2024-10-03 15:53:23,156,smart_speaker
5335,96,1080,2025-08-05 11:14:59,33,desktop
5336,96,549,2023-05-26 12:25:32,260,smart_tv
5337,96,1144,2025-05-25 08:29:13,77,mobile
5338,96,1959,2024-11-07 10:52:57,142,tablet
5339,96,1522,2023-02-06 04:20:14,207,web
5340,96,167,2024-03-09 12:43:47,78,smart_tv
5341,96,1389,2025-09-23 19:47:03,131,web
5342,96,431,2024-05-31 08:56:05,258,tablet
5343,96,2641,2025-10-29 18:18:39,63,desktop
5344,96,2543,2024-05-15 14:03:15,56,web
5345,96,2206,2024-01-20 22:16:13,173,smart_tv
5346,96,147,2023-11-04 07:40:05,328,mobile
5347,96,873,2024-10-21 10:31:34,93,tablet
5348,96,2275,2024-10-28 23:13:23,256,tablet
5349,96,1621,2025-01-03 04:45:00,124,desktop
5350,96,1332,2023-04-27 12:36:29,110,desktop
5351,96,1060,2025-10-24 10:29:22,208,smart_tv
5352,96,1166,2023-11-10 16:51:03,183,desktop
5353,96,2034,2023-01-02 14:44:23,162,mobile
5354,96,700,2023-03-30 02:42:58,264,smart_speaker
5355,96,184,2023-02-10 00:46:35,136,smart_tv
5356,96,2211,2023-05-19 06:04:03,30,mobile
5357,96,13,2024-01-22 22:18:08,103,mobile
5358,96,2060,2023-08-25 11:23:22,91,tablet
5359,96,397,2024-09-21 04:02:22,32,smart_speaker
5360,96,2518,2023-02-08 04:41:37,177,smart_tv
5361,96,1424,2025-01-29 17:40:58,163,smart_speaker
5362,96,1449,2023-06-26 17:40:51,143,smart_tv
5363,96,1633,2023-05-12 01:27:09,174,mobile
5364,96,2043,2024-09-07 12:59:18,63,tablet
5365,96,1089,2025-07-19 20:40:16,54,tablet
5366,96,915,2025-07-05 12:04:18,103,web
5367,96,1633,2023-04-27 08:11:04,141,web
5368,96,579,2023-07-14 09:28:40,116,smart_tv
5369,96,1819,2023-07-25 10:01:40,250,mobile
5370,96,77,2024-06-12 21:54:43,64,web
5371,96,155,2023-09-21 02:41:31,225,mobile
5372,96,738,2025-03-23 19:09:44,113,tablet
5373,96,1689,2024-07-06 13:28:49,122,tablet
5374,96,2396,2023-08-09 18:25:15,76,web
5375,96,2173,2025-07-02 00:58:45,111,smart_tv
5376,96,2216,2025-02-26 19:38:43,133,smart_tv
5377,96,1025,2025-08-28 12:47:11,177,desktop
5378,96,787,2025-11-04 18:01:36,260,tablet
5379,96,1443,2023-10-23 10:54:30,185,mobile
5380,96,2181,2023-03-08 06:06:09,75,desktop
5381,96,2217,2024-04-01 18:27:29,172,smart_tv
5382,96,1682,2023-05-11 21:23:14,357,tablet
5383,96,1244,2024-02-01 03:42:45,87,web
5384,96,920,2025-11-06 05:26:56,203,smart_tv
5385,96,950,2024-08-09 19:15:56,227,web
5386,96,2646,2023-02-27 11:17:39,109,mobile
5387,96,2098,2024-05-26 12:45:20,142,tablet
5388,96,913,2024-12-27 18:30:43,186,smart_tv
5389,96,1608,2023-12-02 15:49:02,56,smart_speaker
5390,96,893,2025-10-12 20:04:37,62,desktop
5391,96,2345,2023-01-25 21:55:27,36,desktop
5392,96,1170,2025-07-11 04:27:42,114,web
5393,96,1996,2025-04-14 13:00:04,117,desktop
5394,96,831,2024-04-03 21:24:54,81,web
5395,96,322,2024-05-07 23:28:06,65,desktop
5396,96,457,2024-10-24 13:01:37,281,smart_tv
5397,96,19,2025-03-23 12:22:55,341,smart_tv
5398,96,182,2023-05-18 16:09:45,40,smart_tv
5399,96,1750,2024-05-07 23:23:16,94,smart_speaker
5400,96,1826,2025-02-18 21:18:19,203,desktop
5401,96,1272,2023-07-21 01:40:24,124,tablet
5402,96,1727,2024-07-14 01:38:58,96,smart_speaker
5403,96,896,2025-05-14 22:42:28,114,tablet
5404,96,2616,2023-03-06 11:25:47,183,web
5405,96,1207,2025-08-30 11:13:33,73,mobile
5406,96,953,2025-06-11 02:00:44,170,smart_tv
5407,96,794,2025-03-29 16:11:15,256,desktop
5408,96,1040,2024-08-08 15:58:44,229,smart_speaker
5409,96,93,2025-03-23 17:22:55,91,tablet
5410,96,1206,2025-08-01 04:32:48,165,smart_tv
5411,96,179,2023-08-02 12:21:27,107,web
5412,97,1355,2023-12-16 17:24:39,123,web
5413,97,2277,2023-12-13 07:33:19,69,tablet
5414,97,825,2023-02-04 10:10:00,91,mobile
5415,97,1910,2025-07-22 12:03:38,83,smart_speaker
5416,97,174,2024-03-28 19:26:00,284,smart_speaker
5417,97,1741,2023-02-05 12:49:48,68,tablet
5418,97,255,2025-03-11 23:31:08,211,web
5419,97,926,2024-01-06 21:09:56,149,tablet
5420,97,1306,2023-04-20 10:10:08,75,smart_speaker
5421,97,2162,2023-08-20 09:54:54,338,web
5422,97,1031,2024-06-23 03:25:29,64,mobile
5423,97,2081,2023-11-21 06:12:57,132,smart_tv
5424,97,2295,2025-03-20 03:40:18,57,tablet
5425,97,2013,2024-04-22 18:53:10,67,tablet
5426,97,97,2024-12-12 06:06:59,108,desktop
5427,97,2156,2023-07-26 10:03:16,41,desktop
5428,97,2437,2024-07-06 07:43:00,374,mobile
5429,97,228,2024-11-19 14:48:26,160,smart_tv
5430,97,1832,2024-11-24 13:14:08,115,tablet
5431,97,3,2023-02-23 16:43:53,194,desktop
5432,97,1306,2025-01-22 02:52:08,233,web
5433,97,2590,2024-08-19 04:40:46,45,web
5434,97,901,2024-09-01 15:59:50,139,smart_tv
5435,97,856,2023-12-04 12:40:15,229,mobile
5436,97,1103,2023-10-08 19:21:24,94,smart_tv
5437,97,1151,2023-05-12 07:41:36,121,mobile
5438,97,1780,2023-12-14 19:23:21,106,smart_speaker
5439,97,1295,2024-11-09 10:42:04,242,web
5440,97,264,2025-09-23 04:04:48,170,smart_speaker
5441,97,641,2025-12-22 13:27:17,97,web
5442,97,992,2024-10-09 03:03:34,107,smart_speaker
5443,97,1401,2023-04-27 19:25:11,257,smart_speaker
5444,97,664,2025-12-16 05:54:37,260,web
5445,97,1482,2025-02-08 15:55:13,272,desktop
5446,97,247,2024-08-23 21:49:19,64,tablet
5447,97,1602,2023-02-15 19:11:40,50,smart_tv
5448,97,1045,2023-05-14 13:15:38,334,smart_tv
5449,97,1256,2023-02-09 20:20:14,60,mobile
5450,97,2410,2023-08-29 21:57:34,197,smart_tv
5451,97,2093,2023-11-11 04:39:21,116,tablet
5452,97,2460,2025-10-14 03:47:49,248,desktop
5453,97,1828,2025-03-19 05:40:17,61,web
5454,97,2281,2025-01-06 03:04:47,274,smart_tv
5455,97,1567,2024-05-25 06:46:59,163,mobile
5456,97,550,2023-12-15 14:39:52,106,smart_tv
5457,97,498,2024-03-15 19:28:45,206,mobile
5458,97,792,2024-12-02 16:44:33,99,web
5459,97,27,2023-07-18 09:35:15,302,web
5460,97,670,2024-10-11 13:47:39,212,web
5461,97,1768,2024-06-15 00:30:57,122,smart_speaker
5462,97,913,2025-11-03 02:57:36,222,smart_tv
5463,97,1483,2024-08-26 12:04:45,121,smart_tv
5464,97,1515,2024-01-27 04:38:09,204,web
5465,97,1059,2023-01-22 13:20:06,59,tablet
5466,97,2393,2025-09-11 17:19:18,95,smart_speaker
5467,97,1011,2025-07-28 22:08:17,144,tablet
5468,97,2541,2024-07-10 04:21:30,114,desktop
5469,97,1636,2025-10-17 03:38:43,182,web
5470,97,695,2023-10-09 11:44:07,381,mobile
5471,97,2370,2024-02-12 00:12:20,254,mobile
5472,97,1359,2024-02-04 07:06:56,96,smart_tv
5473,98,1467,2025-02-22 10:40:49,132,smart_speaker
5474,98,46,2023-04-16 17:32:34,173,web
5475,98,1919,2024-08-21 05:12:12,128,web
5476,98,2485,2023-09-13 08:25:57,258,mobile
5477,98,1117,2024-01-08 19:43:32,291,smart_speaker
5478,98,1357,2023-08-16 23:02:26,96,smart_tv
5479,98,258,2024-07-02 15:40:58,206,smart_speaker
5480,98,956,2024-02-26 15:14:50,196,web
5481,98,1092,2023-12-16 01:48:07,42,desktop
5482,98,2388,2025-08-20 22:36:57,268,web
5483,98,984,2025-05-03 00:29:25,70,tablet
5484,98,1108,2023-10-02 13:19:16,173,mobile
5485,98,639,2025-08-13 19:41:55,96,smart_speaker
5486,98,31,2024-04-13 10:20:55,208,smart_tv
5487,98,2112,2025-03-26 19:18:18,128,web
5488,98,2572,2025-08-21 06:57:23,53,smart_speaker
5489,98,1849,2024-09-14 06:16:50,81,tablet
5490,98,714,2025-01-27 12:31:50,114,tablet
5491,98,1799,2024-12-23 21:30:02,83,mobile
5492,98,1438,2024-11-22 22:52:07,311,smart_tv
5493,98,793,2025-01-16 07:33:18,167,mobile
5494,98,1399,2024-09-23 16:30:19,61,smart_tv
5495,98,643,2023-04-11 22:32:39,280,desktop
5496,98,1549,2025-01-05 21:21:29,73,desktop
5497,98,2161,2025-02-08 08:06:22,131,mobile
5498,98,1196,2023-02-01 03:36:43,357,desktop
5499,98,309,2025-06-03 04:01:05,383,mobile
5500,98,1630,2024-10-22 11:11:16,242,web
5501,98,493,2024-10-20 23:14:32,73,tablet
5502,98,1627,2025-08-16 23:41:23,250,smart_tv
5503,98,1611,2023-09-25 15:32:17,49,smart_speaker
5504,98,568,2023-10-07 20:44:07,189,smart_tv
5505,98,2333,2025-09-04 09:09:48,76,desktop
5506,98,1056,2025-02-06 10:58:03,133,web
5507,98,2262,2024-10-20 01:14:39,142,mobile
5508,98,1868,2023-06-09 05:28:42,130,smart_tv
5509,98,377,2025-09-17 21:20:14,167,smart_speaker
5510,98,2338,2024-07-12 03:56:45,265,smart_speaker
5511,98,578,2024-06-02 19:46:10,146,smart_speaker
5512,98,1518,2025-12-10 18:15:43,118,desktop
5513,98,1293,2023-08-24 02:09:00,106,smart_speaker
5514,98,226,2023-02-10 05:21:11,347,desktop
5515,98,1198,2023-04-20 00:34:18,87,smart_tv
5516,98,980,2024-01-26 02:58:36,204,tablet
5517,98,527,2024-03-20 05:03:18,152,mobile
5518,98,269,2024-06-21 06:39:27,191,smart_speaker
5519,98,761,2023-10-08 18:11:19,151,mobile
5520,98,2283,2023-06-25 23:09:00,174,tablet
5521,98,346,2024-11-21 16:28:19,77,smart_speaker
5522,98,8,2024-12-01 12:31:02,43,smart_tv
5523,98,1869,2025-01-03 11:09:48,197,smart_tv
5524,98,2482,2023-11-03 16:18:21,59,desktop
5525,98,399,2024-08-30 16:51:13,182,tablet
5526,98,999,2025-05-09 21:20:34,80,desktop
5527,98,1640,2024-04-04 19:12:05,50,tablet
5528,98,1321,2023-01-13 14:37:41,87,tablet
5529,98,1003,2024-01-13 14:26:28,119,web
5530,98,363,2023-02-21 08:43:23,55,desktop
5531,98,1382,2024-04-10 21:27:27,208,smart_tv
5532,98,1848,2024-05-23 18:17:44,226,smart_speaker
5533,99,1197,2025-06-18 22:45:22,331,web
5534,99,2480,2024-07-10 09:22:21,259,smart_tv
5535,99,174,2023-12-28 03:12:30,78,web
5536,99,1967,2023-01-03 21:27:08,214,smart_tv
5537,99,2183,2025-10-19 02:02:25,94,tablet
5538,99,2261,2023-11-01 17:59:51,125,mobile
5539,99,275,2024-02-17 19:59:58,140,tablet
5540,99,1256,2024-07-30 03:59:55,228,desktop
5541,99,1623,2025-01-01 09:46:34,345,smart_speaker
5542,99,2112,2025-12-02 09:03:47,88,smart_tv
5543,99,2051,2024-11-04 13:04:17,90,smart_tv
5544,99,2592,2024-04-11 11:59:35,109,web
5545,99,1268,2025-06-19 07:07:21,159,mobile
5546,99,125,2025-10-24 21:51:52,133,desktop
5547,99,542,2024-10-02 19:30:15,259,desktop
5548,99,2313,2023-08-05 21:17:20,354,mobile
5549,99,1545,2023-02-05 18:11:53,170,desktop
5550,99,2378,2024-04-02 12:46:10,67,smart_speaker
5551,100,575,2023-04-29 15:14:38,75,smart_speaker
5552,100,717,2024-02-18 18:28:48,144,tablet
5553,100,871,2025-09-24 18:32:29,204,mobile
5554,100,1765,2025-07-24 06:05:37,369,smart_tv
5555,100,2218,2023-09-21 06:49:39,60,smart_speaker
5556,100,2372,2023-11-18 15:18:07,158,smart_tv
5557,100,551,2023-07-04 08:13:03,78,desktop
5558,100,76,2023-12-01 19:33:37,160,desktop
5559,100,2426,2025-08-13 15:53:56,94,desktop
5560,100,2407,2025-07-14 13:31:14,40,mobile
5561,100,1512,2023-01-05 00:08:46,129,web
5562,100,1506,2025-08-23 17:51:37,119,tablet
5563,100,2008,2024-10-23 11:24:23,70,smart_tv
5564,100,2289,2023-04-05 14:55:03,190,smart_tv
5565,100,2101,2023-02-23 11:54:16,60,mobile
5566,100,1272,2023-02-17 20:26:55,30,tablet
5567,100,1107,2024-10-14 11:48:25,296,mobile
5568,100,325,2025-12-24 13:23:46,81,mobile
5569,100,1124,2023-11-25 02:59:01,60,smart_tv
5570,100,4,2024-07-09 17:00:15,282,tablet
5571,100,803,2023-10-16 13:49:18,56,web
5572,100,442,2023-07-05 23:22:02,206,tablet
5573,100,2353,2024-05-31 07:46:21,188,web
5574,100,2649,2025-08-26 06:51:31,96,smart_speaker
5575,100,336,2025-11-27 14:51:40,272,smart_speaker
5576,100,442,2025-07-15 08:13:59,224,smart_speaker
5577,100,194,2025-07-24 14:09:46,251,mobile
5578,100,963,2024-08-12 04:24:50,179,mobile
5579,100,2008,2025-09-26 13:15:50,243,tablet
5580,100,2331,2023-07-20 03:13:17,39,tablet
5581,100,2351,2024-04-15 02:49:40,168,web
5582,100,836,2024-09-10 03:30:49,36,smart_speaker
5583,100,112,2023-04-26 18:35:11,137,smart_speaker
5584,100,56,2023-06-16 20:42:38,72,tablet
5585,100,888,2024-10-08 18:46:13,32,smart_speaker
5586,100,1577,2024-03-29 14:09:13,137,smart_speaker
5587,100,1227,2024-07-19 07:52:25,110,desktop
5588,100,1093,2025-08-02 02:57:13,156,desktop
5589,100,517,2023-04-02 09:01:16,30,smart_speaker
5590,100,1696,2023-02-21 20:12:02,89,tablet
5591,100,805,2024-06-04 01:05:23,133,web
5592,100,119,2024-07-11 09:28:33,86,desktop
5593,100,1409,2024-11-02 03:54:51,118,tablet
5594,100,2297,2025-04-29 09:47:44,219,smart_speaker
5595,100,2650,2025-12-05 10:43:21,168,mobile
5596,100,1231,2025-07-14 18:13:05,283,mobile
5597,100,1085,2024-10-01 17:03:40,171,smart_speaker
5598,100,1354,2024-05-16 07:15:32,121,mobile
5599,100,1657,2025-06-04 17:30:22,83,desktop
5600,100,1159,2023-02-19 01:44:36,115,web
5601,100,1846,2025-11-10 06:04:00,104,mobile
5602,100,330,2025-09-21 12:12:52,82,tablet
5603,100,816,2025-05-30 12:04:34,80,web
5604,100,7,2023-12-31 04:46:32,161,web
5605,100,2373,2023-04-25 07:46:06,232,smart_tv
5606,100,2039,2024-11-15 11:04:30,205,mobile
5607,100,2558,2025-11-19 09:36:47,214,desktop
5608,100,297,2025-02-27 03:46:18,200,web
5609,100,2066,2024-08-11 08:08:23,301,web
5610,100,176,2024-02-10 16:47:20,126,smart_speaker
5611,100,1067,2023-08-13 07:46:00,181,mobile
5612,100,134,2025-03-10 16:16:49,301,smart_speaker
5613,100,586,2024-05-22 07:07:27,228,smart_speaker
5614,100,2599,2024-05-19 00:38:59,153,smart_speaker
5615,100,819,2025-08-03 15:25:26,308,mobile
5616,100,786,2025-01-12 22:45:01,42,desktop
5617,100,1853,2025-01-02 10:30:54,82,mobile
5618,100,629,2023-03-22 09:06:46,124,smart_speaker
5619,100,2274,2024-09-28 03:47:20,320,web
5620,100,1253,2025-03-17 19:12:49,120,desktop
5621,100,253,2024-12-10 18:56:56,159,smart_speaker
5622,100,1880,2025-05-06 06:51:12,39,desktop
5623,100,1050,2023-02-04 19:57:38,333,tablet
5624,100,482,2024-03-01 08:00:38,37,tablet
5625,100,235,2023-04-22 16:30:12,100,mobile
5626,100,995,2024-08-23 01:53:58,68,smart_tv
5627,100,138,2023-01-04 15:48:26,39,tablet
5628,100,2109,2024-07-09 20:18:03,107,web
5629,100,448,2023-07-29 23:17:10,379,desktop
5630,100,1028,2025-02-25 13:35:17,83,mobile
5631,100,2387,2024-03-17 20:02:49,196,desktop
5632,100,1304,2024-05-22 17:02:49,61,web
5633,100,2344,2024-08-21 08:49:02,67,tablet
5634,100,1480,2024-11-01 02:23:31,50,tablet
5635,100,1102,2023-06-07 02:20:11,109,web
5636,100,2311,2025-04-22 01:55:08,144,mobile
5637,100,257,2023-04-01 23:08:01,186,desktop
5638,100,530,2023-07-08 05:04:32,200,desktop
5639,101,1048,2023-06-17 13:45:17,284,smart_tv
5640,101,449,2023-06-21 22:33:08,54,tablet
5641,101,2110,2023-12-30 18:54:51,110,tablet
5642,101,155,2025-07-19 09:02:35,237,web
5643,101,1405,2023-07-30 12:43:10,240,mobile
5644,101,540,2023-07-11 18:32:43,129,smart_tv
5645,101,2309,2024-04-08 19:31:37,162,mobile
5646,101,2610,2023-04-04 17:55:50,30,mobile
5647,101,264,2023-09-13 20:20:53,136,desktop
5648,101,94,2023-07-10 09:27:29,137,smart_tv
5649,101,2375,2024-08-15 17:00:29,116,tablet
5650,101,2563,2024-08-29 03:34:54,113,smart_tv
5651,101,1007,2023-10-18 02:54:41,86,smart_speaker
5652,101,2651,2023-10-26 12:12:36,129,smart_speaker
5653,101,1260,2023-06-04 11:25:24,105,desktop
5654,101,1259,2024-03-13 08:58:45,231,desktop
5655,101,718,2025-02-23 23:12:11,41,web
5656,101,1994,2024-02-14 20:37:56,184,web
5657,101,229,2024-05-02 10:38:26,81,smart_speaker
5658,101,2341,2025-09-22 06:46:20,33,tablet
5659,101,2514,2024-07-24 10:43:56,33,smart_speaker
5660,101,1108,2023-09-09 08:44:25,298,web
5661,101,282,2024-11-08 07:00:15,169,desktop
5662,101,1628,2023-08-25 18:03:07,72,smart_tv
5663,101,2015,2023-10-06 06:21:38,73,mobile
5664,101,2056,2025-01-31 21:43:08,77,smart_tv
5665,101,1175,2023-07-10 00:08:37,55,tablet
5666,101,2388,2023-05-04 14:30:05,209,web
5667,101,1887,2025-06-08 10:54:05,160,web
5668,101,345,2024-08-02 15:08:44,203,tablet
5669,101,374,2025-05-07 04:57:22,189,smart_speaker
5670,101,1464,2024-07-25 17:55:23,115,smart_speaker
5671,101,1738,2024-02-02 15:49:44,156,web
5672,101,1301,2023-08-07 08:29:28,100,mobile
5673,101,1983,2023-11-04 23:14:42,95,smart_speaker
5674,101,1252,2023-08-08 21:23:41,165,smart_speaker
5675,101,1965,2025-09-26 00:52:23,201,desktop
5676,101,2321,2025-04-10 16:35:43,37,web
5677,101,664,2023-02-04 22:39:55,109,smart_speaker
5678,101,312,2025-09-26 17:20:54,147,desktop
5679,101,1573,2024-05-03 08:08:32,57,web
5680,101,2654,2024-01-14 23:53:47,164,desktop
5681,101,135,2024-04-30 05:56:11,190,tablet
5682,101,2010,2025-03-12 02:28:03,86,desktop
5683,101,438,2024-03-28 01:37:52,122,smart_tv
5684,101,562,2024-08-02 05:52:03,146,mobile
5685,101,896,2023-04-04 22:12:26,65,tablet
5686,101,268,2023-12-08 03:29:14,32,mobile
5687,101,474,2023-06-25 17:28:01,83,mobile
5688,101,1154,2024-10-21 02:47:28,184,tablet
5689,101,758,2023-05-10 22:40:52,174,desktop
5690,101,1905,2025-09-24 14:43:05,91,smart_speaker
5691,101,114,2024-07-30 19:24:31,201,web
5692,101,2528,2023-08-03 12:29:16,219,desktop
5693,101,1960,2025-01-06 17:34:50,36,web
5694,101,520,2024-10-25 23:26:11,43,web
5695,101,1253,2025-05-25 03:42:19,149,smart_tv
5696,101,2552,2025-10-07 12:28:18,151,smart_speaker
5697,101,2391,2025-03-15 21:47:47,260,web
5698,101,753,2024-06-30 02:14:41,236,web
5699,101,2424,2024-11-08 08:34:22,112,tablet
5700,101,319,2023-04-09 20:36:38,84,tablet
5701,101,64,2024-11-26 16:27:33,141,tablet
5702,101,2532,2025-08-25 02:51:23,127,smart_tv
5703,101,688,2025-12-24 07:31:50,258,web
5704,101,1651,2023-10-23 03:43:44,85,smart_speaker
5705,101,1683,2025-02-25 02:09:00,43,mobile
5706,101,1815,2023-06-25 19:45:01,146,mobile
5707,101,2523,2024-03-15 03:01:13,157,tablet
5708,101,196,2025-10-19 10:04:38,212,web
5709,101,754,2023-07-19 01:17:05,53,mobile
5710,101,271,2023-08-12 17:57:29,277,mobile
5711,101,1155,2023-08-10 04:38:54,62,web
5712,101,1513,2025-06-04 08:07:06,215,desktop
5713,101,965,2025-10-05 02:28:13,65,desktop
5714,101,2261,2023-05-14 03:36:45,185,desktop
5715,101,870,2023-06-23 12:46:32,134,mobile
5716,101,1767,2024-09-22 21:09:25,189,web
5717,101,1932,2024-04-22 12:47:37,108,smart_tv
5718,101,2385,2025-01-25 20:24:22,40,smart_tv
5719,101,469,2023-06-23 23:51:48,184,smart_speaker
5720,101,2376,2024-05-28 10:00:42,64,mobile
5721,101,483,2024-07-28 21:18:25,282,smart_speaker
5722,101,1859,2023-07-19 10:27:42,152,smart_speaker
5723,101,246,2023-11-03 10:09:53,156,mobile
5724,102,2651,2024-07-27 03:23:48,162,smart_tv
5725,102,43,2023-10-10 08:47:54,235,tablet
5726,102,534,2023-11-23 14:04:58,236,desktop
5727,102,1239,2024-06-10 11:47:15,290,smart_speaker
5728,102,1170,2024-08-07 14:29:07,409,smart_speaker
5729,102,846,2024-11-23 19:20:21,65,tablet
5730,102,1892,2025-10-02 00:05:27,171,smart_tv
5731,102,1419,2023-02-10 02:08:52,96,web
5732,102,95,2024-07-08 13:01:49,360,web
5733,102,1883,2025-09-01 02:56:49,46,mobile
5734,102,2039,2025-04-01 04:17:32,96,web
5735,102,1257,2024-03-09 13:21:26,36,mobile
5736,102,640,2025-01-27 01:37:47,241,tablet
5737,102,2085,2025-07-24 18:24:38,160,desktop
5738,102,1132,2024-04-21 15:48:58,89,smart_tv
5739,102,2489,2023-11-15 06:49:47,133,smart_tv
5740,102,1753,2023-03-23 00:40:26,176,tablet
5741,102,2207,2024-09-09 02:11:11,264,mobile
5742,102,490,2025-04-16 15:11:53,298,mobile
5743,102,1668,2023-04-16 09:39:50,164,desktop
5744,102,2007,2024-11-15 08:10:14,195,desktop
5745,102,1212,2024-11-22 21:44:12,267,tablet
5746,102,2409,2024-10-10 18:02:38,86,smart_speaker
5747,102,1195,2024-08-05 09:11:53,94,smart_tv
5748,102,963,2025-12-10 09:10:30,154,web
5749,102,2597,2025-09-21 08:06:30,56,web
5750,102,2116,2025-03-18 17:53:50,43,tablet
5751,102,1702,2025-02-08 17:52:07,197,tablet
5752,102,496,2023-11-28 20:26:11,201,tablet
5753,102,2572,2025-09-10 05:28:45,210,tablet
5754,102,1795,2025-07-16 16:11:53,146,web
5755,102,123,2024-12-16 00:33:47,61,smart_tv
5756,102,1811,2025-09-24 05:05:35,44,tablet
5757,102,2585,2025-09-21 01:11:15,125,tablet
5758,102,863,2023-02-11 15:12:06,35,mobile
5759,102,1987,2023-11-01 05:26:01,56,tablet
5760,102,428,2023-08-24 02:49:42,90,desktop
5761,102,1440,2025-07-02 00:55:52,74,mobile
5762,102,2615,2023-10-12 23:04:17,103,web
5763,102,2271,2024-07-09 03:59:40,225,smart_tv
5764,102,521,2024-02-06 07:20:42,43,tablet
5765,102,1500,2024-06-15 04:03:59,112,web
5766,102,666,2024-05-22 05:23:13,83,smart_tv
5767,102,1922,2024-03-24 12:10:33,354,smart_speaker
5768,102,1455,2024-10-31 15:27:27,112,desktop
5769,102,1653,2024-04-23 12:20:36,109,web
5770,102,1105,2023-12-02 14:02:42,86,tablet
5771,102,633,2025-02-23 22:25:38,99,desktop
5772,102,97,2023-10-15 03:12:08,62,mobile
5773,102,1128,2023-04-24 03:49:44,30,smart_tv
5774,102,1199,2025-06-05 18:18:53,133,mobile
5775,103,664,2024-08-07 01:58:13,204,desktop
5776,103,253,2025-12-02 13:08:46,84,web
5777,103,1142,2025-03-08 18:27:18,266,smart_tv
5778,103,193,2025-08-25 15:43:40,135,smart_tv
5779,103,950,2024-11-13 03:37:13,73,tablet
5780,103,138,2023-03-27 08:31:21,176,desktop
5781,103,659,2023-07-02 02:05:56,218,smart_speaker
5782,103,1403,2024-08-28 09:56:17,214,smart_speaker
5783,103,800,2023-10-06 15:32:38,45,tablet
5784,103,5,2024-10-18 07:00:33,207,mobile
5785,103,1626,2025-06-01 20:45:00,79,web
5786,103,465,2025-11-11 12:15:09,122,tablet
5787,103,2216,2025-03-18 12:54:42,62,tablet
5788,103,1439,2023-07-16 16:12:33,85,smart_tv
5789,103,1025,2025-06-20 13:53:46,97,mobile
5790,103,424,2023-02-12 08:03:46,47,web
5791,103,699,2023-02-21 13:18:50,126,smart_tv
5792,103,1655,2023-02-22 23:00:29,68,mobile
5793,103,1688,2023-08-12 08:36:26,92,desktop
5794,103,396,2024-07-17 05:51:20,91,web
5795,103,1910,2024-05-04 09:44:39,93,smart_speaker
5796,103,1542,2025-01-04 10:23:09,181,desktop
5797,103,2362,2024-09-25 09:48:41,44,tablet
5798,103,2143,2024-10-30 14:49:46,75,desktop
5799,103,331,2024-02-25 09:07:02,138,tablet
5800,103,730,2023-10-06 20:04:00,46,smart_tv
5801,103,192,2024-03-21 12:43:55,141,mobile
5802,103,186,2024-12-08 11:40:21,88,desktop
5803,103,680,2023-08-11 18:37:47,173,smart_tv
5804,103,1040,2025-08-17 20:56:26,335,tablet
5805,103,2076,2025-05-29 21:20:30,54,web
5806,103,1640,2025-01-25 23:11:19,67,desktop
5807,103,2215,2024-09-09 12:05:38,46,mobile
5808,103,1992,2024-08-31 18:22:02,271,web
5809,103,2171,2024-11-30 09:20:49,84,smart_speaker
5810,103,2114,2023-03-31 02:18:16,60,mobile
5811,103,262,2023-11-17 23:04:58,38,web
5812,103,1434,2023-09-25 09:15:24,68,desktop
5813,103,2170,2023-12-12 16:11:43,216,desktop
5814,103,606,2023-11-23 19:18:39,268,smart_tv
5815,103,1374,2023-03-10 17:14:09,168,tablet
5816,103,2148,2023-02-16 13:27:49,233,web
5817,103,992,2025-09-04 09:37:54,77,tablet
5818,103,1142,2025-05-04 19:09:33,342,smart_tv
5819,103,2249,2024-01-24 21:35:29,239,mobile
5820,103,1142,2023-06-20 07:50:31,116,smart_tv
5821,103,430,2024-09-07 04:34:11,217,tablet
5822,103,2585,2024-04-28 02:39:57,63,smart_tv
5823,103,2399,2024-01-20 16:22:49,130,web
5824,103,2409,2025-06-05 17:09:50,90,mobile
5825,103,542,2023-07-07 14:31:03,182,web
5826,103,1561,2023-05-01 05:39:19,128,smart_speaker
5827,103,143,2024-04-29 11:21:22,151,web
5828,103,1557,2023-04-24 04:26:01,42,desktop
5829,103,2502,2024-10-25 17:39:44,114,web
5830,103,1503,2024-02-14 09:23:45,180,mobile
5831,103,2405,2023-03-11 03:02:15,165,desktop
5832,103,2005,2024-12-23 05:25:11,46,desktop
5833,103,2532,2025-10-22 15:20:19,136,smart_tv
5834,103,135,2024-05-27 20:51:02,32,desktop
5835,103,1317,2024-10-04 10:23:29,229,desktop
5836,103,974,2024-12-01 18:21:41,125,tablet
5837,103,1627,2025-11-02 23:59:46,167,tablet
5838,103,1628,2023-01-15 22:15:55,67,smart_speaker
5839,103,1464,2023-05-15 06:01:57,73,smart_speaker
5840,103,2430,2023-02-18 17:36:01,237,tablet
5841,103,1610,2024-01-01 13:20:42,75,desktop
5842,103,1656,2025-01-23 18:15:12,66,mobile
5843,104,2013,2025-03-01 04:58:16,116,mobile
5844,104,737,2024-06-24 00:59:04,184,web
5845,104,702,2025-11-24 18:46:12,262,desktop
5846,104,2383,2023-04-30 21:24:45,237,smart_speaker
5847,104,1193,2023-08-05 21:17:39,104,desktop
5848,104,2486,2023-08-09 15:20:30,266,tablet
5849,104,1011,2025-04-28 14:50:00,95,mobile
5850,104,2261,2024-11-19 07:13:16,199,smart_tv
5851,104,1599,2023-05-15 14:07:42,280,smart_tv
5852,104,1534,2025-11-21 18:40:18,278,desktop
5853,104,655,2025-11-06 15:16:08,96,tablet
5854,104,2134,2025-03-19 12:13:51,280,desktop
5855,104,1786,2024-11-03 11:16:32,33,smart_tv
5856,104,2398,2025-05-19 08:22:16,140,desktop
5857,104,1158,2023-03-16 00:33:40,161,desktop
5858,104,797,2025-01-03 01:52:06,291,desktop
5859,104,1608,2025-09-14 05:31:02,58,tablet
5860,104,2599,2025-06-14 06:08:02,76,smart_tv
5861,104,1699,2025-03-22 14:17:13,133,smart_tv
5862,105,2121,2023-02-06 15:42:46,307,mobile
5863,105,1972,2025-07-03 17:35:45,124,smart_tv
5864,105,1376,2024-01-06 14:58:04,43,mobile
5865,105,203,2023-10-17 14:04:54,66,smart_tv
5866,105,1494,2023-01-22 00:04:53,187,desktop
5867,105,1676,2025-10-20 17:48:27,34,tablet
5868,105,1927,2023-01-09 21:31:21,69,smart_speaker
5869,105,147,2023-12-31 20:18:23,143,smart_tv
5870,105,357,2024-02-16 10:51:52,102,web
5871,105,457,2023-12-02 10:04:47,271,tablet
5872,105,1842,2023-10-02 06:03:17,285,smart_speaker
5873,105,933,2025-06-18 02:38:51,74,web
5874,105,590,2025-11-30 11:32:50,82,web
5875,105,2062,2025-08-24 09:37:49,101,smart_speaker
5876,105,1343,2024-02-08 22:36:02,110,smart_tv
5877,105,1707,2023-07-15 16:11:38,156,web
5878,105,1010,2024-09-05 22:52:48,176,smart_speaker
5879,105,878,2023-08-08 12:23:28,222,tablet
5880,105,122,2025-11-20 20:41:03,271,desktop
5881,105,2110,2023-05-13 18:38:28,345,tablet
5882,105,2506,2025-02-19 08:39:45,56,web
5883,105,1706,2023-04-27 23:36:16,115,smart_speaker
5884,105,105,2025-07-04 19:04:26,289,mobile
5885,105,2457,2025-04-09 22:38:57,45,tablet
5886,105,80,2025-08-28 20:36:15,56,desktop
5887,105,1614,2023-10-02 22:51:14,254,desktop
5888,105,1101,2024-04-14 08:17:18,198,desktop
5889,105,761,2025-01-21 17:14:53,76,smart_speaker
5890,105,1061,2023-07-31 09:38:37,129,smart_tv
5891,105,953,2023-07-27 22:17:59,206,web
5892,105,1984,2023-10-06 18:20:50,77,desktop
5893,105,418,2024-05-04 21:59:16,208,desktop
5894,105,599,2024-05-12 05:40:11,55,mobile
5895,105,1608,2025-08-18 19:19:39,251,smart_speaker
5896,105,769,2023-10-16 19:03:04,102,smart_tv
5897,105,1039,2024-07-15 13:22:53,79,mobile
5898,105,1617,2024-06-09 10:56:00,134,web
5899,105,281,2024-10-17 16:23:36,32,smart_speaker
5900,105,1635,2023-09-27 12:11:09,181,smart_speaker
5901,105,1332,2023-06-15 00:54:27,87,desktop
5902,105,2381,2024-10-22 13:48:36,248,web
5903,105,20,2024-06-13 18:22:45,148,tablet
5904,105,611,2025-09-23 09:25:54,103,smart_tv
5905,105,1619,2024-04-18 12:43:52,152,mobile
5906,105,383,2025-03-06 10:05:47,51,desktop
5907,105,552,2025-10-19 17:15:08,30,smart_tv
5908,105,636,2023-10-28 07:03:51,60,smart_speaker
5909,105,358,2025-04-14 17:24:30,164,smart_tv
5910,105,1351,2024-07-20 22:09:19,57,smart_tv
5911,105,891,2024-11-03 01:39:20,327,web
5912,105,2084,2024-06-12 12:18:24,145,mobile
5913,105,1550,2024-12-12 16:11:47,245,web
5914,105,1478,2024-07-05 18:36:32,188,smart_speaker
5915,105,2378,2023-04-27 20:41:37,127,smart_tv
5916,105,2398,2024-11-18 21:29:48,237,mobile
5917,105,753,2023-08-03 05:43:03,131,smart_tv
5918,105,1126,2024-04-20 21:28:28,322,web
5919,105,2349,2024-06-23 18:15:10,83,tablet
5920,105,961,2024-11-30 12:51:40,200,mobile
5921,105,1102,2023-11-03 04:30:07,158,desktop
5922,105,1216,2025-08-01 02:14:48,83,smart_tv
5923,105,637,2024-10-29 17:02:44,80,mobile
5924,105,2038,2024-12-27 21:14:54,150,tablet
5925,105,1120,2023-08-18 18:38:41,53,desktop
5926,105,405,2023-10-16 19:58:04,204,tablet
5927,105,538,2025-09-30 01:45:27,57,web
5928,105,2419,2025-01-14 23:47:28,128,smart_speaker
5929,105,380,2025-11-03 22:32:51,204,smart_speaker
5930,105,116,2023-12-28 07:00:27,161,smart_tv
5931,105,836,2023-06-11 11:47:51,146,tablet
5932,105,414,2023-02-18 13:16:13,120,smart_speaker
5933,105,1497,2025-04-19 13:24:11,90,web
5934,105,2292,2024-05-22 20:45:26,37,smart_speaker
5935,105,843,2024-01-01 07:01:44,73,smart_tv
5936,105,415,2023-02-07 21:32:16,182,tablet
5937,105,849,2024-05-16 04:21:12,52,desktop
5938,105,1302,2025-10-07 00:46:55,139,web
5939,105,827,2025-11-10 00:53:04,120,tablet
5940,105,923,2023-04-12 15:43:15,119,smart_tv
5941,105,319,2025-07-29 12:38:58,202,web
5942,105,265,2024-08-14 10:09:40,147,desktop
5943,105,1427,2024-02-10 17:56:25,258,web
5944,105,349,2025-12-25 20:33:41,213,tablet
5945,105,865,2024-01-13 15:43:34,111,web
5946,105,2073,2023-09-16 10:53:47,195,tablet
5947,105,442,2025-01-23 01:20:08,240,smart_speaker
5948,105,2341,2023-08-07 15:14:35,206,web
5949,105,603,2023-02-20 15:37:43,233,smart_speaker
5950,105,545,2025-06-03 20:40:09,195,smart_speaker
5951,105,1044,2024-06-13 17:05:58,171,web
5952,105,171,2023-09-27 20:54:28,161,tablet
5953,105,1420,2024-12-16 22:09:41,90,web
5954,106,1711,2025-06-08 23:23:50,81,smart_speaker
5955,106,2640,2025-03-09 19:45:14,73,smart_tv
5956,106,721,2024-07-27 10:48:28,180,smart_speaker
5957,106,2479,2023-10-31 15:48:06,84,tablet
5958,106,1320,2024-01-22 12:11:10,244,tablet
5959,106,409,2023-11-08 04:02:11,141,smart_speaker
5960,106,1777,2023-06-22 09:35:55,130,desktop
5961,106,1697,2024-12-24 19:43:04,207,tablet
5962,106,1582,2023-05-07 23:17:20,140,mobile
5963,106,1759,2023-01-17 20:26:10,193,tablet
5964,106,988,2023-12-18 21:09:30,261,web
5965,106,82,2025-01-22 00:32:52,222,web
5966,106,971,2024-08-17 06:37:08,270,mobile
5967,106,521,2025-02-12 20:35:30,209,tablet
5968,106,1982,2023-01-07 07:24:44,243,smart_speaker
5969,106,1536,2024-01-07 19:14:31,235,mobile
5970,106,714,2023-06-17 19:10:31,262,smart_speaker
5971,106,2437,2024-04-15 00:53:27,30,web
5972,106,1589,2025-08-23 22:07:54,260,desktop
5973,106,2434,2024-10-24 01:17:39,258,desktop
5974,106,216,2024-02-28 20:40:04,75,smart_speaker
5975,106,1762,2023-09-21 14:59:49,130,mobile
5976,106,2523,2023-06-14 05:18:02,126,smart_tv
5977,106,2261,2025-09-10 00:45:59,261,tablet
5978,106,2287,2024-08-21 06:33:52,206,tablet
5979,106,2013,2024-02-06 13:06:04,33,mobile
5980,106,2489,2023-08-12 10:00:47,193,tablet
5981,106,1412,2024-01-19 07:59:45,60,smart_tv
5982,106,1372,2024-05-21 17:45:53,30,tablet
5983,106,1602,2023-06-09 16:55:09,141,mobile
5984,106,1209,2023-12-30 11:05:48,307,web
5985,106,1114,2023-03-17 21:44:37,88,smart_speaker
5986,106,1909,2023-07-15 06:26:48,246,smart_tv
5987,106,1953,2024-06-06 10:09:55,102,tablet
5988,106,1803,2024-10-11 14:19:52,105,web
5989,106,236,2025-06-22 21:45:21,67,mobile
5990,106,1057,2023-07-21 05:10:55,75,web
5991,106,254,2025-08-15 17:14:46,210,smart_tv
5992,106,806,2024-09-26 20:54:00,203,web
5993,106,231,2023-12-05 18:10:22,160,tablet
5994,106,2648,2024-05-15 09:48:29,112,smart_speaker
5995,106,2142,2023-10-17 00:12:31,78,mobile
5996,106,861,2023-08-19 19:03:05,248,smart_tv
5997,106,2097,2023-12-02 20:00:33,188,desktop
5998,106,1471,2025-04-12 07:22:55,216,smart_speaker
5999,106,2372,2023-06-17 21:11:22,148,smart_tv
6000,106,1677,2024-01-20 01:32:54,292,tablet
6001,106,2097,2024-08-31 15:40:53,105,desktop
6002,106,1369,2025-10-02 07:37:55,387,tablet
6003,106,929,2025-01-27 16:12:12,134,desktop
6004,106,1725,2024-09-21 12:40:05,120,smart_speaker
6005,106,2038,2023-05-31 14:41:17,49,smart_tv
6006,106,475,2024-11-10 04:44:28,219,desktop
6007,106,2609,2024-06-16 01:02:57,335,tablet
6008,106,1422,2023-10-31 08:16:09,167,tablet
6009,106,196,2024-10-22 04:49:18,296,smart_speaker
6010,106,1380,2025-02-19 16:31:33,129,web
6011,106,527,2025-07-31 19:29:08,97,smart_speaker
6012,106,1692,2024-01-01 19:01:27,45,smart_speaker
6013,106,2351,2024-12-18 06:04:33,210,desktop
6014,106,2133,2024-06-02 02:43:32,71,web
6015,106,2572,2024-03-05 20:39:52,92,smart_tv
6016,106,2378,2023-11-14 11:40:11,106,desktop
6017,106,349,2024-04-30 00:50:43,319,web
6018,106,487,2024-02-14 00:51:33,70,mobile
6019,106,1460,2024-01-28 03:23:41,188,web
6020,106,136,2025-06-19 16:17:03,132,smart_tv
6021,106,1595,2023-08-17 09:45:25,109,desktop
6022,106,2254,2024-07-14 08:57:01,283,tablet
6023,106,136,2024-04-25 09:12:55,35,tablet
6024,106,651,2025-11-06 09:30:53,207,smart_tv
6025,106,2608,2025-12-09 00:12:32,268,mobile
6026,106,824,2024-07-25 22:45:42,94,smart_tv
6027,106,1766,2024-08-13 20:50:11,148,mobile
6028,106,1855,2025-10-20 13:36:00,86,smart_speaker
6029,106,2489,2025-01-28 20:39:57,112,mobile
6030,106,2641,2023-01-01 17:15:07,37,smart_tv
6031,106,1449,2023-06-02 22:46:00,109,tablet
6032,106,95,2025-01-27 13:29:36,116,desktop
6033,106,1149,2024-09-26 00:31:43,56,tablet
6034,106,172,2024-02-27 10:53:05,90,web
6035,107,2045,2023-03-19 11:21:29,161,desktop
6036,107,2309,2023-08-24 10:00:59,65,mobile
6037,107,2407,2023-08-11 23:28:02,111,mobile
6038,107,863,2025-08-18 07:35:24,37,mobile
6039,107,735,2025-06-27 23:42:20,206,tablet
6040,107,184,2023-04-10 11:01:41,77,tablet
6041,107,1808,2024-02-03 19:01:20,202,smart_tv
6042,107,723,2025-08-16 07:43:14,44,web
6043,107,1424,2024-07-28 23:58:11,112,desktop
6044,107,986,2025-01-18 02:44:15,159,desktop
6045,107,2532,2023-02-13 08:43:32,94,smart_speaker
6046,107,2026,2024-06-19 19:59:53,275,web
6047,107,1200,2024-05-01 16:58:30,222,smart_speaker
6048,107,1160,2024-03-16 11:37:22,47,smart_tv
6049,107,950,2023-10-31 19:45:36,83,desktop
6050,107,2600,2025-05-16 23:34:58,308,tablet
6051,107,1698,2024-06-16 06:54:20,63,smart_speaker
6052,107,173,2023-11-18 20:06:02,178,smart_speaker
6053,108,218,2025-05-18 14:45:21,47,tablet
6054,108,366,2023-11-20 19:42:48,35,mobile
6055,108,1730,2023-03-18 04:10:03,237,web
6056,108,1044,2025-10-24 13:47:54,97,smart_speaker
6057,108,169,2023-11-09 18:44:19,217,web
6058,108,2319,2024-01-13 14:54:38,178,mobile
6059,108,1988,2025-11-26 18:29:32,153,web
6060,108,2562,2023-10-30 01:42:21,134,tablet
6061,108,958,2025-09-06 10:04:46,35,web
6062,108,1860,2023-06-22 11:31:17,170,web
6063,108,623,2023-06-05 03:30:45,350,smart_speaker
6064,108,654,2023-05-23 22:50:07,226,web
6065,108,70,2024-11-04 22:28:48,126,smart_speaker
6066,108,676,2023-12-08 08:33:45,47,smart_speaker
6067,108,1541,2024-12-17 14:43:14,111,web
6068,108,2135,2023-06-26 07:15:42,73,web
6069,108,112,2025-04-25 02:48:16,45,desktop
6070,108,965,2025-04-21 10:48:46,172,desktop
6071,108,1635,2025-06-15 15:11:16,378,smart_tv
6072,108,26,2025-11-15 17:41:03,101,web
6073,108,1458,2024-11-29 15:12:06,185,tablet
6074,108,983,2024-07-09 16:18:37,246,tablet
6075,108,1108,2025-10-21 06:34:27,62,mobile
6076,108,2482,2025-10-15 06:14:24,78,tablet
6077,108,1196,2024-12-02 03:48:59,124,smart_speaker
6078,108,1601,2024-01-22 19:53:32,181,smart_speaker
6079,108,1607,2023-09-10 11:58:10,186,mobile
6080,108,643,2023-12-26 16:30:08,287,web
6081,108,1075,2025-08-25 19:22:12,103,mobile
6082,108,924,2023-04-20 05:39:36,273,web
6083,108,1414,2025-08-25 20:37:18,49,tablet
6084,108,1314,2023-01-16 13:33:48,185,mobile
6085,108,2464,2025-09-25 09:40:00,42,web
6086,108,784,2025-08-24 09:33:19,375,tablet
6087,108,1964,2023-08-04 01:24:31,163,smart_tv
6088,109,990,2025-08-13 03:54:30,117,desktop
6089,109,2361,2025-09-19 21:44:57,75,mobile
6090,109,1569,2025-01-16 22:38:15,87,desktop
6091,109,873,2025-03-18 07:47:37,53,smart_tv
6092,109,1573,2024-05-12 00:59:45,85,tablet
6093,109,2213,2025-11-06 13:37:42,43,desktop
6094,109,1229,2025-06-14 12:49:02,129,smart_tv
6095,109,2135,2025-08-14 12:14:59,324,web
6096,109,702,2024-01-01 18:57:41,315,tablet
6097,109,2244,2024-06-20 01:52:11,199,web
6098,109,748,2023-02-12 06:47:20,67,mobile
6099,109,459,2025-09-12 14:31:45,119,web
6100,109,1492,2025-11-20 02:17:47,109,tablet
6101,109,1263,2025-05-05 06:40:36,109,smart_tv
6102,109,2436,2023-08-08 08:28:42,32,smart_tv
6103,109,1111,2023-03-30 10:59:00,123,mobile
6104,109,2251,2024-12-25 06:35:45,33,desktop
6105,109,552,2023-09-22 04:20:53,56,web
6106,109,1852,2024-12-09 18:44:03,114,smart_speaker
6107,109,2508,2023-03-26 21:32:56,47,tablet
6108,109,1029,2025-09-01 04:40:18,182,smart_speaker
6109,109,988,2025-06-10 22:38:24,68,mobile
6110,109,856,2023-10-01 07:45:21,33,web
6111,109,1124,2023-06-14 09:31:20,122,mobile
6112,109,941,2025-09-21 01:21:08,154,desktop
6113,109,2082,2023-04-15 23:09:33,44,desktop
6114,109,2448,2024-12-06 01:57:39,118,smart_speaker
6115,109,1400,2024-11-27 00:31:30,197,tablet
6116,109,469,2023-08-30 23:12:45,140,desktop
6117,109,1898,2023-03-28 17:49:16,58,smart_tv
6118,109,2488,2024-10-24 07:24:36,227,web
6119,109,867,2023-11-19 21:08:28,389,mobile
6120,109,741,2023-09-04 00:07:04,208,mobile
6121,109,1913,2024-08-24 09:05:55,139,smart_tv
6122,109,2182,2025-08-25 18:51:36,108,desktop
6123,109,484,2023-09-13 03:01:41,280,tablet
6124,109,1712,2023-09-07 03:21:48,42,desktop
6125,109,877,2024-04-15 12:44:22,216,smart_speaker
6126,109,1424,2025-05-22 14:20:15,75,web
6127,109,2551,2024-07-24 22:22:26,233,tablet
6128,109,1630,2023-09-05 23:01:36,62,smart_speaker
6129,109,701,2025-07-17 20:22:59,196,smart_speaker
6130,109,135,2025-06-25 09:09:33,259,web
6131,109,2322,2024-04-17 03:54:35,106,mobile
6132,109,1223,2025-02-13 07:50:59,123,desktop
6133,109,1799,2024-10-26 05:51:02,130,smart_tv
6134,109,2276,2023-09-30 10:25:24,208,smart_tv
6135,109,1197,2025-02-28 05:32:23,211,smart_speaker
6136,109,1755,2024-04-29 06:16:28,157,smart_tv
6137,109,1711,2025-06-25 12:34:53,213,web
6138,109,1325,2025-11-17 15:46:15,284,smart_tv
6139,109,19,2024-05-14 12:30:39,90,smart_speaker
6140,109,1667,2024-07-21 13:28:20,56,smart_tv
6141,109,1901,2025-07-19 15:11:38,178,smart_tv
6142,109,1148,2024-06-07 16:21:55,64,mobile
6143,109,1533,2025-06-29 03:50:46,194,mobile
6144,109,1283,2025-08-15 07:16:41,65,tablet
6145,109,1691,2025-02-20 12:09:47,88,mobile
6146,109,1272,2023-09-15 09:25:53,84,tablet
6147,109,1548,2025-08-06 03:42:49,285,smart_speaker
6148,109,1463,2023-03-14 01:24:28,309,mobile
6149,109,1227,2025-12-05 18:25:28,80,smart_tv
6150,109,28,2025-12-11 22:50:34,190,smart_tv
6151,109,903,2025-02-26 22:27:37,76,smart_speaker
6152,109,1521,2023-02-19 04:28:09,121,tablet
6153,109,419,2024-10-10 14:38:08,102,smart_tv
6154,109,1353,2023-01-01 02:10:12,191,web
6155,109,667,2023-02-12 21:06:27,357,smart_speaker
6156,109,647,2023-10-08 10:05:42,72,desktop
6157,109,451,2023-10-14 12:31:13,144,smart_speaker
6158,109,52,2023-09-29 04:00:06,327,web
6159,109,1154,2024-02-17 08:51:34,388,smart_tv
6160,109,551,2025-02-04 05:48:30,223,desktop
6161,109,1328,2023-05-30 00:18:20,180,smart_speaker
6162,109,1901,2024-02-14 10:03:36,150,web
6163,109,376,2024-05-04 12:19:42,79,desktop
6164,109,2447,2024-05-25 18:46:52,171,tablet
6165,109,2296,2025-07-18 10:00:25,153,web
6166,109,2238,2024-05-01 10:59:19,58,web
6167,109,930,2024-05-29 23:05:25,286,web
6168,109,1202,2025-06-05 05:03:26,47,smart_tv
6169,109,2419,2024-06-23 17:48:11,144,tablet
6170,109,2643,2025-10-03 05:33:33,183,web
6171,109,1392,2023-08-11 09:07:20,98,smart_speaker
6172,109,1940,2025-10-10 06:36:45,116,tablet
6173,109,325,2023-07-21 13:24:44,31,smart_speaker
6174,109,181,2023-04-13 03:03:38,170,mobile
6175,109,2034,2025-11-02 17:15:12,107,smart_speaker
6176,110,1022,2023-04-09 06:53:18,61,mobile
6177,110,1177,2025-08-01 07:26:20,246,desktop
6178,110,860,2024-10-20 02:05:37,36,smart_speaker
6179,110,2224,2025-08-05 20:25:07,54,mobile
6180,110,1289,2025-11-05 22:56:09,30,tablet
6181,110,1320,2025-07-29 02:10:52,229,web
6182,110,418,2025-08-18 17:32:26,261,web
6183,110,1103,2023-04-06 16:28:29,37,web
6184,110,1484,2025-08-16 11:42:34,281,tablet
6185,110,2130,2023-11-20 00:26:51,164,web
6186,110,1192,2024-07-09 12:42:33,169,desktop
6187,110,365,2023-01-26 14:21:55,183,desktop
6188,110,69,2025-11-15 23:38:14,160,tablet
6189,110,368,2025-03-08 23:07:47,125,smart_speaker
6190,110,2569,2024-09-24 08:30:59,112,tablet
6191,110,2336,2023-02-25 23:40:57,149,smart_speaker
6192,110,1815,2023-09-28 09:44:18,71,tablet
6193,110,143,2024-08-02 20:20:01,109,mobile
6194,110,1371,2023-07-07 15:38:51,54,smart_speaker
6195,110,840,2024-12-12 11:45:37,219,smart_tv
6196,110,1909,2023-01-04 11:02:19,244,smart_tv
6197,110,2373,2024-08-11 20:53:38,45,web
6198,110,1647,2023-05-24 23:12:53,246,smart_speaker
6199,110,1129,2023-06-25 03:26:55,138,tablet
6200,110,412,2023-09-24 22:29:33,168,tablet
6201,110,2280,2023-11-15 10:11:46,224,smart_speaker
6202,110,1283,2024-07-13 06:53:46,123,smart_speaker
6203,110,656,2025-01-22 10:55:22,267,web
6204,110,253,2025-12-12 19:25:12,239,smart_speaker
6205,110,2537,2023-07-24 02:56:27,99,smart_tv
6206,110,2454,2025-10-16 12:05:09,58,tablet
6207,110,1592,2025-05-25 03:21:08,94,smart_speaker
6208,110,118,2024-11-06 16:33:16,35,smart_speaker
6209,110,2642,2023-10-04 16:04:14,157,smart_tv
6210,110,510,2023-01-31 04:40:01,35,desktop
6211,110,923,2024-07-04 02:29:05,134,mobile
6212,110,564,2023-02-12 03:18:17,266,smart_speaker
6213,110,1061,2024-07-21 16:34:40,180,web
6214,110,1572,2025-06-25 11:51:18,58,tablet
6215,110,1923,2023-11-16 05:24:10,163,smart_speaker
6216,110,1071,2023-10-30 09:55:22,101,tablet
6217,110,2601,2025-10-22 23:13:52,84,desktop
6218,110,838,2025-01-10 11:00:45,75,smart_speaker
6219,110,2097,2025-12-15 15:06:49,167,smart_speaker
6220,110,349,2024-01-13 02:05:23,306,web
6221,110,1940,2025-04-01 09:00:28,93,mobile
6222,110,463,2025-05-21 17:37:58,75,web
6223,110,359,2023-07-06 09:24:19,214,desktop
6224,110,958,2025-01-05 04:08:14,108,tablet
6225,110,655,2023-11-20 20:03:52,81,mobile
6226,110,1090,2024-01-01 06:13:48,72,tablet
6227,110,334,2025-09-04 21:25:14,256,mobile
6228,110,1906,2023-06-02 16:20:02,104,smart_tv
6229,110,2062,2025-01-23 16:04:53,136,desktop
6230,110,1007,2025-03-03 02:05:50,154,smart_speaker
6231,110,2646,2023-03-05 14:10:46,95,web
6232,110,281,2023-10-26 05:36:17,118,desktop
6233,110,207,2025-02-27 08:36:28,66,desktop
6234,110,222,2024-04-19 04:03:34,174,smart_speaker
6235,110,1204,2025-10-20 10:10:42,91,tablet
6236,110,460,2025-07-26 20:28:25,155,smart_speaker
6237,110,2302,2023-06-02 09:11:48,242,tablet
6238,110,2401,2024-07-02 18:23:49,151,mobile
6239,110,141,2024-03-27 21:57:14,66,web
6240,110,1396,2025-08-24 11:42:13,181,mobile
6241,110,61,2025-12-28 13:01:44,230,web
6242,110,764,2025-03-05 03:18:23,180,desktop
6243,110,546,2024-03-03 04:29:55,54,smart_tv
6244,111,510,2025-04-17 13:54:21,364,desktop
6245,111,2568,2023-05-29 15:08:03,152,smart_tv
6246,111,2017,2025-11-16 01:47:22,171,desktop
6247,111,1055,2023-02-24 05:45:59,87,mobile
6248,111,1399,2025-11-03 00:47:22,151,smart_speaker
6249,111,699,2024-05-30 21:20:46,53,smart_tv
6250,111,915,2023-12-13 08:43:13,92,tablet
6251,111,2133,2023-06-28 23:39:45,59,smart_tv
6252,111,2052,2023-09-11 15:58:30,113,mobile
6253,111,335,2025-09-02 19:53:59,254,tablet
6254,111,639,2025-08-10 13:42:50,206,smart_tv
6255,111,2525,2024-10-12 01:10:20,171,tablet
6256,111,1179,2024-09-19 15:52:41,119,mobile
6257,111,379,2024-08-21 15:49:53,145,mobile
6258,111,2597,2023-03-25 04:12:45,136,desktop
6259,112,2106,2023-08-01 16:08:13,57,desktop
6260,112,1098,2023-01-16 07:31:15,147,web
6261,112,1547,2024-11-03 04:30:44,175,web
6262,112,2608,2025-09-15 04:51:53,202,web
6263,112,873,2024-08-27 02:15:31,49,smart_speaker
6264,112,524,2023-06-30 14:54:43,223,web
6265,112,1005,2024-05-31 19:46:55,41,web
6266,112,412,2023-06-12 21:56:29,91,tablet
6267,112,1050,2025-07-29 23:41:18,223,smart_speaker
6268,112,2376,2024-05-21 18:29:24,43,smart_speaker
6269,112,544,2025-05-25 05:48:59,72,smart_speaker
6270,112,1169,2025-03-01 06:59:25,161,tablet
6271,112,1113,2025-11-04 15:16:09,214,smart_speaker
6272,112,1139,2025-07-11 10:26:03,254,desktop
6273,112,1441,2024-04-02 20:49:09,149,desktop
6274,113,226,2024-03-24 16:54:06,280,tablet
6275,113,1256,2023-07-15 00:49:35,85,smart_tv
6276,113,1478,2024-10-01 21:42:29,89,smart_speaker
6277,113,1054,2025-06-30 13:30:23,30,tablet
6278,113,1574,2024-05-20 17:50:55,55,tablet
6279,113,1234,2024-02-06 17:08:12,108,smart_tv
6280,113,1488,2025-01-23 09:45:47,188,smart_speaker
6281,113,280,2024-03-30 05:46:10,192,desktop
6282,113,1299,2023-07-29 03:23:22,231,tablet
6283,113,1553,2024-05-08 23:58:09,38,smart_speaker
6284,113,2501,2023-12-23 06:19:15,42,tablet
6285,113,976,2023-05-08 17:10:18,273,smart_speaker
6286,113,1204,2023-08-30 04:20:41,49,desktop
6287,113,2442,2023-06-02 02:38:13,144,smart_tv
6288,113,2496,2025-08-17 04:21:30,285,tablet
6289,113,1068,2025-03-29 13:31:48,142,smart_speaker
6290,113,880,2025-01-27 13:53:05,278,smart_tv
6291,113,543,2024-11-16 12:48:06,407,mobile
6292,113,1483,2024-01-26 11:21:01,107,desktop
6293,113,1055,2023-06-29 13:20:39,72,tablet
6294,113,7,2023-11-13 05:21:24,164,web
6295,113,863,2024-03-03 06:46:19,55,desktop
6296,113,1180,2025-01-07 14:04:45,65,desktop
6297,113,941,2024-12-08 07:13:28,67,mobile
6298,113,1821,2024-04-07 04:25:53,47,smart_speaker
6299,113,1979,2024-06-20 18:34:05,140,smart_tv
6300,113,202,2025-11-14 05:59:48,43,smart_tv
6301,113,968,2023-09-08 09:47:01,60,smart_speaker
6302,113,2475,2025-05-15 08:10:48,199,web
6303,113,2276,2025-01-30 12:02:13,263,desktop
6304,113,927,2024-08-02 03:54:23,111,mobile
6305,113,3,2025-04-04 20:17:32,204,smart_speaker
6306,113,775,2025-09-21 10:52:12,88,tablet
6307,113,1460,2025-11-26 01:11:27,121,smart_tv
6308,113,928,2023-09-05 04:19:03,52,smart_speaker
6309,113,2473,2024-03-12 17:55:38,219,mobile
6310,113,250,2025-05-14 22:00:17,163,tablet
6311,113,2079,2025-05-26 00:31:05,391,web
6312,113,2370,2025-03-12 09:54:02,77,smart_speaker
6313,113,502,2023-06-04 21:29:20,184,smart_speaker
6314,113,1108,2023-10-09 16:59:41,317,mobile
6315,113,2036,2025-05-20 08:58:30,90,tablet
6316,113,553,2025-09-25 03:06:13,30,smart_tv
6317,113,1046,2023-10-22 16:31:12,81,web
6318,113,2410,2025-10-15 21:58:56,193,tablet
6319,113,771,2024-04-24 13:08:40,130,desktop
6320,113,1163,2025-05-25 21:24:35,146,web
6321,113,405,2025-07-14 12:39:09,143,desktop
6322,113,2562,2023-01-20 13:03:57,168,mobile
6323,113,2315,2025-11-14 13:04:56,140,desktop
6324,113,1193,2023-08-19 09:38:59,171,desktop
6325,113,2567,2023-02-19 14:36:52,42,smart_speaker
6326,113,2643,2023-05-06 21:41:14,204,web
6327,113,1883,2023-12-16 11:33:18,58,smart_tv
6328,113,790,2023-12-11 03:59:15,64,tablet
6329,113,2654,2023-12-20 06:37:38,31,web
6330,113,2113,2025-10-15 00:36:35,233,web
6331,113,2040,2023-09-23 04:25:08,186,tablet
6332,113,1967,2025-02-19 23:00:16,152,smart_speaker
6333,113,117,2025-01-24 21:08:42,60,desktop
6334,113,343,2023-09-17 10:49:06,123,smart_tv
6335,113,2538,2025-04-18 09:07:34,251,smart_speaker
6336,113,320,2023-03-19 10:32:49,105,tablet
6337,113,457,2025-06-02 18:11:28,287,web
6338,113,734,2025-01-01 07:10:10,113,tablet
6339,113,1192,2025-10-08 23:51:38,214,desktop
6340,113,153,2024-11-15 12:44:32,226,smart_speaker
6341,113,2388,2025-09-03 08:31:14,69,tablet
6342,113,588,2025-04-19 12:49:32,83,mobile
6343,113,369,2025-05-28 10:25:29,267,smart_tv
6344,113,2076,2025-06-14 04:37:54,75,mobile
6345,113,1746,2024-09-22 05:13:04,213,mobile
6346,113,437,2025-04-10 21:09:29,54,mobile
6347,113,1526,2024-03-04 19:42:30,181,mobile
6348,113,590,2024-12-26 02:27:57,86,smart_tv
6349,113,243,2023-07-01 23:05:00,94,desktop
6350,113,399,2024-08-27 05:34:50,100,tablet
6351,113,1931,2024-07-25 12:00:55,77,mobile
6352,113,138,2023-01-31 01:20:37,85,smart_tv
6353,113,1684,2025-04-14 21:20:53,208,smart_tv
6354,113,1279,2024-01-07 12:20:56,104,smart_tv
6355,113,2634,2024-01-03 19:37:04,310,tablet
6356,113,1848,2025-09-19 11:34:51,233,mobile
6357,113,2240,2024-02-23 15:03:43,235,tablet
6358,113,2060,2023-04-26 18:44:37,129,desktop
6359,113,195,2023-10-01 23:05:03,57,desktop
6360,113,2426,2023-05-01 20:08:33,98,desktop
6361,113,787,2024-09-24 07:50:18,129,smart_tv
6362,113,550,2024-05-27 22:52:09,58,mobile
6363,113,571,2025-07-14 11:18:23,296,mobile
6364,113,843,2023-05-15 06:25:40,43,desktop
6365,113,1560,2023-08-26 11:58:24,89,smart_tv
6366,113,101,2024-07-17 18:57:56,48,smart_tv
6367,113,1862,2025-11-12 02:03:24,105,smart_speaker
6368,114,1436,2023-09-06 15:48:28,108,smart_speaker
6369,114,655,2024-05-21 10:28:21,102,smart_tv
6370,114,1379,2025-12-29 09:59:03,202,tablet
6371,114,2025,2024-08-07 04:30:33,143,mobile
6372,114,1772,2025-07-24 00:50:50,41,tablet
6373,114,1518,2024-07-03 18:22:03,334,mobile
6374,114,846,2024-08-20 21:16:06,203,desktop
6375,114,1455,2024-03-14 06:50:10,70,desktop
6376,114,1807,2023-09-05 07:40:27,160,smart_tv
6377,114,1738,2024-12-02 23:52:56,226,web
6378,114,515,2023-09-17 23:46:08,134,web
6379,114,1974,2024-08-28 14:18:34,67,smart_tv
6380,114,1246,2025-09-27 10:39:40,255,smart_speaker
6381,114,49,2024-03-07 01:44:49,121,tablet
6382,114,681,2023-08-10 20:37:08,105,web
6383,114,700,2025-12-11 02:45:47,52,tablet
6384,114,2447,2024-10-24 23:15:48,163,desktop
6385,114,1501,2024-03-24 21:45:05,339,smart_tv
6386,114,2181,2023-03-23 17:01:23,126,tablet
6387,114,940,2025-01-19 04:56:44,51,smart_speaker
6388,114,1631,2023-03-04 03:22:13,385,web
6389,114,775,2024-03-26 13:52:15,138,smart_speaker
6390,114,2550,2025-01-24 16:37:53,86,mobile
6391,114,445,2024-10-27 04:24:19,41,mobile
6392,114,1426,2024-08-13 10:15:03,117,desktop
6393,114,2319,2025-07-25 16:48:09,219,desktop
6394,114,377,2023-05-29 22:12:31,409,web
6395,114,1303,2024-03-10 21:38:08,123,tablet
6396,114,20,2023-05-26 01:45:54,118,mobile
6397,114,1070,2023-11-28 22:25:54,268,smart_speaker
6398,114,250,2025-12-29 05:36:56,164,smart_tv
6399,114,2245,2023-02-11 13:19:12,165,smart_speaker
6400,115,1387,2025-03-30 03:14:51,213,web
6401,115,1513,2024-07-01 06:24:37,158,web
6402,115,920,2024-10-25 13:37:45,96,tablet
6403,115,1077,2025-09-11 08:06:04,173,smart_tv
6404,115,1529,2025-08-10 03:39:47,144,smart_speaker
6405,115,2315,2025-01-20 11:51:00,163,desktop
6406,115,1432,2024-03-30 07:16:02,112,web
6407,115,2380,2025-10-03 14:19:20,59,web
6408,115,1243,2023-11-27 21:04:30,226,smart_speaker
6409,115,687,2025-01-11 16:01:39,197,smart_tv
6410,115,2110,2024-02-02 09:33:11,329,smart_tv
6411,115,2163,2024-05-24 05:22:34,45,web
6412,115,1856,2025-03-22 16:05:00,250,web
6413,115,1766,2025-01-17 12:45:32,122,tablet
6414,115,953,2023-03-30 02:55:58,160,mobile
6415,115,1367,2025-04-03 05:35:07,32,smart_speaker
6416,115,1656,2024-11-13 02:05:04,297,web
6417,115,2439,2024-02-11 06:53:27,125,mobile
6418,115,441,2025-07-24 20:56:04,86,web
6419,115,651,2024-03-16 06:02:54,135,smart_tv
6420,115,291,2025-09-30 01:40:04,318,smart_speaker
6421,115,2431,2023-08-28 16:49:15,267,tablet
6422,115,701,2023-12-03 02:33:08,254,mobile
6423,115,84,2023-01-14 02:49:29,215,desktop
6424,115,2551,2024-07-25 21:43:18,227,desktop
6425,115,1304,2023-04-25 13:11:18,132,smart_speaker
6426,115,1991,2024-06-29 01:10:17,87,mobile
6427,115,1501,2023-11-13 18:18:38,122,mobile
6428,115,2305,2024-01-17 15:48:33,126,mobile
6429,115,907,2025-11-28 13:31:54,40,mobile
6430,115,1182,2024-04-29 07:23:52,238,tablet
6431,115,444,2025-08-23 21:34:12,91,desktop
6432,115,2312,2025-10-16 20:16:30,66,mobile
6433,115,235,2023-11-25 06:51:24,84,smart_tv
6434,115,1344,2025-04-04 05:41:07,33,smart_tv
6435,115,2328,2023-12-12 01:46:22,49,web
6436,115,2148,2025-07-07 17:40:06,166,mobile
6437,115,291,2023-05-22 23:23:36,263,mobile
6438,115,777,2023-02-22 14:29:36,93,web
6439,115,1985,2023-02-13 10:19:28,109,smart_tv
6440,116,2167,2024-02-15 20:28:53,240,smart_tv
6441,116,2421,2023-03-30 15:52:29,312,smart_tv
6442,116,1951,2025-12-20 08:42:24,149,smart_tv
6443,116,886,2025-09-16 12:01:38,84,smart_tv
6444,116,2340,2023-08-11 10:27:54,144,tablet
6445,116,2497,2023-09-21 03:25:44,155,tablet
6446,116,1695,2023-03-15 11:49:27,73,mobile
6447,116,67,2024-09-12 22:25:54,356,smart_speaker
6448,116,1813,2025-01-01 03:03:14,179,mobile
6449,116,7,2025-07-12 08:59:02,148,mobile
6450,116,259,2025-03-08 21:39:51,140,desktop
6451,116,1518,2025-09-05 05:38:57,233,smart_tv
6452,116,293,2025-04-25 08:27:01,32,smart_tv
6453,116,385,2023-01-06 00:31:55,164,tablet
6454,116,999,2024-12-05 21:40:21,40,mobile
6455,116,2047,2023-04-07 20:57:07,40,mobile
6456,116,26,2023-08-21 11:58:04,101,desktop
6457,116,479,2023-09-20 22:59:38,131,smart_speaker
6458,116,894,2025-08-11 21:21:15,35,tablet
6459,116,393,2023-02-25 13:10:38,61,mobile
6460,116,2237,2023-04-16 21:17:56,223,smart_speaker
6461,116,803,2024-02-22 06:27:58,180,mobile
6462,117,1565,2024-12-20 13:24:54,141,smart_speaker
6463,117,2123,2025-01-10 18:25:47,245,mobile
6464,117,163,2023-06-20 16:44:58,102,smart_speaker
6465,117,1249,2023-05-04 06:37:52,50,smart_tv
6466,117,940,2023-10-06 19:14:32,173,desktop
6467,117,622,2024-07-17 14:13:32,58,smart_speaker
6468,117,1562,2024-02-04 16:30:32,99,smart_speaker
6469,117,1350,2025-02-26 09:27:53,227,mobile
6470,117,1773,2024-11-23 22:34:56,104,mobile
6471,117,258,2025-01-22 22:15:16,35,desktop
6472,118,1038,2024-04-13 05:50:49,229,tablet
6473,118,1339,2023-02-25 23:25:48,110,web
6474,118,1129,2023-09-01 09:30:23,72,smart_speaker
6475,118,582,2024-05-20 19:13:55,164,web
6476,118,2150,2023-03-20 07:05:40,114,web
6477,118,1912,2024-06-20 09:21:56,109,tablet
6478,118,9,2023-09-23 01:31:20,105,desktop
6479,118,1032,2025-10-08 01:22:56,65,smart_tv
6480,118,882,2024-01-16 18:17:05,125,desktop
6481,118,931,2023-06-29 05:15:11,198,smart_tv
6482,118,2578,2024-05-12 15:19:01,177,smart_speaker
6483,118,1814,2025-02-12 04:59:35,271,mobile
6484,118,796,2023-08-27 15:51:57,30,desktop
6485,118,69,2024-09-14 08:11:34,53,web
6486,118,846,2025-08-14 07:39:17,356,desktop
6487,118,59,2024-01-01 05:22:48,43,smart_speaker
6488,118,1702,2024-11-29 10:46:09,247,web
6489,118,1894,2024-03-11 01:56:17,108,smart_speaker
6490,118,685,2023-10-04 08:05:51,160,web
6491,118,2004,2025-05-11 14:27:27,32,smart_tv
6492,118,800,2025-08-13 06:40:17,45,mobile
6493,118,1226,2025-08-08 22:12:17,251,desktop
6494,118,129,2025-12-20 06:09:37,128,smart_tv
6495,118,1604,2024-11-28 16:08:07,223,smart_tv
6496,118,716,2025-05-31 19:50:55,223,mobile
6497,118,2592,2023-09-01 08:39:46,141,web
6498,118,1278,2025-08-05 12:20:33,336,mobile
6499,118,2611,2023-03-06 13:35:38,62,web
6500,118,2019,2023-07-11 02:06:04,242,tablet
6501,118,2439,2024-05-23 23:30:14,251,tablet
6502,118,1314,2025-09-18 00:30:06,158,tablet
6503,118,1248,2024-09-24 07:22:31,74,smart_tv
6504,118,1892,2023-07-03 08:46:37,92,web
6505,118,2594,2024-11-30 08:47:39,58,tablet
6506,118,810,2024-01-31 14:39:21,72,smart_tv
6507,118,2057,2025-06-23 03:01:44,138,web
6508,118,715,2025-03-20 12:55:53,267,desktop
6509,118,599,2023-09-27 13:25:48,269,smart_tv
6510,118,1746,2024-05-12 17:52:07,161,web
6511,118,2189,2025-09-08 02:48:40,178,desktop
6512,118,2047,2024-04-18 23:39:42,334,tablet
6513,118,1755,2025-12-05 16:36:42,108,tablet
6514,118,2573,2024-03-03 09:51:16,112,mobile
6515,118,775,2023-02-16 17:01:42,122,mobile
6516,118,637,2025-09-26 04:15:02,55,tablet
6517,118,958,2024-08-20 16:23:24,83,tablet
6518,118,2308,2024-04-01 12:50:47,121,desktop
6519,118,2270,2025-05-09 06:14:54,74,desktop
6520,118,559,2024-01-22 13:20:31,108,tablet
6521,118,1003,2023-12-06 05:10:07,208,smart_tv
6522,118,1709,2025-03-10 13:13:28,112,desktop
6523,119,2453,2024-10-07 06:58:32,76,smart_tv
6524,119,1510,2024-04-16 02:34:39,339,web
6525,119,610,2025-10-29 07:48:33,32,desktop
6526,119,2519,2025-04-30 00:18:26,30,mobile
6527,119,827,2023-12-28 13:56:07,111,smart_tv
6528,119,2617,2024-09-08 06:46:23,67,smart_speaker
6529,119,320,2024-07-21 16:02:57,374,smart_tv
6530,119,1974,2023-01-13 11:20:36,80,tablet
6531,119,366,2023-06-28 22:57:46,40,tablet
6532,119,2165,2023-06-17 16:51:50,192,smart_tv
6533,119,630,2023-11-26 02:51:28,38,tablet
6534,119,997,2025-08-04 21:49:32,169,desktop
6535,119,2248,2023-04-24 21:12:24,58,tablet
6536,119,2234,2024-12-19 16:43:25,399,smart_tv
6537,119,1384,2023-03-02 15:58:43,325,mobile
6538,119,1542,2023-11-10 18:50:03,183,smart_tv
6539,119,2612,2024-07-19 21:43:22,41,tablet
6540,119,1799,2025-07-29 14:47:13,100,mobile
6541,119,1519,2023-04-10 23:17:50,49,web
6542,119,2473,2025-05-14 17:52:56,77,mobile
6543,119,125,2025-09-28 03:18:26,178,tablet
6544,119,1208,2023-12-10 05:58:49,33,mobile
6545,119,570,2024-12-14 16:47:44,154,desktop
6546,119,567,2023-01-22 23:07:44,376,smart_tv
6547,119,1376,2024-09-08 16:29:01,174,tablet
6548,119,599,2024-11-24 13:33:56,241,web
6549,119,773,2025-05-10 00:02:08,34,web
6550,119,2156,2023-09-26 22:53:35,127,desktop
6551,119,676,2024-09-03 09:33:42,143,smart_tv
6552,119,928,2025-12-15 14:35:17,194,mobile
6553,119,360,2024-04-25 15:06:51,93,mobile
6554,119,252,2024-12-13 17:03:23,116,desktop
6555,119,2445,2025-02-20 06:55:14,151,mobile
6556,119,1132,2023-06-18 23:33:09,98,desktop
6557,119,1769,2024-03-29 08:32:19,98,smart_speaker
6558,119,905,2023-02-17 17:58:40,126,web
6559,119,1054,2024-08-15 14:00:29,58,tablet
6560,119,815,2025-02-25 08:57:08,405,desktop
6561,119,2074,2023-04-09 05:50:23,135,smart_tv
6562,119,1231,2023-07-28 17:27:24,306,web
6563,119,2438,2024-05-01 04:37:12,189,mobile
6564,119,1458,2025-04-06 21:39:37,102,web
6565,119,1944,2024-02-08 05:16:35,93,smart_speaker
6566,119,2392,2024-03-30 21:01:32,280,tablet
6567,119,548,2025-02-28 14:47:04,180,smart_tv
6568,119,664,2025-10-09 08:47:12,186,tablet
6569,119,2487,2024-12-12 20:44:37,174,smart_speaker
6570,119,2416,2025-04-23 19:57:38,75,desktop
6571,119,1179,2024-06-11 23:09:24,206,web
6572,119,1209,2023-02-10 23:32:07,363,tablet
6573,119,621,2023-07-09 16:56:07,40,mobile
6574,119,462,2024-04-11 08:31:03,355,smart_speaker
6575,119,2504,2024-09-12 12:45:14,90,mobile
6576,119,1939,2024-11-23 02:18:29,164,tablet
6577,119,1146,2024-07-31 12:23:52,83,smart_speaker
6578,119,129,2024-06-22 02:31:00,142,web
6579,119,2540,2025-04-28 19:00:18,127,smart_tv
6580,119,525,2024-10-31 17:11:06,106,desktop
6581,119,881,2024-01-04 00:48:43,320,tablet
6582,119,989,2023-01-14 00:56:26,46,web
6583,119,2576,2023-07-18 14:37:08,197,tablet
6584,119,1439,2023-10-31 10:28:39,182,tablet
6585,119,751,2025-09-20 13:57:48,77,smart_tv
6586,119,845,2024-12-06 22:23:40,154,web
6587,119,894,2023-06-13 21:43:48,52,tablet
6588,119,648,2024-04-28 19:53:12,76,smart_speaker
6589,119,2005,2023-02-19 15:09:49,92,desktop
6590,119,390,2023-07-01 17:03:18,46,smart_tv
6591,119,1438,2023-07-09 09:34:19,281,desktop
6592,119,845,2024-07-20 18:12:03,172,desktop
6593,119,1685,2023-08-09 16:43:27,67,smart_speaker
6594,119,2589,2023-10-01 23:06:48,61,tablet
6595,119,355,2024-06-11 20:24:40,249,smart_speaker
6596,119,1266,2024-04-28 20:16:49,86,smart_speaker
6597,119,2030,2025-04-30 17:27:18,90,mobile
6598,119,1875,2023-04-17 07:35:16,148,tablet
6599,119,2493,2023-12-02 03:47:46,119,web
6600,120,2104,2025-11-23 16:09:21,179,mobile
6601,120,232,2024-06-27 10:02:39,101,smart_speaker
6602,120,714,2024-05-28 20:59:06,251,desktop
6603,120,1983,2023-11-27 18:24:15,342,smart_tv
6604,120,1150,2023-11-06 07:15:09,133,mobile
6605,120,1764,2023-05-09 01:48:24,108,mobile
6606,120,2639,2025-07-20 05:40:10,345,desktop
6607,120,2251,2024-10-15 12:47:22,199,smart_speaker
6608,120,1949,2025-05-17 08:59:28,105,desktop
6609,120,1934,2025-01-17 20:20:52,199,mobile
6610,120,1289,2023-12-12 05:25:51,131,web
6611,120,1802,2023-08-01 11:12:34,36,web
6612,120,2417,2024-11-13 20:53:48,211,mobile
6613,120,1573,2024-08-06 07:40:32,181,mobile
6614,120,2629,2023-07-19 12:17:02,405,smart_speaker
6615,120,1286,2024-09-06 19:53:09,198,smart_speaker
6616,120,1128,2024-03-28 12:48:12,40,smart_tv
6617,120,1170,2025-06-07 08:24:26,151,desktop
6618,120,407,2023-05-11 04:05:23,52,tablet
6619,120,1563,2025-09-16 21:09:24,392,smart_speaker
6620,120,1302,2024-04-29 22:45:46,37,desktop
6621,120,1585,2023-07-14 11:07:20,55,smart_speaker
6622,120,170,2024-09-02 18:49:27,213,web
6623,120,41,2024-01-17 09:58:15,222,smart_tv
6624,120,1024,2023-09-21 17:54:31,89,web
6625,120,1513,2023-07-10 03:36:37,170,tablet
6626,120,704,2023-08-13 15:36:06,334,web
6627,120,365,2024-10-26 03:52:28,211,smart_tv
6628,120,383,2023-11-06 13:19:38,45,smart_tv
6629,120,985,2025-08-21 07:44:26,161,smart_tv
6630,120,322,2025-10-03 14:38:13,373,tablet
6631,120,2094,2024-03-25 03:32:58,194,tablet
6632,120,1262,2023-11-05 20:43:57,45,mobile
6633,120,1902,2025-09-30 02:37:09,104,tablet
6634,120,1847,2025-01-29 02:15:22,90,tablet
6635,120,497,2025-10-04 00:36:53,67,smart_tv
6636,120,1419,2023-06-05 18:36:01,94,desktop
6637,120,398,2024-09-15 12:21:19,92,desktop
6638,120,717,2024-07-23 22:33:23,86,desktop
6639,120,1776,2023-11-02 19:12:37,40,tablet
6640,120,1871,2024-07-02 15:46:28,148,web
6641,120,2072,2024-08-12 21:56:09,236,mobile
6642,120,1857,2023-04-01 15:41:16,125,tablet
6643,120,96,2024-12-10 02:56:33,225,smart_tv
6644,120,1748,2023-03-11 07:12:59,269,smart_tv
6645,120,2358,2025-09-22 08:23:18,202,tablet
6646,120,79,2025-03-11 23:11:10,122,web
6647,120,607,2024-10-24 14:27:45,50,mobile
6648,120,1724,2025-03-07 18:10:25,187,smart_tv
6649,120,1526,2024-06-21 17:05:23,137,desktop
6650,120,1579,2024-01-31 13:41:09,93,tablet
6651,120,440,2025-10-04 10:10:52,211,tablet
6652,120,263,2023-10-08 14:35:31,99,mobile
6653,120,1065,2023-10-31 16:33:30,175,smart_tv
6654,120,2132,2024-03-16 10:53:52,293,desktop
6655,120,1304,2025-06-24 18:19:58,130,smart_tv
6656,120,206,2023-01-12 01:34:46,31,mobile
6657,120,2262,2025-10-22 09:50:37,205,desktop
6658,120,32,2025-03-08 22:03:36,92,mobile
6659,120,1588,2025-09-09 01:20:58,85,smart_speaker
6660,120,2259,2023-07-09 03:15:48,85,web
6661,120,2383,2025-09-07 20:28:14,104,smart_tv
6662,120,333,2025-05-29 20:21:49,54,smart_speaker
6663,120,2427,2025-06-13 07:41:43,236,desktop
6664,120,2290,2023-06-14 07:56:27,186,smart_speaker
6665,120,1958,2025-07-27 04:13:02,95,mobile
6666,120,1693,2024-05-31 11:27:07,31,mobile
6667,120,2150,2023-04-25 23:11:53,149,web
6668,120,1483,2024-12-10 07:16:43,245,web
6669,120,33,2023-06-09 07:11:56,160,mobile
6670,120,2130,2024-10-31 14:21:58,394,smart_tv
6671,120,1309,2023-07-14 08:57:36,94,smart_tv
6672,120,538,2024-04-20 16:26:45,182,mobile
6673,120,1368,2023-07-19 22:08:29,295,smart_speaker
6674,120,921,2023-09-19 01:33:16,95,mobile
6675,120,1654,2024-11-09 01:18:51,116,web
6676,120,330,2025-01-27 07:02:54,155,desktop
6677,120,319,2023-11-17 08:42:04,51,smart_speaker
6678,120,1888,2024-03-25 22:41:50,175,desktop
6679,120,474,2024-01-07 17:21:23,113,desktop
6680,120,2003,2025-11-16 16:47:57,139,desktop
6681,120,1412,2024-06-16 08:17:17,187,desktop
6682,120,2015,2024-10-19 05:19:03,219,mobile
6683,120,381,2025-03-16 17:37:15,95,tablet
6684,120,1792,2024-10-20 10:35:51,350,tablet
6685,120,452,2024-08-18 13:10:26,139,smart_speaker
6686,120,450,2024-12-09 00:00:40,116,smart_tv
6687,120,392,2024-05-27 04:42:18,158,smart_speaker
6688,120,796,2024-10-04 04:58:10,52,smart_speaker
6689,120,381,2023-10-31 06:24:39,177,mobile
6690,120,960,2024-06-02 11:00:58,42,desktop
6691,120,827,2024-03-16 00:20:56,81,mobile
6692,120,1940,2024-04-28 09:04:06,105,smart_tv
6693,120,2600,2025-02-23 12:12:42,255,tablet
6694,120,1827,2024-04-13 09:34:13,105,smart_tv
6695,121,1292,2024-04-18 03:04:09,159,smart_speaker
6696,121,584,2023-06-28 11:47:45,161,smart_tv
6697,121,892,2025-08-13 01:02:45,315,web
6698,121,725,2023-06-14 05:59:02,224,desktop
6699,121,1352,2024-05-21 09:26:46,160,smart_speaker
6700,121,2006,2025-01-01 18:52:39,173,mobile
6701,121,1440,2023-04-01 05:31:54,85,mobile
6702,121,1395,2023-04-13 23:23:27,136,tablet
6703,121,1554,2024-08-03 01:58:30,36,smart_speaker
6704,121,1704,2024-05-17 02:23:15,207,smart_tv
6705,121,2539,2025-05-24 01:22:13,139,web
6706,121,898,2025-04-27 10:12:15,92,tablet
6707,121,1201,2025-01-14 14:19:08,281,mobile
6708,121,936,2024-04-23 08:12:43,74,desktop
6709,121,1391,2024-01-06 06:29:57,295,web
6710,121,2622,2024-01-22 15:50:18,97,mobile
6711,121,105,2024-10-20 13:21:45,218,smart_tv
6712,121,555,2025-08-06 23:09:03,216,web
6713,121,2543,2024-11-23 02:45:42,245,smart_tv
6714,121,1502,2024-10-17 06:05:04,225,desktop
6715,121,175,2024-10-15 23:52:34,285,web
6716,121,202,2024-01-03 02:18:04,185,desktop
6717,121,877,2024-08-06 20:56:39,255,web
6718,121,1995,2024-12-06 11:48:25,161,tablet
6719,121,389,2023-02-21 23:54:43,158,desktop
6720,121,2398,2024-12-29 18:04:03,92,web
6721,121,459,2025-03-18 10:30:16,53,web
6722,121,226,2023-01-20 00:25:54,141,web
6723,121,1128,2023-02-24 15:21:15,109,web
6724,121,1006,2024-06-04 22:04:45,291,desktop
6725,121,1956,2025-11-28 19:57:38,88,smart_tv
6726,121,812,2025-12-03 23:11:30,99,mobile
6727,121,865,2023-05-04 20:43:10,115,mobile
6728,121,1791,2024-09-09 07:27:12,232,tablet
6729,121,1785,2025-12-27 00:31:45,122,mobile
6730,121,2055,2024-02-19 10:15:31,90,smart_speaker
6731,121,2082,2025-02-13 04:59:36,213,web
6732,121,2549,2024-12-26 11:07:55,164,smart_speaker
6733,121,2098,2024-04-18 02:51:13,119,smart_speaker
6734,121,2563,2025-12-30 11:09:30,122,smart_tv
6735,121,2537,2024-07-06 06:42:50,268,web
6736,121,2380,2025-01-11 03:11:22,73,mobile
6737,121,1198,2025-07-19 04:35:04,52,smart_tv
6738,121,2465,2024-04-01 06:15:03,136,mobile
6739,121,2652,2025-08-08 22:03:38,57,smart_tv
6740,121,2413,2023-10-02 20:02:05,145,web
6741,121,2340,2024-07-04 11:08:51,54,mobile
6742,121,2208,2025-10-05 15:30:14,134,desktop
6743,121,2021,2025-11-07 18:08:35,294,smart_tv
6744,121,1608,2025-03-19 03:22:21,249,smart_tv
6745,121,2221,2025-10-22 17:03:09,298,tablet
6746,121,599,2023-01-28 13:24:17,40,desktop
6747,121,768,2024-08-21 11:45:37,237,tablet
6748,121,248,2025-09-23 11:59:12,59,mobile
6749,121,1298,2023-08-06 04:30:29,163,mobile
6750,121,396,2024-02-28 10:33:54,416,desktop
6751,121,162,2024-11-19 03:30:05,238,tablet
6752,121,390,2023-12-13 08:22:22,85,tablet
6753,121,729,2025-05-24 08:38:10,174,smart_speaker
6754,121,1531,2025-01-10 00:59:10,253,mobile
6755,121,1019,2025-09-06 08:34:16,243,web
6756,121,290,2023-02-17 00:46:02,168,web
6757,121,2324,2023-09-13 16:14:31,223,web
6758,121,2420,2025-01-12 07:40:03,43,tablet
6759,121,1300,2023-11-17 00:31:48,96,smart_tv
6760,121,2224,2024-11-21 01:44:29,131,mobile
6761,121,588,2025-12-15 06:18:08,222,smart_speaker
6762,121,1838,2024-09-30 17:45:26,281,smart_tv
6763,121,624,2023-06-26 08:51:48,192,desktop
6764,121,1374,2024-04-11 01:36:18,194,smart_tv
6765,121,280,2024-03-12 02:53:53,146,mobile
6766,121,1411,2023-11-03 14:47:47,200,smart_speaker
6767,121,2568,2023-10-24 23:17:46,380,tablet
6768,121,2288,2025-09-22 09:19:30,215,desktop
6769,121,272,2023-10-04 21:43:34,42,mobile
6770,121,2130,2024-05-30 09:19:34,325,mobile
6771,121,1278,2023-03-16 03:36:41,45,desktop
6772,121,1146,2023-06-11 13:27:56,203,smart_tv
6773,121,132,2023-11-30 20:59:26,133,web
6774,121,1031,2023-10-12 18:49:27,143,desktop
6775,121,2011,2024-01-21 15:25:57,85,mobile
6776,121,838,2024-04-09 09:18:45,134,web
6777,121,611,2024-04-28 14:54:07,38,tablet
6778,121,2566,2024-11-14 05:58:05,93,smart_speaker
6779,121,2345,2025-01-19 07:12:35,231,desktop
6780,121,307,2025-01-16 03:48:58,270,smart_speaker
6781,121,1206,2023-08-08 04:57:01,186,desktop
6782,121,404,2023-02-24 11:14:33,83,smart_tv
6783,121,557,2025-02-09 02:08:18,166,smart_speaker
6784,121,547,2023-05-06 16:26:14,117,mobile
6785,121,1967,2024-06-07 15:26:12,40,web
6786,121,2009,2025-11-28 08:00:54,175,smart_tv
6787,121,967,2023-05-05 13:13:57,87,desktop
6788,121,1122,2025-12-03 21:09:33,60,web
6789,121,1125,2025-06-30 12:48:17,229,mobile
6790,121,2550,2024-10-14 01:15:42,111,mobile
6791,121,2500,2024-09-07 18:40:10,130,desktop
6792,121,1972,2023-05-23 18:30:10,100,tablet
6793,121,1984,2023-03-22 00:36:55,138,tablet
6794,122,2177,2025-12-06 16:12:32,251,smart_speaker
6795,122,1786,2023-09-11 01:40:57,84,smart_tv
6796,122,2096,2024-07-31 22:28:53,144,smart_tv
6797,122,396,2025-11-16 06:36:34,267,mobile
6798,122,729,2023-04-13 06:29:13,324,smart_speaker
6799,122,2338,2023-10-30 20:59:59,339,mobile
6800,122,2018,2024-08-12 19:39:09,214,web
6801,122,1960,2023-01-02 14:48:57,155,web
6802,122,47,2023-01-03 05:50:41,95,desktop
6803,122,2649,2024-11-12 06:28:51,325,smart_tv
6804,122,659,2024-03-05 18:11:23,108,tablet
6805,122,750,2024-11-18 07:54:34,288,tablet
6806,122,803,2023-01-01 02:54:21,32,desktop
6807,122,2484,2025-04-26 18:44:56,284,smart_speaker
6808,122,2610,2023-03-04 02:50:43,245,tablet
6809,122,1736,2024-06-12 22:15:00,318,tablet
6810,122,2445,2023-05-17 04:55:31,168,smart_tv
6811,122,2224,2025-09-29 19:15:36,107,smart_speaker
6812,122,2094,2025-01-25 20:28:35,169,smart_speaker
6813,122,793,2025-12-21 12:18:02,75,mobile
6814,122,859,2025-06-22 00:43:07,102,desktop
6815,122,1549,2025-05-08 21:54:20,236,smart_speaker
6816,122,1929,2023-02-09 19:41:47,195,web
6817,122,848,2024-12-31 19:10:54,123,tablet
6818,122,2012,2025-04-05 08:12:10,218,tablet
6819,122,1343,2025-01-22 00:59:02,391,web
6820,122,1584,2024-05-18 18:41:03,84,mobile
6821,122,2376,2023-08-11 15:02:59,163,web
6822,122,1715,2024-03-23 04:33:14,82,mobile
6823,122,2070,2023-06-23 09:40:03,143,desktop
6824,122,615,2023-09-27 05:15:18,74,smart_tv
6825,122,1519,2023-01-30 14:33:56,162,mobile
6826,122,566,2023-09-12 04:28:16,245,smart_tv
6827,122,1254,2024-01-06 13:03:52,207,tablet
6828,122,13,2025-06-07 13:31:17,173,tablet
6829,122,1515,2025-10-01 20:58:15,257,desktop
6830,122,402,2024-03-21 00:22:58,175,desktop
6831,122,1737,2024-10-17 09:05:45,120,desktop
6832,122,1038,2025-02-02 05:26:42,254,smart_tv
6833,122,10,2023-11-09 22:01:58,314,desktop
6834,122,2058,2023-04-03 06:09:49,153,mobile
6835,122,250,2023-03-18 01:14:21,66,tablet
6836,122,1295,2025-03-27 12:27:23,300,web
6837,122,1756,2024-02-28 20:02:52,87,web
6838,122,1884,2025-10-14 21:12:56,330,desktop
6839,122,2449,2025-07-25 17:35:23,129,smart_speaker
6840,122,1960,2025-07-25 19:09:46,92,web
6841,122,2621,2023-12-14 17:25:49,343,desktop
6842,122,1007,2025-02-24 05:23:21,80,web
6843,122,803,2025-03-29 15:19:26,144,smart_tv
6844,122,2269,2025-03-06 22:28:49,137,smart_speaker
6845,122,1633,2025-03-21 21:42:55,178,smart_speaker
6846,122,613,2024-06-20 17:05:41,292,mobile
6847,122,1833,2023-11-23 20:02:31,172,web
6848,122,1777,2025-04-16 13:33:03,43,smart_tv
6849,122,1428,2023-10-08 10:56:04,66,desktop
6850,122,1363,2023-02-27 16:52:05,155,web
6851,122,2471,2025-09-08 11:32:08,108,desktop
6852,122,1966,2025-04-24 04:10:03,155,desktop
6853,122,2588,2024-07-13 02:23:06,98,mobile
6854,122,2375,2025-07-26 17:03:49,163,mobile
6855,122,1544,2025-03-13 05:18:13,62,smart_speaker
6856,122,1655,2023-02-17 08:23:58,115,desktop
6857,122,855,2024-03-25 10:27:32,75,smart_speaker
6858,122,2527,2024-06-29 01:20:23,44,smart_speaker
6859,122,1617,2024-12-21 07:55:29,49,web
6860,122,632,2024-09-26 07:29:03,199,web
6861,122,1778,2023-10-15 13:01:26,166,mobile
6862,122,232,2024-11-29 07:26:47,133,smart_tv
6863,122,1872,2024-11-21 03:49:13,305,smart_tv
6864,122,1816,2025-11-07 21:05:10,212,desktop
6865,122,2465,2025-01-18 23:52:26,49,smart_speaker
6866,122,277,2025-08-03 17:50:56,53,tablet
6867,122,2361,2024-11-11 04:08:42,165,smart_tv
6868,122,2054,2025-06-10 22:12:03,321,desktop
6869,122,890,2023-02-21 06:22:03,76,desktop
6870,122,1991,2024-03-11 22:38:32,35,web
6871,122,1739,2023-09-03 04:24:22,161,desktop
6872,122,1589,2023-07-02 07:04:32,58,web
6873,122,965,2024-01-11 07:58:05,68,tablet
6874,122,2278,2025-12-12 10:00:24,271,smart_tv
6875,122,770,2024-08-28 02:48:37,119,mobile
6876,122,2164,2025-04-13 11:53:02,100,smart_speaker
6877,122,455,2025-08-11 23:43:45,167,smart_tv
6878,122,1612,2023-05-06 22:12:34,57,desktop
6879,122,2377,2024-04-12 19:31:38,40,smart_tv
6880,122,976,2024-07-19 23:11:38,271,desktop
6881,122,1084,2024-12-26 14:59:43,133,desktop
6882,122,2456,2025-05-05 12:47:41,119,smart_tv
6883,122,604,2024-09-08 07:30:04,297,tablet
6884,122,142,2023-01-18 11:15:12,149,desktop
6885,122,2265,2025-11-17 12:33:11,183,desktop
6886,122,2082,2025-10-04 03:43:10,212,web
6887,122,1454,2025-03-26 01:08:33,34,mobile
6888,122,2372,2025-08-24 02:41:58,160,smart_tv
6889,122,1777,2025-12-02 20:21:01,119,smart_speaker
6890,122,660,2025-12-19 04:11:42,98,web
6891,122,1283,2025-12-08 00:16:59,34,tablet
6892,123,1095,2025-08-15 10:55:06,44,tablet
6893,123,2062,2024-12-26 17:12:48,87,tablet
6894,123,2488,2025-01-27 17:31:58,125,tablet
6895,123,925,2024-03-21 23:43:35,194,desktop
6896,123,1564,2024-04-01 05:06:20,188,smart_speaker
6897,123,1605,2023-06-05 20:35:25,213,mobile
6898,123,1997,2025-02-14 21:32:54,122,smart_speaker
6899,123,2479,2025-09-15 00:04:31,257,smart_tv
6900,123,584,2023-08-21 05:43:15,71,desktop
6901,123,1759,2024-04-22 15:30:59,223,web
6902,123,347,2024-05-17 22:21:57,153,desktop
6903,123,140,2023-01-17 06:38:24,105,smart_tv
6904,123,46,2023-07-30 23:24:37,147,tablet
6905,123,246,2025-01-09 20:02:00,245,smart_tv
6906,123,2505,2024-12-31 16:40:19,207,smart_tv
6907,123,2307,2024-01-13 20:32:34,305,web
6908,123,159,2024-05-10 19:59:20,57,tablet
6909,123,1468,2024-01-09 07:47:07,313,smart_tv
6910,124,2435,2025-11-18 10:43:49,35,mobile
6911,124,1782,2025-03-12 03:29:53,48,desktop
6912,124,154,2025-02-12 13:15:31,73,mobile
6913,124,224,2023-02-09 07:09:07,133,smart_speaker
6914,124,2531,2025-11-28 16:19:28,50,tablet
6915,124,1499,2025-04-02 22:14:04,118,smart_speaker
6916,124,898,2025-06-28 10:06:14,144,web
6917,124,643,2023-08-12 03:41:40,162,tablet
6918,124,1306,2024-07-06 21:43:57,271,smart_tv
6919,124,1388,2023-10-11 20:56:34,84,desktop
6920,124,521,2023-05-30 00:01:39,107,web
6921,124,2196,2025-08-13 10:07:50,109,tablet
6922,124,344,2023-10-22 10:24:15,348,smart_speaker
6923,124,2354,2024-08-03 09:33:46,365,mobile
6924,124,1832,2024-09-16 12:37:47,174,smart_speaker
6925,124,816,2023-11-21 01:31:35,56,desktop
6926,124,2260,2023-05-03 22:25:02,70,smart_tv
6927,124,2392,2024-05-23 04:56:56,51,smart_tv
6928,124,55,2024-06-26 12:06:53,252,smart_speaker
6929,124,1513,2023-04-12 05:32:49,33,smart_tv
6930,124,855,2024-09-30 18:44:31,261,mobile
6931,124,261,2023-08-06 18:14:35,162,smart_tv
6932,124,1194,2023-03-05 17:56:15,287,web
6933,124,464,2023-04-10 04:22:16,146,desktop
6934,124,102,2025-12-02 23:05:48,222,smart_speaker
6935,124,2463,2023-12-23 01:15:53,136,smart_speaker
6936,124,596,2023-04-18 13:48:33,100,tablet
6937,124,543,2025-04-26 23:28:30,255,smart_speaker
6938,124,2388,2025-07-24 22:43:00,327,smart_speaker
6939,124,1625,2023-07-29 15:32:32,288,smart_speaker
6940,124,961,2023-01-12 13:34:26,194,desktop
6941,124,2264,2024-03-21 16:19:39,44,tablet
6942,124,592,2023-04-27 01:40:40,158,tablet
6943,124,194,2024-05-12 18:04:13,128,mobile
6944,124,2293,2023-10-22 19:37:30,220,mobile
6945,124,2339,2023-05-30 01:10:26,68,web
6946,124,1673,2023-03-24 21:59:59,97,web
6947,124,2238,2024-07-03 17:48:17,125,smart_speaker
6948,124,2324,2024-10-16 01:27:20,113,tablet
6949,124,2512,2025-05-06 21:57:43,47,smart_speaker
6950,124,1114,2024-02-28 01:34:26,33,smart_speaker
6951,124,991,2025-04-24 11:22:28,242,smart_tv
6952,124,1447,2024-04-23 05:32:44,88,mobile
6953,124,2549,2023-10-18 02:25:40,261,smart_tv
6954,124,2628,2023-03-21 21:57:50,220,tablet
6955,124,2091,2024-12-11 11:34:01,108,smart_speaker
6956,124,1934,2023-02-27 08:58:07,202,smart_tv
6957,124,1559,2023-08-26 22:47:43,145,mobile
6958,124,194,2024-07-31 03:19:59,130,mobile
6959,124,2394,2025-10-04 18:14:17,188,tablet
6960,124,2565,2024-08-30 22:06:15,85,tablet
6961,124,44,2023-06-01 06:55:29,47,web
6962,124,906,2024-06-03 16:13:14,43,smart_tv
6963,124,1617,2025-09-03 03:32:11,77,smart_tv
6964,124,1773,2023-03-27 21:32:08,214,mobile
6965,124,1430,2025-08-17 08:50:25,32,smart_speaker
6966,124,1478,2025-09-27 07:04:19,125,web
6967,124,1876,2024-10-27 04:24:55,114,smart_tv
6968,124,2203,2025-06-11 10:27:22,84,smart_tv
6969,124,2347,2025-12-22 16:56:02,61,smart_speaker
6970,124,395,2025-07-23 22:14:50,187,smart_tv
6971,124,1092,2023-12-17 16:38:02,266,desktop
6972,124,2323,2025-07-11 02:04:45,35,web
6973,124,782,2024-05-20 19:29:18,252,desktop
6974,124,339,2025-12-13 22:41:39,228,mobile
6975,124,2427,2023-07-13 18:59:46,36,desktop
6976,124,1867,2024-10-18 11:11:44,130,tablet
6977,124,2037,2023-04-21 16:15:16,108,desktop
6978,124,1029,2025-11-15 11:18:37,196,desktop
6979,124,690,2023-05-06 07:12:42,81,mobile
6980,124,2591,2025-06-21 09:02:43,55,desktop
6981,124,1790,2025-10-03 16:29:29,136,web
6982,124,548,2023-12-31 08:48:16,154,smart_tv
6983,124,788,2025-09-09 09:39:32,171,mobile
6984,124,898,2024-01-23 07:38:25,30,smart_speaker
6985,124,2201,2024-01-14 01:22:09,80,tablet
6986,124,1516,2023-09-10 09:42:59,93,smart_tv
6987,124,2188,2023-01-21 07:01:00,83,tablet
6988,124,1581,2023-12-03 21:24:54,130,web
6989,124,741,2025-03-10 23:36:08,256,tablet
6990,124,2594,2023-08-27 07:31:54,123,smart_tv
6991,124,1311,2024-09-18 16:16:01,153,smart_speaker
6992,124,1609,2024-10-05 00:29:04,38,web
6993,124,1367,2025-05-10 07:05:08,50,mobile
6994,124,204,2024-07-13 17:12:49,314,smart_speaker
6995,124,1433,2025-12-22 17:10:41,140,smart_speaker
6996,124,475,2024-05-23 22:47:36,270,tablet
6997,124,218,2023-05-24 17:45:26,139,tablet
6998,124,1105,2023-12-10 02:41:08,117,smart_speaker
6999,124,1365,2024-12-06 08:27:34,306,mobile
7000,124,2294,2025-09-14 12:49:05,42,smart_tv
7001,124,1860,2025-08-22 16:22:03,100,smart_speaker
7002,124,437,2024-03-14 03:27:39,301,smart_speaker
7003,125,1424,2025-11-06 08:26:43,192,mobile
7004,125,1209,2024-02-26 03:20:09,248,smart_tv
7005,125,380,2025-07-15 19:40:52,198,smart_speaker
7006,125,1398,2024-01-28 07:15:26,58,smart_tv
7007,125,382,2023-02-25 04:47:18,30,smart_tv
7008,125,1489,2024-10-06 17:17:20,102,smart_tv
7009,125,1602,2024-10-27 04:18:06,167,smart_speaker
7010,125,1483,2024-03-27 06:25:11,190,web
7011,125,1363,2023-12-31 23:20:41,192,web
7012,125,1635,2023-12-08 11:55:46,284,smart_tv
7013,125,1744,2024-11-04 12:16:20,122,smart_speaker
7014,125,2543,2024-07-01 02:47:30,346,smart_speaker
7015,125,187,2023-09-20 00:59:46,369,desktop
7016,125,1129,2024-03-13 09:47:42,97,desktop
7017,125,2299,2023-06-08 21:21:38,139,desktop
7018,125,756,2024-08-15 04:04:33,84,tablet
7019,125,2091,2024-04-26 03:23:15,187,web
7020,125,442,2025-03-28 21:03:48,230,mobile
7021,125,1279,2024-08-20 23:07:37,143,desktop
7022,125,2248,2025-03-13 16:56:43,89,smart_tv
7023,125,893,2024-06-04 15:21:29,98,mobile
7024,125,1533,2023-11-17 23:57:20,81,mobile
7025,125,1478,2023-05-08 11:35:30,191,desktop
7026,125,317,2025-11-18 13:08:02,280,desktop
7027,126,1766,2023-06-26 14:23:50,85,smart_tv
7028,126,20,2023-09-12 12:56:56,154,smart_speaker
7029,126,1186,2025-01-07 14:37:19,126,tablet
7030,126,1257,2024-12-09 17:52:44,103,desktop
7031,126,1826,2023-09-23 08:17:14,221,desktop
7032,126,929,2025-08-22 01:24:17,58,smart_tv
7033,126,1558,2023-04-29 06:49:01,238,smart_speaker
7034,126,658,2023-09-22 08:00:52,207,smart_speaker
7035,126,2238,2024-06-13 22:03:59,115,smart_speaker
7036,126,1120,2025-10-24 15:32:24,55,mobile
7037,126,883,2025-09-12 19:13:12,190,web
7038,126,2030,2024-04-17 21:19:42,31,smart_speaker
7039,126,1833,2024-04-22 14:22:34,144,tablet
7040,126,114,2024-12-02 13:45:26,129,smart_speaker
7041,126,1953,2023-08-24 07:39:58,177,web
7042,126,1720,2023-06-12 02:35:59,279,tablet
7043,126,1669,2024-06-14 13:51:58,254,smart_tv
7044,126,2416,2025-06-07 03:54:51,44,smart_tv
7045,126,511,2025-02-26 06:20:34,92,web
7046,126,1185,2024-02-12 20:17:01,106,tablet
7047,126,510,2023-05-15 02:36:36,289,mobile
7048,126,2447,2024-05-06 06:55:25,163,tablet
7049,126,1283,2023-05-02 01:22:00,62,tablet
7050,126,428,2024-07-27 10:09:11,46,smart_speaker
7051,126,1770,2024-01-04 00:02:21,189,smart_speaker
7052,126,1029,2023-01-10 10:05:32,47,smart_tv
7053,126,357,2025-11-08 02:47:58,261,mobile
7054,126,1560,2024-01-27 08:14:59,185,mobile
7055,126,1247,2024-04-20 06:10:13,196,desktop
7056,126,1006,2025-02-03 16:34:06,208,desktop
7057,126,83,2023-05-30 17:03:57,214,smart_tv
7058,126,2511,2023-05-29 13:15:05,171,smart_tv
7059,126,448,2024-08-12 16:29:22,380,tablet
7060,126,314,2024-06-28 19:09:40,272,desktop
7061,126,770,2025-01-08 03:38:00,138,smart_speaker
7062,126,1107,2023-01-12 04:38:51,346,mobile
7063,126,826,2024-02-19 23:19:04,66,web
7064,126,2013,2025-02-26 07:55:53,47,mobile
7065,126,2534,2023-01-09 22:59:31,279,mobile
7066,126,2351,2024-08-04 12:21:30,153,web
7067,126,419,2025-10-17 14:15:34,183,tablet
7068,126,417,2024-04-29 02:20:58,213,mobile
7069,126,1146,2025-06-23 18:12:14,249,web
7070,126,1472,2024-05-22 19:24:28,98,desktop
7071,126,2223,2025-01-25 11:56:13,138,smart_tv
7072,126,2249,2023-02-26 08:42:35,269,desktop
7073,126,2437,2024-09-04 02:59:31,248,web
7074,126,320,2025-03-14 20:18:19,55,smart_speaker
7075,126,1054,2024-01-10 18:13:08,163,smart_speaker
7076,126,281,2024-08-17 09:04:42,306,tablet
7077,126,2169,2023-08-06 08:37:39,269,web
7078,126,696,2023-10-31 12:10:57,35,smart_speaker
7079,126,2475,2023-02-18 20:48:44,146,mobile
7080,126,1277,2024-08-21 08:05:48,100,tablet
7081,127,14,2024-01-02 18:32:31,35,web
7082,127,29,2024-08-09 16:11:50,31,tablet
7083,127,1465,2023-07-13 05:07:14,202,smart_speaker
7084,127,2518,2023-03-15 21:50:22,160,mobile
7085,127,2103,2025-01-14 17:38:05,89,desktop
7086,127,217,2023-02-14 07:32:09,120,smart_tv
7087,127,2614,2024-08-09 14:30:49,152,web
7088,127,569,2024-12-10 21:23:22,76,desktop
7089,127,847,2025-02-09 21:23:01,143,smart_tv
7090,127,2512,2024-05-18 06:42:59,45,tablet
7091,127,851,2023-08-16 00:33:07,362,smart_tv
7092,127,184,2024-05-30 16:00:25,329,mobile
7093,127,1067,2024-12-22 07:21:47,89,tablet
7094,127,864,2024-05-23 13:16:57,66,desktop
7095,127,1714,2025-10-17 11:03:14,76,tablet
7096,127,2416,2023-11-17 01:23:24,43,tablet
7097,127,857,2025-05-25 02:36:18,149,desktop
7098,127,1251,2024-07-27 11:01:01,79,desktop
7099,127,1421,2025-08-12 16:59:53,105,smart_tv
7100,127,1213,2023-08-14 08:28:40,245,mobile
7101,127,2595,2024-08-13 01:38:14,61,web
7102,127,105,2025-08-05 16:48:45,317,smart_speaker
7103,127,1878,2023-08-31 20:35:52,149,tablet
7104,127,46,2025-12-24 10:23:05,110,mobile
7105,127,1059,2025-10-14 01:55:23,119,desktop
7106,127,469,2024-08-23 19:09:04,104,mobile
7107,127,283,2025-08-02 12:16:47,344,mobile
7108,127,820,2024-11-05 12:30:16,123,smart_tv
7109,127,1272,2023-03-18 17:05:38,112,desktop
7110,127,1478,2024-03-24 05:20:50,74,smart_tv
7111,127,167,2023-03-07 11:24:12,135,desktop
7112,127,2212,2025-09-30 09:57:06,177,web
7113,127,751,2023-09-17 19:42:00,54,smart_speaker
7114,127,1064,2023-11-13 08:27:34,122,smart_tv
7115,127,2496,2025-08-14 22:41:30,126,smart_speaker
7116,127,2648,2025-07-16 06:14:47,193,smart_speaker
7117,127,1232,2024-07-24 13:17:29,173,smart_speaker
7118,127,685,2023-08-30 17:32:41,113,mobile
7119,127,2626,2025-01-19 16:09:29,101,smart_tv
7120,127,1320,2023-10-01 07:33:56,168,smart_speaker
7121,127,1824,2024-12-13 03:08:54,211,smart_tv
7122,127,1501,2024-05-03 20:17:34,82,desktop
7123,127,2110,2025-03-08 01:17:36,374,smart_speaker
7124,127,1365,2024-11-07 17:50:39,133,smart_speaker
7125,127,771,2024-10-27 02:52:51,281,smart_tv
7126,127,1735,2024-06-23 03:12:13,262,mobile
7127,127,861,2023-05-05 17:13:03,31,mobile
7128,127,687,2023-07-18 06:01:40,66,desktop
7129,127,920,2025-09-27 10:23:33,224,web
7130,127,2113,2025-02-04 20:51:01,121,desktop
7131,127,2626,2025-11-22 18:48:02,231,tablet
7132,127,732,2023-04-25 11:37:59,107,tablet
7133,127,2095,2023-11-30 04:28:12,201,tablet
7134,128,1359,2024-12-06 08:53:45,103,smart_speaker
7135,128,2075,2025-03-28 16:46:45,89,smart_speaker
7136,128,1741,2025-03-19 07:43:51,132,smart_speaker
7137,128,521,2024-07-16 08:58:39,68,tablet
7138,128,1173,2023-12-01 04:38:07,39,smart_speaker
7139,128,788,2024-06-14 15:41:46,206,desktop
7140,128,1392,2023-09-26 13:24:26,62,tablet
7141,128,259,2025-01-31 11:30:04,130,web
7142,128,1174,2024-08-12 23:05:06,245,mobile
7143,128,1772,2025-04-07 07:43:42,122,smart_speaker
7144,128,2623,2025-05-27 19:29:56,68,web
7145,128,1048,2024-12-31 10:53:58,82,tablet
7146,128,1949,2024-05-13 11:39:20,136,mobile
7147,128,71,2025-04-27 11:18:39,41,web
7148,128,315,2023-03-02 10:08:59,57,mobile
7149,128,665,2023-10-06 20:38:30,56,web
7150,128,573,2023-11-22 16:15:56,116,tablet
7151,128,437,2023-10-05 20:37:40,79,smart_tv
7152,128,2443,2025-03-06 09:39:25,144,desktop
7153,128,783,2023-08-27 03:07:46,172,tablet
7154,128,1063,2023-06-03 08:36:34,164,desktop
7155,128,673,2024-09-27 19:13:08,148,web
7156,128,546,2024-10-02 17:37:51,220,web
7157,128,523,2023-06-26 18:26:49,105,tablet
7158,128,1309,2023-11-12 05:07:27,273,mobile
7159,128,1377,2025-09-30 12:42:08,48,tablet
7160,128,1319,2023-07-13 14:46:35,109,smart_tv
7161,128,2001,2025-04-24 09:24:52,140,smart_tv
7162,128,2023,2025-05-05 02:13:24,286,mobile
7163,128,322,2025-11-20 18:43:58,93,web
7164,128,1446,2025-07-29 14:47:03,81,desktop
7165,128,732,2024-10-18 16:02:03,167,tablet
7166,128,763,2023-10-31 23:55:15,146,desktop
7167,128,1611,2023-10-23 10:11:59,116,tablet
7168,128,1101,2024-10-05 22:27:43,342,web
7169,128,167,2023-11-19 12:45:21,79,web
7170,128,1585,2025-05-24 00:22:36,210,desktop
7171,128,355,2023-02-24 12:31:46,204,smart_tv
7172,128,340,2025-05-31 16:37:21,262,desktop
7173,128,721,2023-11-08 01:59:04,310,mobile
7174,128,1451,2024-03-31 14:22:21,73,tablet
7175,128,564,2024-12-06 08:58:20,277,smart_speaker
7176,128,1923,2024-11-09 22:01:52,112,web
7177,128,1561,2023-01-11 05:57:00,76,desktop
7178,128,1351,2024-10-29 05:02:06,175,mobile
7179,128,2390,2023-12-28 12:32:56,37,smart_speaker
7180,128,2507,2025-08-14 19:29:55,303,smart_tv
7181,128,2085,2025-07-31 23:52:05,70,smart_speaker
7182,128,1529,2023-01-20 08:12:00,153,web
7183,128,2297,2024-11-09 06:37:26,156,smart_speaker
7184,128,1606,2025-06-03 16:37:24,322,smart_speaker
7185,128,2320,2023-12-04 14:27:21,298,mobile
7186,128,2333,2025-09-30 15:34:58,61,web
7187,128,2328,2024-03-27 02:36:00,101,web
7188,128,1885,2024-02-28 21:25:50,129,mobile
7189,128,710,2023-12-31 06:08:42,198,mobile
7190,128,2452,2025-12-17 02:19:02,199,mobile
7191,128,148,2023-08-09 14:53:10,67,mobile
7192,128,1484,2024-06-07 06:43:25,87,smart_tv
7193,128,1339,2025-03-18 08:16:43,232,desktop
7194,128,1856,2023-11-24 09:02:52,115,desktop
7195,128,831,2023-09-15 14:13:50,142,smart_tv
7196,128,141,2023-07-22 19:49:41,159,smart_speaker
7197,128,2477,2024-09-16 05:24:19,134,smart_tv
7198,128,2055,2024-11-03 06:24:58,133,smart_speaker
7199,128,1512,2025-04-17 19:57:18,136,web
7200,128,1101,2023-11-27 03:42:32,65,mobile
7201,128,1578,2023-09-08 23:36:57,64,mobile
7202,128,1660,2024-07-04 17:53:09,140,mobile
7203,128,1249,2025-12-24 14:43:46,187,tablet
7204,128,1891,2023-11-18 04:01:05,344,smart_tv
7205,128,1490,2025-11-29 04:40:27,178,web
7206,128,824,2023-05-02 10:27:23,34,tablet
7207,128,1449,2024-11-12 21:08:42,93,mobile
7208,128,186,2023-11-15 07:29:22,117,mobile
7209,128,590,2024-12-17 01:25:11,72,smart_speaker
7210,128,1698,2023-03-06 10:54:55,315,web
7211,128,2236,2025-06-17 05:26:39,127,tablet
7212,128,2245,2024-08-18 00:55:13,186,smart_tv
7213,128,2490,2023-10-21 16:22:35,114,smart_speaker
7214,128,1227,2023-11-13 14:35:28,62,desktop
7215,128,772,2023-06-05 01:48:01,164,smart_speaker
7216,128,1133,2024-06-01 22:53:50,115,web
7217,128,416,2023-09-20 06:10:24,118,web
7218,128,2246,2024-11-04 00:23:56,35,smart_tv
7219,128,570,2025-09-25 09:27:35,224,mobile
7220,128,2559,2025-03-06 15:23:44,57,smart_speaker
7221,128,183,2025-11-25 15:35:15,99,mobile
7222,128,2353,2025-08-19 07:31:26,179,mobile
7223,128,1299,2023-07-12 19:53:55,184,web
7224,128,426,2024-03-29 07:28:34,30,tablet
7225,128,245,2025-05-17 09:00:57,208,mobile
7226,128,325,2025-12-29 16:20:22,91,web
7227,128,1091,2025-01-14 09:49:56,99,web
7228,128,662,2025-07-23 06:08:24,235,desktop
7229,128,1699,2024-01-31 14:20:20,48,desktop
7230,129,1688,2024-04-16 00:24:37,145,desktop
7231,129,1312,2025-12-11 02:58:18,166,web
7232,129,898,2025-12-22 10:04:32,103,web
7233,129,731,2024-03-19 07:45:22,117,desktop
7234,129,2457,2024-09-10 00:25:44,33,tablet
7235,129,519,2024-01-29 19:20:46,36,smart_speaker
7236,129,343,2024-12-05 13:33:32,102,web
7237,129,2577,2024-03-05 10:40:48,100,tablet
7238,129,972,2025-06-06 07:47:49,209,web
7239,129,1640,2025-03-31 02:22:37,113,tablet
7240,129,2564,2023-10-16 13:03:00,261,smart_tv
7241,129,2061,2023-10-02 20:21:12,39,smart_speaker
7242,129,401,2025-05-01 10:03:32,361,smart_speaker
7243,129,419,2023-09-15 00:54:17,108,tablet
7244,129,1574,2024-08-28 12:54:30,61,tablet
7245,129,654,2025-04-14 00:58:00,50,smart_speaker
7246,129,2000,2023-01-03 11:41:41,112,mobile
7247,129,2491,2024-12-28 02:03:00,330,web
7248,129,63,2025-08-01 13:19:49,141,web
7249,129,1012,2024-07-10 01:16:49,81,web
7250,129,1304,2025-08-25 09:44:36,39,mobile
7251,129,1922,2024-06-14 14:54:12,362,desktop
7252,129,966,2023-07-02 05:11:35,255,mobile
7253,129,555,2025-11-07 21:57:19,119,desktop
7254,129,980,2025-02-13 22:45:36,272,mobile
7255,129,2177,2024-08-27 17:16:21,56,tablet
7256,129,2651,2024-01-02 02:23:55,149,smart_tv
7257,129,1416,2025-05-04 22:11:14,265,desktop
7258,129,1507,2023-11-05 01:37:22,149,mobile
7259,129,2017,2023-08-03 22:19:54,48,web
7260,129,471,2024-05-17 06:38:33,147,desktop
7261,130,102,2023-01-12 11:40:37,132,desktop
7262,130,1379,2024-08-17 15:47:11,177,smart_tv
7263,130,1113,2024-11-22 08:16:09,225,tablet
7264,130,276,2023-10-24 11:11:36,90,mobile
7265,130,412,2024-07-08 05:48:23,53,smart_speaker
7266,130,1699,2025-02-20 14:53:16,88,smart_speaker
7267,130,1191,2025-04-17 21:43:16,107,desktop
7268,130,578,2024-10-02 09:53:31,140,desktop
7269,130,356,2024-07-25 14:21:05,184,desktop
7270,130,73,2025-07-10 04:53:36,243,smart_speaker
7271,130,121,2023-11-17 13:06:11,112,web
7272,130,1275,2025-12-10 02:01:37,321,mobile
7273,130,1011,2023-04-29 04:15:05,121,smart_tv
7274,130,2624,2024-06-16 05:41:49,80,web
7275,130,1554,2024-11-02 05:58:02,93,mobile
7276,130,849,2024-09-14 20:06:03,108,smart_tv
7277,130,802,2024-05-25 14:50:15,72,web
7278,130,1235,2024-05-19 14:12:51,116,desktop
7279,130,2110,2025-09-19 12:22:17,99,desktop
7280,130,571,2024-05-20 01:51:28,140,tablet
7281,130,2096,2025-10-22 04:40:31,112,web
7282,130,766,2025-07-14 05:04:49,144,smart_speaker
7283,130,2328,2023-11-25 21:43:03,121,tablet
7284,130,2442,2024-09-23 05:04:20,211,smart_tv
7285,130,1869,2024-05-04 18:38:43,170,desktop
7286,130,2627,2023-12-10 15:10:04,207,desktop
7287,130,489,2025-11-05 07:05:14,185,smart_tv
7288,130,1,2025-11-27 13:43:28,129,tablet
7289,130,27,2024-11-03 23:30:20,177,mobile
7290,130,589,2023-11-01 21:48:21,69,tablet
7291,130,1151,2023-03-05 13:11:55,69,tablet
7292,130,1071,2024-12-15 22:12:18,94,desktop
7293,130,35,2024-12-04 00:07:53,115,mobile
7294,130,439,2024-09-13 04:35:23,130,desktop
7295,130,2038,2025-09-12 11:56:18,35,desktop
7296,130,1104,2025-06-06 05:00:58,59,tablet
7297,130,419,2023-01-26 15:45:30,207,desktop
7298,130,1559,2025-07-29 03:46:07,233,desktop
7299,130,1694,2024-04-07 07:00:12,72,smart_tv
7300,131,304,2023-10-19 06:24:33,237,tablet
7301,131,1284,2024-03-18 13:53:03,133,smart_tv
7302,131,1993,2024-10-11 14:50:20,160,web
7303,131,1971,2025-08-07 11:16:06,251,smart_tv
7304,131,1253,2024-08-28 15:23:31,152,web
7305,131,762,2024-08-23 06:03:51,335,smart_speaker
7306,131,1673,2023-10-30 02:51:10,31,mobile
7307,131,953,2023-11-17 04:50:49,86,desktop
7308,131,2000,2025-08-13 10:41:30,317,web
7309,131,2254,2023-07-29 11:07:17,78,smart_tv
7310,131,5,2023-09-23 15:55:34,243,web
7311,131,1983,2023-07-07 09:15:17,338,smart_speaker
7312,131,1577,2023-04-20 12:50:32,181,smart_speaker
7313,131,1160,2025-08-25 22:31:07,42,smart_speaker
7314,131,1442,2023-07-05 20:05:15,187,web
7315,131,1883,2024-07-04 23:40:37,138,mobile
7316,131,1704,2023-03-06 15:34:14,83,smart_speaker
7317,131,1160,2025-06-24 21:48:49,71,web
7318,131,616,2024-09-10 18:43:57,44,smart_tv
7319,131,2112,2023-10-13 17:11:57,70,smart_speaker
7320,131,1878,2025-05-29 17:32:15,110,web
7321,131,1655,2023-04-22 06:36:37,69,mobile
7322,131,45,2025-05-28 15:27:33,127,smart_tv
7323,131,287,2025-11-10 13:25:11,77,smart_speaker
7324,131,696,2025-08-22 03:26:52,78,desktop
7325,131,1382,2024-12-02 20:09:40,165,smart_speaker
7326,131,189,2025-04-29 23:39:00,159,tablet
7327,131,178,2024-10-19 23:27:53,175,mobile
7328,131,784,2023-03-27 04:49:33,143,tablet
7329,132,292,2023-05-02 17:09:29,124,mobile
7330,132,563,2024-12-29 04:20:57,138,mobile
7331,132,570,2023-12-31 01:25:40,253,smart_speaker
7332,132,2562,2024-07-17 08:07:58,356,smart_speaker
7333,132,1354,2025-12-26 21:04:06,54,web
7334,132,571,2025-07-09 11:29:20,108,mobile
7335,132,1904,2023-08-25 19:45:16,67,desktop
7336,132,188,2023-11-14 22:00:29,92,tablet
7337,132,2267,2023-08-22 04:01:09,86,desktop
7338,132,2361,2025-04-20 07:48:44,346,web
7339,132,1472,2023-04-16 01:01:11,43,web
7340,132,492,2024-01-10 12:40:08,190,smart_speaker
7341,132,2387,2025-02-11 06:08:05,270,desktop
7342,132,2217,2025-10-24 10:56:39,147,smart_speaker
7343,132,645,2024-11-12 23:16:11,171,smart_tv
7344,132,1598,2024-11-10 19:19:55,166,desktop
7345,132,1008,2024-08-31 04:12:40,33,web
7346,132,2259,2024-03-31 05:40:43,76,desktop
7347,132,2430,2024-08-18 06:23:52,238,tablet
7348,132,427,2024-04-18 03:56:25,95,web
7349,132,1066,2025-03-01 15:55:44,222,tablet
7350,132,1883,2024-02-25 14:24:08,80,mobile
7351,132,1651,2023-08-30 03:11:56,35,smart_tv
7352,132,2163,2023-04-11 07:56:50,109,web
7353,132,2282,2025-09-14 22:27:09,182,smart_speaker
7354,132,2517,2025-08-30 19:57:23,93,smart_speaker
7355,132,2072,2025-12-28 02:52:32,254,desktop
7356,132,207,2023-09-27 00:29:19,181,smart_speaker
7357,132,325,2023-04-08 18:59:35,83,mobile
7358,132,20,2025-03-15 05:59:30,99,desktop
7359,132,2650,2023-12-06 08:26:35,179,mobile
7360,132,1187,2023-05-11 18:03:27,326,web
7361,132,2252,2023-06-30 11:53:34,68,web
7362,132,2593,2024-11-11 10:20:46,181,smart_tv
7363,132,1021,2023-10-30 22:50:38,40,web
7364,132,1383,2023-01-03 00:28:11,262,tablet
7365,132,2341,2024-06-11 19:25:14,43,tablet
7366,132,1159,2024-01-07 08:19:13,73,smart_tv
7367,132,397,2025-07-06 11:02:28,72,smart_speaker
7368,132,2288,2025-10-06 21:08:17,33,desktop
7369,132,2131,2024-03-12 11:18:39,165,mobile
7370,132,1677,2023-05-15 07:49:07,375,smart_tv
7371,132,2425,2023-11-28 01:04:01,205,smart_tv
7372,132,733,2024-02-29 02:27:50,44,smart_speaker
7373,132,2156,2024-05-28 07:52:10,59,web
7374,132,1753,2023-12-28 09:35:12,97,desktop
7375,132,2073,2023-06-11 04:41:50,130,smart_tv
7376,132,58,2024-05-12 07:30:10,91,web
7377,132,1206,2023-04-29 18:33:28,39,desktop
7378,132,1950,2024-09-30 08:19:57,111,desktop
7379,132,1698,2024-06-03 18:53:02,337,tablet
7380,132,501,2024-05-21 21:26:16,46,tablet
7381,132,2188,2023-11-23 17:51:00,164,tablet
7382,132,343,2024-11-01 12:39:11,89,tablet
7383,132,2020,2025-03-14 04:00:10,48,mobile
7384,132,1685,2024-03-15 10:12:54,65,web
7385,132,1777,2024-09-29 18:07:11,135,smart_speaker
7386,132,1126,2025-01-13 21:17:13,84,desktop
7387,132,699,2025-11-29 12:46:41,45,mobile
7388,132,242,2023-10-04 03:15:20,55,tablet
7389,132,2136,2025-11-13 04:33:38,204,web
7390,132,495,2023-06-02 22:15:15,124,smart_speaker
7391,132,333,2023-07-07 13:33:27,241,mobile
7392,132,385,2024-03-19 02:23:58,128,mobile
7393,132,540,2023-10-25 04:56:42,226,web
7394,132,1519,2024-01-24 08:01:49,202,web
7395,132,2426,2024-09-09 01:05:46,95,desktop
7396,132,2090,2025-07-08 22:12:09,33,mobile
7397,132,1109,2023-03-16 17:13:01,167,mobile
7398,132,576,2025-12-12 22:13:40,154,tablet
7399,132,1757,2023-12-20 21:13:05,71,smart_tv
7400,133,1567,2024-09-05 22:34:25,55,desktop
7401,133,1856,2023-05-28 16:51:18,131,smart_speaker
7402,133,2389,2023-10-07 17:36:12,267,smart_speaker
7403,133,2593,2025-05-11 18:36:17,172,tablet
7404,133,1920,2025-03-07 06:31:23,227,web
7405,133,1884,2023-05-20 05:55:40,309,mobile
7406,133,2522,2023-11-05 18:13:45,302,desktop
7407,133,1259,2025-02-13 14:54:57,257,web
7408,133,188,2024-06-24 17:33:42,52,mobile
7409,133,1047,2025-01-06 19:58:05,89,mobile
7410,133,2569,2025-05-11 18:37:24,37,desktop
7411,133,2119,2023-09-13 17:05:14,78,desktop
7412,133,466,2025-12-30 02:22:33,50,web
7413,133,1221,2025-03-05 01:58:31,74,tablet
7414,133,2577,2023-05-24 11:19:22,184,web
7415,133,959,2023-02-02 11:33:28,170,tablet
7416,133,1267,2024-08-16 02:10:11,267,smart_speaker
7417,133,2568,2025-07-03 12:21:36,181,desktop
7418,133,1343,2025-05-24 00:04:06,241,desktop
7419,133,1231,2025-06-19 10:36:04,38,mobile
7420,133,375,2025-07-06 16:33:20,261,smart_tv
7421,133,2155,2025-08-04 03:29:38,87,desktop
7422,133,1134,2024-07-12 18:39:26,31,mobile
7423,133,1059,2023-06-11 13:07:24,109,tablet
7424,133,366,2025-11-01 13:24:04,41,desktop
7425,133,2579,2023-03-10 00:21:57,84,mobile
7426,133,1816,2024-08-27 04:36:31,129,mobile
7427,133,1953,2023-01-07 10:54:20,129,web
7428,133,436,2024-08-25 08:19:16,117,web
7429,133,1647,2025-05-14 06:33:11,167,smart_tv
7430,133,1274,2025-12-08 01:34:26,305,web
7431,133,555,2025-09-22 17:08:36,37,smart_speaker
7432,133,2139,2025-01-29 05:51:51,62,smart_speaker
7433,133,1268,2025-03-23 20:36:08,48,smart_speaker
7434,133,433,2025-04-10 09:35:47,79,smart_speaker
7435,133,1611,2025-07-27 20:27:15,65,desktop
7436,133,1151,2024-01-31 05:08:32,95,mobile
7437,133,1338,2024-07-28 14:14:45,255,desktop
7438,133,1267,2025-02-13 08:05:14,266,desktop
7439,133,340,2023-12-12 13:07:45,322,smart_tv
7440,133,803,2025-10-06 22:27:00,133,desktop
7441,133,105,2025-06-24 12:19:03,68,smart_tv
7442,133,32,2025-10-23 20:31:00,64,smart_speaker
7443,133,1207,2023-06-20 02:58:13,91,web
7444,133,646,2023-10-28 22:22:09,47,smart_speaker
7445,133,118,2023-04-08 03:30:16,142,mobile
7446,133,1599,2024-10-19 20:24:40,299,smart_tv
7447,133,995,2024-11-11 05:09:04,98,mobile
7448,133,2235,2024-07-17 22:17:32,172,smart_speaker
7449,133,883,2024-06-21 05:16:50,292,tablet
7450,133,209,2024-04-18 08:59:16,153,mobile
7451,133,1500,2025-12-13 20:06:36,88,mobile
7452,133,651,2024-10-09 01:11:27,111,smart_tv
7453,133,1420,2024-08-19 16:13:56,172,mobile
7454,133,1755,2024-05-05 03:42:39,131,smart_tv
7455,133,1719,2024-12-11 18:43:05,54,tablet
7456,133,1878,2023-06-24 04:21:21,51,mobile
7457,133,575,2023-03-02 13:19:05,283,mobile
7458,133,429,2025-03-22 09:06:07,118,web
7459,133,73,2025-12-11 21:31:09,116,web
7460,133,2157,2025-05-30 08:45:44,79,tablet
7461,133,2334,2024-10-18 17:43:04,155,web
7462,133,2416,2023-10-16 13:47:18,134,desktop
7463,133,1481,2024-06-10 17:33:06,100,tablet
7464,133,1886,2024-10-16 01:07:47,50,tablet
7465,133,116,2024-01-05 04:03:42,126,tablet
7466,133,2488,2025-09-02 16:42:28,161,web
7467,133,1058,2025-04-11 21:21:18,54,smart_speaker
7468,133,1712,2023-04-12 21:01:16,94,smart_tv
7469,133,2604,2025-03-13 09:40:27,124,desktop
7470,133,42,2024-01-28 19:38:59,134,tablet
7471,133,595,2023-09-08 04:25:42,156,smart_speaker
7472,133,1531,2023-12-03 22:26:01,96,mobile
7473,134,14,2023-04-11 06:30:52,212,desktop
7474,134,898,2025-06-24 13:32:49,99,smart_speaker
7475,134,890,2023-01-15 21:57:42,102,mobile
7476,134,1150,2023-01-12 10:18:40,54,desktop
7477,134,2007,2024-10-15 00:29:41,118,smart_speaker
7478,134,1267,2025-10-16 13:33:29,38,mobile
7479,134,1246,2023-03-07 20:04:47,203,smart_tv
7480,134,1364,2023-01-01 15:05:19,67,tablet
7481,134,1844,2025-05-01 16:54:00,155,mobile
7482,134,2449,2023-03-14 03:31:05,113,smart_speaker
7483,134,231,2023-08-11 04:11:09,204,smart_tv
7484,134,2466,2025-05-25 13:34:32,31,tablet
7485,134,1602,2023-10-27 15:58:56,131,smart_speaker
7486,134,279,2025-07-13 02:42:14,225,smart_speaker
7487,134,457,2025-03-13 02:25:05,128,smart_speaker
7488,134,1721,2024-02-19 08:07:21,301,smart_speaker
7489,134,769,2024-08-13 22:03:51,47,smart_tv
7490,134,2404,2024-10-06 03:40:18,70,smart_tv
7491,134,795,2024-08-27 01:28:11,257,web
7492,134,1946,2023-04-14 06:13:07,146,web
7493,134,1875,2024-05-09 10:20:47,124,smart_speaker
7494,134,1684,2025-11-24 00:44:40,322,web
7495,134,1226,2025-11-11 22:28:15,122,web
7496,134,1576,2025-08-25 11:02:21,55,tablet
7497,134,1115,2025-04-19 06:10:20,110,smart_speaker
7498,134,1893,2025-04-18 15:45:53,308,web
7499,134,361,2025-11-09 07:37:30,97,mobile
7500,134,567,2024-02-05 12:19:15,197,desktop
7501,134,1822,2025-01-03 17:07:25,48,tablet
7502,134,157,2025-04-08 07:56:22,271,tablet
7503,134,1385,2023-03-05 14:23:33,112,smart_tv
7504,134,668,2024-02-17 11:01:39,181,smart_speaker
7505,134,330,2025-04-24 06:08:42,128,smart_tv
7506,134,2116,2025-07-08 04:57:41,121,tablet
7507,134,103,2023-06-07 13:17:54,145,smart_speaker
7508,134,463,2025-06-15 08:04:54,132,smart_speaker
7509,134,1890,2023-04-07 16:19:22,142,tablet
7510,134,331,2024-04-09 04:17:29,116,mobile
7511,134,415,2024-01-10 00:10:55,171,smart_speaker
7512,134,2204,2024-04-26 00:49:32,138,smart_speaker
7513,134,715,2025-04-27 21:58:00,68,tablet
7514,134,69,2024-03-31 02:18:06,129,desktop
7515,134,1278,2025-01-07 12:10:32,302,smart_tv
7516,134,803,2024-07-09 16:32:58,142,desktop
7517,134,884,2024-09-29 18:25:03,71,smart_tv
7518,134,931,2023-12-28 08:01:54,42,smart_speaker
7519,134,2337,2023-01-18 21:06:31,91,tablet
7520,134,1305,2024-04-05 22:22:57,188,smart_tv
7521,134,2049,2024-03-16 02:38:27,157,desktop
7522,134,258,2023-03-07 05:41:28,182,tablet
7523,134,1213,2025-07-23 02:28:00,228,smart_speaker
7524,134,1715,2023-06-08 00:33:17,154,smart_tv
7525,134,771,2023-03-30 21:59:33,271,smart_speaker
7526,134,13,2025-06-08 23:06:56,68,web
7527,134,2340,2025-08-06 21:36:37,194,web
7528,134,2052,2024-03-09 07:17:08,233,smart_tv
7529,134,1718,2023-04-16 20:48:01,89,mobile
7530,134,2445,2025-06-11 02:17:23,125,mobile
7531,134,380,2023-03-03 13:38:49,85,web
7532,134,1439,2024-09-19 13:01:01,216,desktop
7533,134,1305,2025-01-19 10:34:14,384,smart_tv
7534,134,545,2023-04-18 03:01:35,44,web
7535,134,2564,2025-07-13 10:18:44,47,desktop
7536,134,2158,2023-02-10 03:26:01,207,smart_tv
7537,134,2419,2025-12-28 00:55:03,205,tablet
7538,134,96,2023-02-07 05:41:19,58,tablet
7539,134,1220,2024-03-01 22:15:06,67,tablet
7540,134,1747,2024-08-16 18:48:21,117,desktop
7541,134,170,2024-08-04 13:35:55,216,smart_tv
7542,134,641,2025-02-10 20:47:49,125,smart_tv
7543,134,634,2023-10-19 02:13:52,41,desktop
7544,134,466,2024-12-01 14:33:40,111,smart_speaker
7545,134,2328,2023-10-05 20:52:51,135,smart_speaker
7546,134,869,2025-05-26 20:15:51,35,tablet
7547,134,795,2024-12-14 18:47:41,44,mobile
7548,134,930,2025-09-24 10:04:46,274,web
7549,134,1608,2025-12-27 03:42:16,219,mobile
7550,134,1870,2023-10-14 23:29:22,32,web
7551,134,887,2023-08-26 03:28:24,172,smart_speaker
7552,134,2490,2023-10-28 06:40:25,242,desktop
7553,134,932,2025-10-03 17:05:52,149,smart_tv
7554,134,1498,2024-10-15 03:16:57,92,smart_tv
7555,134,2505,2024-02-25 22:44:58,126,smart_tv
7556,134,2234,2024-05-20 03:49:41,134,desktop
7557,134,1136,2023-07-01 09:01:03,127,tablet
7558,134,2070,2024-03-15 11:57:52,109,smart_tv
7559,134,2301,2025-07-27 18:48:21,160,smart_speaker
7560,134,145,2025-01-26 01:53:19,86,tablet
7561,134,1951,2025-09-11 05:11:35,176,smart_tv
7562,134,1412,2025-04-02 18:59:18,116,web
7563,134,1799,2025-05-03 01:35:29,220,smart_tv
7564,134,1226,2024-07-23 15:04:22,74,web
7565,134,2383,2023-10-06 19:42:57,171,desktop
7566,134,1837,2025-06-01 01:53:18,153,tablet
7567,134,1581,2025-04-16 00:04:25,378,desktop
7568,134,2527,2025-11-04 08:48:00,173,tablet
7569,134,374,2024-09-11 01:36:35,207,desktop
7570,134,752,2025-11-02 04:31:23,163,smart_tv
7571,135,1337,2023-06-17 13:31:47,74,smart_speaker
7572,135,1913,2025-01-16 11:56:26,165,smart_tv
7573,135,986,2024-02-08 06:07:47,47,tablet
7574,135,1166,2025-05-19 14:28:03,152,web
7575,135,1988,2024-11-16 13:34:32,106,smart_tv
7576,135,1670,2023-11-02 18:38:51,258,web
7577,135,317,2023-01-29 07:19:05,79,mobile
7578,135,2146,2025-04-14 00:24:12,142,desktop
7579,135,2037,2025-01-25 16:12:44,175,smart_tv
7580,135,225,2024-09-28 14:49:59,306,smart_speaker
7581,135,2138,2025-11-06 14:49:18,225,smart_tv
7582,135,1159,2023-09-29 09:55:13,32,tablet
7583,135,125,2025-10-29 13:01:46,113,smart_tv
7584,135,2192,2024-04-04 20:45:00,81,desktop
7585,135,591,2023-04-19 05:35:30,237,desktop
7586,135,1073,2024-09-24 04:44:13,199,mobile
7587,135,2177,2024-09-20 16:00:55,192,mobile
7588,135,1418,2023-12-28 12:18:09,73,desktop
7589,135,261,2024-03-31 06:34:16,48,web
7590,135,957,2025-03-20 18:14:36,62,web
7591,135,2523,2025-02-18 12:29:41,153,smart_speaker
7592,135,193,2025-04-05 21:13:18,221,web
7593,135,1762,2025-10-23 17:18:29,290,smart_tv
7594,135,1290,2023-06-17 20:12:05,94,smart_tv
7595,135,1679,2023-03-24 10:25:49,82,smart_tv
7596,135,58,2024-06-27 14:35:22,102,desktop
7597,135,2516,2024-10-06 08:13:08,148,mobile
7598,135,439,2025-12-04 07:57:20,201,tablet
7599,135,676,2023-10-13 19:09:29,129,tablet
7600,135,319,2023-07-27 17:34:26,97,smart_tv
7601,135,1533,2024-06-04 04:02:57,69,web
7602,135,2463,2024-07-15 06:02:28,121,smart_tv
7603,135,2299,2024-12-03 16:22:04,80,tablet
7604,135,470,2024-08-12 08:39:59,308,desktop
7605,135,572,2023-01-09 19:56:34,122,desktop
7606,135,1897,2023-07-13 03:40:27,72,desktop
7607,136,331,2025-02-16 11:29:21,55,mobile
7608,136,587,2023-05-08 19:00:47,172,smart_speaker
7609,136,2126,2023-03-21 23:53:20,46,web
7610,136,2186,2024-01-30 14:23:01,256,web
7611,136,1291,2024-06-01 02:09:23,122,smart_tv
7612,136,1991,2024-01-19 01:53:18,67,web
7613,136,2643,2023-12-03 11:17:06,68,smart_speaker
7614,136,740,2023-12-22 13:36:59,340,mobile
7615,136,772,2023-07-17 21:35:51,63,smart_speaker
7616,136,2600,2024-01-10 10:48:30,242,smart_tv
7617,136,2377,2024-02-12 23:44:33,349,smart_speaker
7618,136,1020,2024-07-10 15:25:12,105,smart_speaker
7619,136,2627,2023-01-16 10:17:41,298,tablet
7620,136,1598,2025-07-21 17:23:18,162,smart_tv
7621,136,846,2023-08-03 16:48:56,325,smart_tv
7622,136,1293,2025-03-03 23:53:21,64,tablet
7623,136,1749,2023-08-09 02:01:48,272,mobile
7624,136,2654,2023-10-22 11:15:43,268,mobile
7625,136,2561,2023-08-12 03:07:25,162,tablet
7626,136,1608,2025-08-05 20:09:14,164,tablet
7627,136,1425,2025-05-26 02:06:53,168,smart_speaker
7628,136,120,2025-07-24 00:22:15,61,smart_tv
7629,136,1636,2023-02-13 15:31:00,323,tablet
7630,136,1915,2025-03-25 17:12:44,80,mobile
7631,136,1707,2023-08-17 10:12:43,247,tablet
7632,136,1661,2024-05-30 02:53:08,158,smart_speaker
7633,136,2320,2025-07-05 22:16:39,313,smart_tv
7634,136,727,2024-02-20 16:31:52,98,tablet
7635,136,1593,2024-01-12 17:38:21,51,desktop
7636,136,2171,2025-11-29 01:17:14,101,desktop
7637,136,176,2025-06-18 18:51:09,118,smart_tv
7638,136,1253,2025-06-29 04:17:32,92,web
7639,136,2323,2023-03-10 19:08:30,105,smart_speaker
7640,136,378,2025-11-30 18:49:58,50,desktop
7641,136,567,2023-03-01 03:00:21,123,mobile
7642,136,1398,2025-10-15 18:55:08,54,desktop
7643,136,2644,2025-11-29 17:29:22,159,tablet
7644,136,321,2023-11-23 13:17:13,226,smart_speaker
7645,136,1143,2023-02-19 18:51:39,113,tablet
7646,136,444,2024-08-25 06:44:20,115,tablet
7647,136,677,2023-12-24 04:23:34,280,mobile
7648,136,6,2025-04-14 20:39:39,261,smart_tv
7649,136,1951,2024-07-31 13:17:59,69,smart_speaker
7650,136,221,2023-03-13 19:59:16,135,desktop
7651,136,649,2024-10-31 09:32:54,36,smart_tv
7652,136,991,2024-03-21 17:51:45,224,smart_tv
7653,136,2087,2024-03-21 17:41:07,152,desktop
7654,136,1746,2024-12-27 13:13:35,161,smart_speaker
7655,136,1269,2024-10-17 21:11:47,99,web
7656,136,898,2023-05-01 14:09:25,129,mobile
7657,136,856,2023-08-06 23:47:14,141,desktop
7658,136,2232,2025-10-28 12:06:57,211,tablet
7659,136,995,2024-11-24 18:06:23,252,smart_tv
7660,136,968,2023-03-27 15:12:53,125,tablet
7661,136,2245,2024-06-16 14:32:01,167,desktop
7662,136,317,2025-08-22 15:28:25,138,web
7663,136,1138,2024-06-14 03:44:46,338,smart_speaker
7664,136,1719,2025-04-27 10:43:51,68,desktop
7665,136,1112,2023-11-17 01:28:35,77,desktop
7666,136,328,2023-08-20 20:40:13,121,tablet
7667,136,2054,2025-02-18 13:12:32,344,smart_speaker
7668,136,801,2025-08-16 02:05:35,73,web
7669,136,844,2023-02-02 13:27:29,152,smart_speaker
7670,136,490,2024-02-20 03:14:17,86,desktop
7671,136,1352,2024-12-27 00:44:49,35,web
7672,136,1690,2024-11-30 21:03:20,44,smart_tv
7673,136,2041,2025-08-20 19:03:32,125,tablet
7674,136,1039,2024-06-17 16:19:02,183,web
7675,136,1921,2024-05-21 05:40:52,254,mobile
7676,136,423,2023-12-25 03:49:05,58,tablet
7677,136,1701,2025-03-28 18:38:19,279,desktop
7678,136,480,2025-11-12 16:10:52,51,desktop
7679,136,1223,2023-09-02 09:04:19,129,tablet
7680,136,1300,2025-07-23 05:19:36,122,smart_tv
7681,136,946,2025-06-07 09:38:51,173,smart_tv
7682,136,2165,2024-03-21 09:27:43,125,smart_speaker
7683,136,876,2023-06-04 15:20:13,36,smart_speaker
7684,136,60,2023-10-26 20:18:21,74,smart_speaker
7685,136,1413,2025-02-21 01:02:19,273,desktop
7686,136,1549,2023-10-23 18:47:15,125,web
7687,136,1940,2024-06-27 15:55:41,34,desktop
7688,136,2011,2025-09-11 15:26:49,48,smart_speaker
7689,136,634,2024-08-27 02:05:36,186,desktop
7690,136,453,2023-01-11 09:38:11,118,desktop
7691,136,2252,2024-11-12 18:01:30,113,smart_speaker
7692,136,2242,2023-02-18 04:10:04,155,desktop
7693,136,1781,2024-10-05 09:50:11,187,smart_speaker
7694,136,2022,2023-03-07 00:31:12,78,web
7695,136,2560,2024-05-01 01:37:21,178,web
7696,136,2542,2023-01-05 02:28:43,89,smart_speaker
7697,136,1658,2025-10-26 23:31:32,352,tablet
7698,136,904,2025-10-25 12:30:25,212,desktop
7699,136,1416,2024-10-05 04:48:37,103,desktop
7700,137,1366,2023-02-11 08:27:38,118,mobile
7701,137,317,2023-07-07 13:04:22,255,smart_speaker
7702,137,1932,2023-01-09 08:11:56,41,mobile
7703,137,165,2025-04-15 02:31:19,65,desktop
7704,137,524,2023-03-27 12:44:38,121,desktop
7705,137,538,2023-09-17 03:08:59,40,smart_speaker
7706,137,2403,2024-01-01 02:48:28,324,web
7707,137,1472,2024-08-18 17:12:47,156,mobile
7708,137,2168,2025-06-06 09:38:43,165,mobile
7709,137,1194,2024-10-21 16:45:19,226,mobile
7710,137,1831,2023-07-01 00:46:49,37,mobile
7711,137,1172,2024-12-31 08:57:39,251,smart_speaker
7712,137,743,2024-02-14 10:15:46,149,tablet
7713,137,2316,2025-08-11 13:57:23,122,mobile
7714,137,499,2025-01-26 16:00:04,79,smart_speaker
7715,137,181,2024-09-01 05:02:19,137,tablet
7716,137,239,2024-09-17 20:51:25,161,smart_speaker
7717,137,2579,2025-02-19 20:28:28,123,smart_tv
7718,137,1760,2023-03-02 03:58:15,76,smart_tv
7719,137,807,2023-07-08 03:39:07,84,mobile
7720,137,978,2024-06-25 04:44:53,57,desktop
7721,137,1251,2024-06-12 14:13:01,37,smart_tv
7722,137,817,2023-07-16 17:37:39,124,smart_tv
7723,137,250,2025-12-09 03:05:46,207,web
7724,137,1432,2023-08-28 23:32:45,170,mobile
7725,137,1751,2025-08-03 03:25:31,161,web
7726,137,1286,2024-10-31 22:54:35,183,smart_tv
7727,137,2199,2024-10-07 17:47:42,223,smart_tv
7728,137,1625,2025-09-14 04:20:28,367,web
7729,137,1042,2024-10-01 14:35:42,108,mobile
7730,137,1139,2023-09-15 14:21:30,288,tablet
7731,137,35,2023-01-27 22:43:15,31,mobile
7732,137,450,2023-11-25 21:46:32,257,tablet
7733,137,784,2024-11-25 22:17:04,291,tablet
7734,137,2004,2023-06-01 15:34:15,34,smart_tv
7735,137,985,2025-02-27 14:12:28,75,desktop
7736,137,740,2023-08-17 18:37:21,196,web
7737,137,2221,2025-12-07 13:46:30,144,desktop
7738,137,1970,2024-10-26 02:17:57,72,web
7739,137,579,2023-11-21 18:57:09,150,tablet
7740,137,1350,2023-03-10 23:28:34,89,tablet
7741,137,1131,2023-07-04 06:02:33,271,smart_tv
7742,137,1659,2024-07-27 08:13:26,148,smart_speaker
7743,137,1727,2024-11-09 23:53:45,70,mobile
7744,137,207,2023-02-25 12:28:12,34,tablet
7745,137,2452,2023-05-15 00:59:00,61,smart_speaker
7746,137,1562,2023-09-10 17:06:26,359,web
7747,137,1099,2025-02-15 01:36:24,91,smart_speaker
7748,137,882,2025-08-29 16:11:05,82,tablet
7749,137,2082,2025-10-29 14:18:59,177,mobile
7750,137,1169,2023-03-29 03:16:41,95,smart_tv
7751,137,2412,2025-09-24 12:56:13,229,desktop
7752,137,354,2024-05-12 03:38:39,209,tablet
7753,137,2595,2024-06-29 05:34:53,376,smart_speaker
7754,137,196,2025-10-04 09:45:40,39,smart_speaker
7755,137,1970,2024-07-29 14:37:38,157,tablet
7756,137,1888,2024-05-25 07:09:20,55,web
7757,137,869,2023-06-20 07:56:55,160,desktop
7758,137,2260,2023-07-30 23:27:28,54,smart_tv
7759,137,223,2025-10-30 12:05:20,167,tablet
7760,137,1125,2024-02-02 20:52:23,228,smart_speaker
7761,137,2615,2024-05-11 14:40:20,32,mobile
7762,137,812,2025-09-07 05:52:56,307,mobile
7763,137,1002,2025-02-25 21:40:49,217,web
7764,137,1222,2023-06-19 13:15:36,170,tablet
7765,137,725,2025-08-15 03:18:15,87,desktop
7766,137,1651,2024-03-10 16:34:32,112,smart_tv
7767,137,189,2023-04-13 02:25:41,150,smart_tv
7768,137,1023,2023-12-22 00:33:09,92,web
7769,137,156,2023-04-14 17:36:22,54,smart_tv
7770,137,1481,2023-10-27 04:21:53,235,mobile
7771,137,1418,2024-04-02 12:24:33,319,smart_tv
7772,137,340,2023-10-13 14:09:54,272,smart_speaker
7773,137,955,2023-05-03 17:51:25,39,smart_speaker
7774,137,639,2024-08-25 20:13:12,72,web
7775,137,2655,2025-01-16 10:11:38,149,tablet
7776,137,1714,2025-07-17 18:05:13,107,web
7777,137,2516,2023-01-01 09:51:05,141,web
7778,137,91,2024-04-12 02:03:43,59,smart_speaker
7779,137,1777,2025-08-15 07:02:16,135,smart_tv
7780,137,44,2025-08-06 17:28:46,76,smart_tv
7781,137,1651,2023-06-05 20:34:04,51,web
7782,137,2278,2023-10-18 07:03:08,311,smart_speaker
7783,137,532,2023-05-16 01:51:48,34,smart_tv
7784,138,2059,2024-10-31 04:21:28,185,desktop
7785,138,1479,2025-05-23 04:12:35,90,mobile
7786,138,2397,2025-02-04 22:12:31,112,desktop
7787,138,812,2025-12-09 12:54:34,223,desktop
7788,138,463,2024-02-11 18:32:20,98,smart_speaker
7789,138,2579,2025-07-08 05:43:55,134,smart_speaker
7790,138,387,2025-03-12 14:11:39,236,mobile
7791,138,1946,2024-05-11 17:41:17,195,smart_tv
7792,138,2235,2024-11-02 01:15:03,85,tablet
7793,138,1300,2025-10-21 15:00:36,65,smart_speaker
7794,138,1565,2024-03-10 14:27:27,200,web
7795,138,695,2023-09-26 00:52:48,44,smart_tv
7796,138,2326,2025-06-09 17:22:01,200,desktop
7797,138,1386,2024-06-17 00:41:10,300,desktop
7798,138,224,2023-01-17 20:16:58,80,tablet
7799,138,2191,2023-04-02 17:57:45,312,smart_tv
7800,138,1509,2024-09-22 06:10:30,155,tablet
7801,138,1188,2025-08-16 15:22:02,54,web
7802,138,161,2025-02-26 12:44:09,295,tablet
7803,138,953,2024-03-26 21:42:11,172,smart_speaker
7804,138,984,2023-05-13 17:32:12,144,smart_speaker
7805,138,764,2024-11-15 12:42:37,113,smart_tv
7806,138,1813,2025-02-25 03:48:39,137,tablet
7807,138,193,2025-02-10 14:20:36,179,web
7808,138,2566,2023-10-19 21:51:10,100,smart_speaker
7809,138,324,2025-05-15 03:15:35,75,smart_tv
7810,138,1941,2023-05-14 15:18:09,281,smart_tv
7811,138,385,2023-07-05 04:18:58,31,desktop
7812,138,1166,2023-03-09 12:17:51,74,mobile
7813,138,2013,2023-12-06 20:34:13,141,mobile
7814,138,2041,2024-04-27 23:18:57,193,smart_tv
7815,138,1072,2023-06-13 20:44:52,272,web
7816,138,2513,2023-04-14 01:48:25,158,tablet
7817,138,2617,2025-03-31 22:35:28,32,mobile
7818,138,255,2023-02-13 21:59:40,222,mobile
7819,138,370,2023-12-20 15:49:52,60,mobile
7820,138,2615,2023-09-19 18:34:58,122,mobile
7821,138,1132,2025-04-30 14:17:14,180,mobile
7822,138,1046,2023-01-13 11:16:08,50,mobile
7823,138,1013,2025-09-25 03:36:09,322,desktop
7824,138,447,2024-07-05 19:45:38,114,web
7825,138,2288,2023-05-02 04:32:34,106,smart_tv
7826,138,2016,2023-08-17 18:05:36,166,tablet
7827,138,1024,2025-09-29 03:05:04,144,web
7828,138,1723,2024-03-24 22:32:13,112,smart_tv
7829,138,310,2025-03-15 05:33:18,188,smart_tv
7830,138,2298,2025-06-09 18:15:45,42,tablet
7831,138,2603,2025-04-27 03:37:48,80,desktop
7832,138,1627,2024-05-24 23:42:43,256,tablet
7833,138,1997,2023-03-11 02:56:27,149,web
7834,139,428,2024-03-28 19:56:56,95,smart_tv
7835,139,487,2025-07-26 03:03:32,77,web
7836,139,2495,2023-01-24 04:48:17,291,desktop
7837,139,913,2025-03-22 03:58:04,97,web
7838,139,1540,2024-06-23 21:20:02,246,mobile
7839,139,2321,2024-12-31 06:49:00,98,web
7840,139,2379,2024-08-11 03:14:06,169,mobile
7841,139,556,2024-08-08 15:26:50,236,smart_tv
7842,139,2528,2025-06-20 10:04:34,60,smart_tv
7843,139,2352,2025-05-30 01:43:36,253,desktop
7844,139,1875,2024-12-04 17:32:42,43,web
7845,139,2058,2025-09-11 23:37:43,138,web
7846,139,1544,2024-07-05 14:37:16,88,tablet
7847,139,2208,2024-10-21 00:01:26,220,smart_speaker
7848,139,1843,2024-11-18 02:44:15,199,tablet
7849,139,2460,2024-12-21 18:22:36,281,smart_tv
7850,139,1976,2023-11-29 08:17:49,207,web
7851,139,2567,2025-02-26 12:53:39,38,mobile
7852,139,1894,2024-05-09 03:44:42,38,web
7853,139,1686,2025-03-25 17:57:37,47,desktop
7854,139,1017,2025-01-07 19:47:24,90,desktop
7855,139,2319,2024-01-06 23:14:45,172,smart_tv
7856,139,1158,2025-12-09 18:15:03,53,web
7857,139,720,2024-11-05 04:49:42,285,smart_speaker
7858,139,2049,2024-09-20 02:49:41,202,smart_tv
7859,139,214,2024-11-25 00:18:02,155,web
7860,139,2231,2024-07-25 19:04:57,163,smart_tv
7861,139,13,2024-07-12 07:27:04,109,mobile
7862,139,1884,2023-11-23 09:29:18,99,mobile
7863,139,1019,2023-12-05 10:12:48,31,web
7864,139,1361,2025-03-09 09:39:10,254,web
7865,139,2296,2025-06-25 21:10:57,115,web
7866,139,2081,2025-03-27 00:07:47,37,desktop
7867,139,641,2025-07-03 01:59:03,198,tablet
7868,139,1367,2025-02-15 14:33:10,233,smart_speaker
7869,139,893,2023-03-27 16:30:16,95,smart_speaker
7870,139,2202,2023-12-01 10:31:03,285,web
7871,139,131,2024-11-12 09:34:37,336,web
7872,139,2385,2023-04-17 07:27:23,183,web
7873,139,42,2024-10-10 10:59:17,95,desktop
7874,139,341,2024-06-21 04:10:27,102,desktop
7875,139,1256,2024-04-01 02:16:49,70,smart_speaker
7876,139,2016,2024-04-27 00:08:53,262,mobile
7877,139,2614,2025-04-28 02:36:22,176,smart_speaker
7878,139,1627,2025-01-28 01:36:03,93,mobile
7879,139,1802,2023-09-03 23:55:18,67,smart_speaker
7880,139,2165,2025-09-07 14:20:40,110,smart_speaker
7881,139,1545,2024-01-08 05:14:29,161,desktop
7882,139,1731,2024-08-03 11:01:26,242,web
7883,139,193,2025-08-16 11:00:51,94,mobile
7884,139,1711,2023-08-08 11:09:22,230,smart_tv
7885,139,732,2024-02-18 05:04:26,32,smart_speaker
7886,139,2486,2024-08-12 10:25:40,71,smart_speaker
7887,139,2018,2023-03-30 05:53:50,51,web
7888,139,1011,2023-08-10 15:23:12,55,tablet
7889,139,1631,2024-10-20 10:07:56,259,mobile
7890,139,259,2025-11-17 13:17:37,69,smart_speaker
7891,139,1906,2023-07-04 12:01:20,267,mobile
7892,139,30,2024-02-20 22:56:43,200,web
7893,139,2500,2025-06-07 23:43:31,183,desktop
7894,139,185,2025-01-09 22:43:22,50,smart_speaker
7895,139,2492,2025-05-04 21:27:59,41,desktop
7896,139,707,2023-05-03 08:45:09,92,mobile
7897,139,2275,2025-06-24 01:44:18,361,smart_tv
7898,139,133,2024-05-01 12:11:45,38,desktop
7899,139,1280,2024-08-20 17:57:57,85,web
7900,139,369,2025-01-05 20:08:09,151,tablet
7901,139,369,2025-01-19 11:58:15,161,mobile
7902,139,1143,2024-09-25 08:21:12,118,tablet
7903,139,1229,2024-05-24 00:07:43,51,desktop
7904,139,1014,2023-11-17 16:40:45,117,tablet
7905,139,2405,2023-04-27 11:59:21,242,tablet
7906,139,2539,2023-05-16 08:15:18,119,web
7907,139,1683,2024-09-22 23:14:46,129,mobile
7908,139,805,2024-08-16 04:16:49,132,desktop
7909,139,2100,2024-10-02 03:02:42,121,tablet
7910,139,2085,2024-09-12 18:47:15,200,mobile
7911,139,224,2024-11-24 13:03:02,105,tablet
7912,139,856,2024-05-20 18:20:45,121,tablet
7913,139,6,2023-04-10 21:19:25,74,smart_tv
7914,139,1499,2023-12-25 20:24:34,131,tablet
7915,139,1889,2023-01-31 13:44:03,130,web
7916,139,1783,2025-08-10 18:36:54,248,web
7917,139,1966,2025-01-24 02:41:56,159,web
7918,139,406,2023-11-20 01:28:37,165,mobile
7919,140,1402,2023-08-21 13:21:54,170,tablet
7920,140,2243,2024-11-03 22:53:15,170,smart_speaker
7921,140,266,2025-11-30 05:31:14,240,tablet
7922,140,886,2024-06-21 15:32:31,42,smart_speaker
7923,140,71,2025-11-04 17:11:11,97,desktop
7924,140,1439,2023-04-28 21:37:19,163,tablet
7925,140,161,2024-08-11 03:52:45,136,smart_speaker
7926,140,629,2025-07-22 16:46:03,212,tablet
7927,140,2610,2024-09-19 15:15:54,216,mobile
7928,140,838,2023-08-13 21:51:34,147,smart_tv
7929,140,352,2023-03-18 09:01:09,38,tablet
7930,140,2533,2025-10-15 06:22:01,328,mobile
7931,140,709,2024-10-28 20:03:54,226,tablet
7932,140,965,2025-03-13 06:32:01,97,smart_tv
7933,140,106,2025-08-05 14:52:52,317,mobile
7934,140,2359,2023-09-03 19:17:51,38,tablet
7935,140,200,2025-07-29 21:18:41,54,smart_tv
7936,140,866,2024-01-07 11:36:38,320,web
7937,140,621,2025-10-20 10:24:45,154,smart_tv
7938,140,521,2024-05-08 17:35:53,179,desktop
7939,140,550,2025-05-08 03:19:46,139,tablet
7940,140,2006,2023-07-05 23:36:26,86,web
7941,140,2489,2023-09-20 06:30:51,211,tablet
7942,140,2351,2023-06-17 23:48:36,65,smart_speaker
7943,140,868,2023-01-05 00:55:38,43,smart_tv
7944,140,710,2024-01-07 06:06:27,166,mobile
7945,140,2099,2023-11-26 02:15:54,197,smart_speaker
7946,140,697,2024-02-21 17:12:58,123,mobile
7947,140,1698,2025-02-06 04:51:15,322,mobile
7948,140,2022,2024-11-30 06:37:23,81,mobile
7949,140,2348,2024-11-09 09:49:51,34,smart_tv
7950,140,2541,2023-05-13 15:13:50,54,smart_tv
7951,140,577,2025-08-10 04:02:20,68,desktop
7952,140,936,2025-12-28 07:39:32,197,smart_speaker
7953,140,504,2024-01-22 15:51:50,137,tablet
7954,140,845,2023-05-08 21:02:34,125,desktop
7955,140,1443,2024-11-01 17:34:17,72,web
7956,140,2226,2024-12-16 05:10:53,65,web
7957,140,1275,2024-07-03 23:54:17,41,tablet
7958,140,115,2025-06-11 11:20:07,62,mobile
7959,140,1092,2024-11-24 07:33:37,284,mobile
7960,140,1758,2025-05-05 08:16:36,114,smart_speaker
7961,140,2499,2025-04-16 03:46:45,118,mobile
7962,140,2197,2025-10-07 13:24:09,62,tablet
7963,140,1170,2024-08-22 21:18:00,310,desktop
7964,140,397,2024-09-13 15:41:18,79,smart_tv
7965,140,534,2025-07-17 19:02:36,279,mobile
7966,140,869,2025-03-23 17:44:35,140,web
7967,140,1167,2025-09-27 04:44:07,140,web
7968,141,2618,2025-09-23 18:13:53,142,desktop
7969,141,580,2023-09-10 05:55:46,141,desktop
7970,141,566,2024-01-27 18:43:16,111,smart_tv
7971,141,820,2024-12-04 16:53:47,172,web
7972,141,880,2024-09-02 02:31:27,292,web
7973,141,322,2023-09-04 07:35:03,204,tablet
7974,141,427,2024-04-01 02:31:09,117,desktop
7975,141,2136,2025-01-23 15:19:59,307,tablet
7976,141,1954,2024-06-23 07:28:16,33,tablet
7977,141,1058,2024-12-24 06:41:54,174,web
7978,141,370,2024-11-18 20:04:11,84,tablet
7979,141,880,2024-02-29 05:29:15,167,mobile
7980,141,15,2024-06-18 16:07:59,264,smart_speaker
7981,141,1227,2025-11-03 06:43:31,123,mobile
7982,141,1584,2025-12-10 01:11:22,112,desktop
7983,141,1433,2023-12-03 23:37:36,120,smart_speaker
7984,141,1011,2025-09-08 20:52:14,62,tablet
7985,141,1225,2024-02-22 06:52:32,305,desktop
7986,141,1138,2024-08-04 07:32:07,90,smart_speaker
7987,141,2406,2024-07-27 06:58:46,111,mobile
7988,141,2254,2025-10-09 23:45:05,387,smart_speaker
7989,141,1842,2025-01-20 00:55:23,192,tablet
7990,141,2024,2023-07-31 17:17:36,308,mobile
7991,141,1320,2025-11-04 22:51:29,260,mobile
7992,141,1753,2024-10-19 21:52:26,121,tablet
7993,141,3,2023-06-10 19:55:41,249,desktop
7994,141,767,2023-02-10 19:41:32,183,desktop
7995,141,1838,2024-11-20 00:30:27,93,tablet
7996,141,2510,2024-03-19 03:12:43,310,smart_tv
7997,141,676,2024-03-13 16:27:55,162,tablet
7998,141,2394,2023-07-20 21:14:13,249,mobile
7999,141,1428,2023-09-25 00:47:50,162,web
8000,141,974,2023-01-10 00:27:59,195,smart_tv
8001,141,2251,2023-07-27 09:34:58,216,mobile
8002,141,2293,2023-03-15 02:49:10,160,desktop
8003,141,88,2025-01-06 05:27:00,194,smart_speaker
8004,141,18,2025-07-11 16:46:23,286,smart_speaker
8005,141,748,2023-09-23 17:05:24,48,smart_speaker
8006,141,530,2024-07-07 16:12:47,120,web
8007,141,472,2023-01-07 01:50:39,195,web
8008,141,2431,2024-03-01 05:54:08,103,desktop
8009,141,2602,2024-06-20 17:19:37,377,tablet
8010,141,2012,2025-05-27 13:05:12,71,desktop
8011,141,204,2023-09-01 14:33:20,280,smart_speaker
8012,141,536,2025-07-01 14:50:16,35,desktop
8013,141,1291,2023-05-16 00:21:19,35,mobile
8014,141,688,2023-09-21 02:46:21,275,smart_speaker
8015,141,2300,2023-07-31 13:36:31,76,smart_tv
8016,141,2344,2025-06-05 10:31:41,242,smart_speaker
8017,141,2153,2024-01-20 16:27:12,200,smart_speaker
8018,141,1027,2023-11-25 19:51:36,116,smart_tv
8019,141,140,2023-12-27 10:47:09,121,desktop
8020,141,1228,2023-03-18 09:01:24,31,web
8021,141,1917,2025-01-05 17:20:38,46,mobile
8022,141,955,2025-01-17 11:19:24,56,smart_tv
8023,141,434,2024-06-23 07:01:50,42,smart_tv
8024,141,2221,2024-05-24 03:52:50,105,tablet
8025,141,1562,2023-01-21 23:26:18,289,smart_speaker
8026,141,2303,2025-06-28 14:14:49,124,smart_speaker
8027,141,663,2025-11-14 00:51:50,42,smart_speaker
8028,141,1338,2023-07-01 20:33:11,213,mobile
8029,141,766,2023-08-06 22:23:11,195,smart_speaker
8030,141,1707,2024-08-18 06:18:10,53,mobile
8031,141,2346,2025-06-25 05:59:45,263,web
8032,141,1187,2025-06-16 15:43:13,173,mobile
8033,141,422,2024-11-17 16:25:20,58,tablet
8034,141,2387,2023-04-08 00:06:21,150,smart_tv
8035,141,1212,2025-02-16 23:55:49,280,desktop
8036,141,1931,2023-07-15 11:21:13,206,smart_speaker
8037,141,88,2023-06-14 03:50:23,67,tablet
8038,141,2467,2025-06-13 11:41:01,248,smart_speaker
8039,141,1144,2025-03-20 13:26:24,134,tablet
8040,141,940,2025-12-21 07:31:24,64,smart_speaker
8041,141,1809,2025-04-20 09:08:50,199,smart_tv
8042,141,2576,2025-01-31 13:24:46,49,tablet
8043,141,1279,2025-10-17 20:54:21,140,desktop
8044,141,2323,2025-12-07 16:46:08,127,tablet
8045,141,2544,2025-07-13 04:15:03,195,smart_tv
8046,141,335,2025-06-22 08:50:37,107,smart_tv
8047,141,2035,2023-03-22 04:16:33,41,smart_tv
8048,141,362,2025-07-21 08:47:06,40,web
8049,141,2639,2025-12-30 19:30:04,54,desktop
8050,141,1502,2023-10-21 01:37:56,86,smart_tv
8051,141,913,2024-06-26 16:00:51,106,mobile
8052,141,2563,2024-12-31 10:35:43,52,desktop
8053,141,1089,2023-01-18 02:17:32,203,web
8054,141,355,2024-08-02 04:58:02,194,smart_speaker
8055,141,2226,2025-09-30 02:12:10,141,smart_tv
8056,141,1015,2023-06-21 05:19:50,169,web
8057,141,907,2025-04-21 22:07:14,268,mobile
8058,141,1538,2023-06-20 17:56:44,46,tablet
8059,141,1245,2023-08-15 10:55:32,59,mobile
8060,141,2138,2025-02-16 01:43:49,347,tablet
8061,141,2507,2024-02-03 21:48:48,335,web
8062,142,2556,2023-08-18 19:50:56,215,web
8063,142,1583,2024-05-20 05:53:28,115,mobile
8064,142,1950,2023-11-15 21:43:30,149,smart_tv
8065,142,1598,2024-10-19 04:20:41,108,smart_speaker
8066,142,492,2024-03-08 18:51:02,87,mobile
8067,142,893,2024-11-30 21:45:36,63,mobile
8068,142,3,2025-12-23 07:50:10,77,smart_speaker
8069,142,2240,2023-04-01 05:52:13,59,mobile
8070,142,20,2024-09-28 16:39:06,93,smart_speaker
8071,142,675,2023-10-09 10:25:35,100,tablet
8072,142,964,2023-09-04 20:40:44,226,tablet
8073,142,1088,2025-06-02 05:22:18,240,web
8074,142,1288,2023-05-05 17:31:20,286,mobile
8075,142,2629,2025-06-18 20:55:52,279,smart_speaker
8076,142,1354,2024-05-21 00:29:20,46,smart_tv
8077,142,2450,2023-06-25 05:05:57,207,tablet
8078,142,977,2024-09-14 11:23:46,326,smart_speaker
8079,142,168,2025-09-23 11:27:54,84,tablet
8080,142,1504,2025-07-24 20:57:11,212,tablet
8081,142,2187,2025-07-12 11:48:58,134,mobile
8082,142,1162,2025-08-16 12:06:35,169,mobile
8083,142,2149,2023-03-14 12:31:57,341,mobile
8084,142,138,2023-01-09 22:01:50,136,smart_speaker
8085,142,1335,2024-09-14 12:12:34,186,smart_speaker
8086,143,2470,2025-04-12 07:27:32,85,desktop
8087,143,781,2023-05-14 05:21:10,80,smart_tv
8088,143,2413,2023-09-19 16:04:49,229,smart_tv
8089,143,1180,2023-01-27 17:34:49,90,web
8090,143,198,2024-11-25 07:42:21,207,mobile
8091,143,1380,2025-05-26 00:41:15,103,smart_speaker
8092,143,111,2025-10-15 06:05:37,85,tablet
8093,143,85,2025-03-12 09:51:35,44,mobile
8094,143,1539,2024-11-26 00:52:38,58,mobile
8095,143,2357,2023-06-12 10:10:49,256,smart_speaker
8096,143,1540,2024-07-28 00:54:39,80,mobile
8097,143,1336,2025-07-29 07:33:39,71,mobile
8098,143,2214,2024-08-17 04:14:15,114,desktop
8099,143,2044,2024-03-25 10:00:36,326,tablet
8100,143,1450,2025-12-08 18:37:36,212,web
8101,143,2184,2023-11-01 00:12:16,334,desktop
8102,143,349,2025-03-26 22:00:59,216,web
8103,143,1781,2024-08-21 09:53:33,200,tablet
8104,143,2314,2024-01-17 18:48:00,160,smart_tv
8105,143,2090,2023-06-14 15:47:17,233,desktop
8106,143,1681,2025-03-14 10:59:47,100,smart_speaker
8107,144,30,2024-12-29 12:08:43,222,web
8108,144,2569,2025-11-09 07:57:34,91,desktop
8109,144,242,2023-05-06 17:05:39,148,mobile
8110,144,2574,2023-12-05 13:23:43,32,smart_tv
8111,144,2571,2025-03-26 22:25:18,60,smart_tv
8112,144,1736,2023-07-19 17:47:41,157,web
8113,144,708,2024-05-23 01:42:36,115,smart_speaker
8114,144,2230,2023-06-27 01:12:36,73,web
8115,144,2548,2025-10-07 04:09:49,44,desktop
8116,144,1802,2024-12-20 19:27:31,83,mobile
8117,144,1486,2023-05-29 03:39:10,45,smart_tv
8118,144,2060,2024-02-18 08:28:02,109,desktop
8119,144,1079,2024-08-27 08:11:05,149,smart_tv
8120,144,80,2023-04-05 21:54:50,62,web
8121,144,570,2024-06-20 06:24:45,185,smart_tv
8122,144,1685,2024-05-05 05:10:48,93,mobile
8123,144,753,2024-06-10 00:15:30,161,tablet
8124,144,1434,2025-04-26 17:25:40,107,smart_tv
8125,144,2328,2025-10-29 09:23:21,132,tablet
8126,144,360,2025-07-13 10:24:23,130,mobile
8127,144,1042,2025-06-10 03:10:07,139,smart_speaker
8128,144,74,2023-04-14 15:24:46,198,web
8129,144,1084,2023-02-13 13:50:10,35,tablet
8130,144,1244,2025-09-28 18:38:42,106,tablet
8131,144,2341,2024-10-18 18:19:48,73,web
8132,145,593,2023-06-20 03:25:38,83,tablet
8133,145,1009,2025-05-06 23:14:12,187,smart_tv
8134,145,890,2025-06-23 05:01:06,116,mobile
8135,145,1874,2024-09-19 02:59:28,129,web
8136,145,1648,2025-01-25 01:52:09,121,web
8137,145,622,2024-02-03 20:42:55,194,tablet
8138,145,745,2023-01-22 21:54:00,153,mobile
8139,145,1314,2025-01-16 22:08:09,180,smart_speaker
8140,145,2023,2023-01-15 01:35:37,237,tablet
8141,145,2284,2023-04-13 01:30:25,56,desktop
8142,145,1137,2024-07-26 20:42:28,59,smart_tv
8143,145,1793,2025-05-05 10:11:51,89,smart_tv
8144,145,917,2024-05-23 10:30:02,40,web
8145,145,2556,2024-10-16 19:01:10,218,smart_speaker
8146,145,200,2023-06-09 21:33:19,175,desktop
8147,145,600,2024-12-14 20:10:37,60,smart_tv
8148,145,1701,2023-09-24 03:23:53,135,smart_speaker
8149,145,2647,2023-12-22 15:15:20,213,desktop
8150,145,1719,2023-01-02 21:35:37,51,smart_tv
8151,145,2578,2024-11-26 01:38:52,118,smart_tv
8152,145,1407,2024-06-05 14:25:56,159,mobile
8153,145,836,2023-07-17 13:22:45,141,mobile
8154,145,778,2024-06-05 03:05:38,163,desktop
8155,145,1854,2023-01-09 10:53:16,40,web
8156,145,2257,2023-07-18 20:36:27,139,desktop
8157,145,2647,2023-07-26 00:20:15,359,web
8158,145,236,2023-03-22 01:14:56,51,tablet
8159,145,913,2023-03-08 22:28:21,171,web
8160,145,1635,2025-01-01 17:52:22,188,mobile
8161,145,1857,2023-05-26 20:31:33,308,web
8162,145,1525,2023-12-08 21:12:03,89,mobile
8163,145,318,2024-06-12 08:39:35,133,tablet
8164,145,2078,2023-12-08 15:15:09,71,smart_tv
8165,145,728,2025-05-13 00:19:23,142,smart_tv
8166,145,1391,2023-10-28 07:44:27,84,smart_speaker
8167,145,1060,2025-04-23 09:45:53,269,desktop
8168,145,974,2024-08-11 06:51:43,177,smart_speaker
8169,145,618,2023-06-22 01:20:13,206,desktop
8170,145,2405,2024-10-06 14:44:44,159,tablet
8171,145,2134,2024-12-26 04:10:00,222,mobile
8172,145,1550,2024-08-19 12:29:17,129,web
8173,145,2505,2023-11-22 01:00:07,213,mobile
8174,145,850,2023-07-25 22:41:32,112,mobile
8175,145,1778,2025-05-07 15:04:05,212,smart_speaker
8176,145,190,2024-12-25 10:50:32,30,mobile
8177,145,2097,2023-08-31 05:57:06,72,web
8178,145,1370,2024-06-06 07:05:18,280,tablet
8179,145,359,2023-07-27 22:04:37,236,tablet
8180,145,412,2023-10-05 03:00:33,56,smart_speaker
8181,145,2238,2023-10-23 19:55:59,143,web
8182,145,799,2024-03-27 01:37:59,37,web
8183,145,320,2024-12-29 19:36:52,324,web
8184,145,297,2025-07-10 00:33:29,185,tablet
8185,145,1401,2025-09-04 21:26:44,217,smart_tv
8186,145,1790,2024-08-26 01:57:14,126,desktop
8187,145,1409,2023-11-10 05:20:42,240,smart_tv
8188,145,423,2023-06-09 02:25:14,154,mobile
8189,146,177,2023-12-21 10:13:22,108,tablet
8190,146,1965,2025-12-10 22:04:27,98,mobile
8191,146,2589,2024-11-21 07:04:20,117,smart_tv
8192,146,1412,2025-08-19 01:51:28,74,desktop
8193,146,24,2023-03-15 11:45:46,46,desktop
8194,146,1199,2023-10-04 22:08:58,63,desktop
8195,146,1844,2023-05-23 05:39:02,133,smart_tv
8196,146,1275,2023-12-21 04:08:59,141,web
8197,146,789,2025-12-13 18:21:59,121,mobile
8198,146,2455,2025-08-25 02:58:00,261,web
8199,146,655,2023-04-12 15:44:17,46,mobile
8200,146,1298,2023-07-27 08:41:37,112,smart_tv
8201,146,36,2025-08-14 04:23:30,138,web
8202,146,228,2024-10-17 01:06:03,237,smart_tv
8203,146,1758,2025-09-06 12:45:34,161,desktop
8204,146,195,2025-09-12 11:11:41,208,mobile
8205,146,383,2025-02-13 15:30:59,92,mobile
8206,146,165,2023-05-01 20:20:08,40,smart_speaker
8207,146,470,2023-02-17 23:23:59,164,smart_tv
8208,146,147,2023-03-16 15:27:27,199,desktop
8209,146,192,2024-04-28 15:35:37,329,tablet
8210,146,1586,2024-10-10 17:13:35,303,smart_tv
8211,146,1419,2023-05-19 04:09:13,32,desktop
8212,146,2246,2025-07-16 16:07:07,75,desktop
8213,146,1935,2025-12-01 02:41:48,192,desktop
8214,146,555,2024-12-14 14:44:14,227,web
8215,146,2169,2023-12-24 10:36:38,323,desktop
8216,147,34,2023-09-16 16:29:15,204,desktop
8217,147,743,2024-04-22 16:31:04,98,smart_speaker
8218,147,2228,2025-04-25 16:27:01,41,smart_tv
8219,147,1677,2025-07-18 20:16:35,401,web
8220,147,1785,2024-07-08 10:06:14,148,smart_tv
8221,147,1634,2024-05-03 11:48:08,109,desktop
8222,147,2343,2024-07-01 14:26:40,182,desktop
8223,147,2270,2025-05-30 12:31:59,55,tablet
8224,147,1736,2024-01-02 15:56:52,67,desktop
8225,147,1211,2024-06-16 01:17:07,380,desktop
8226,147,1062,2024-12-05 14:35:10,96,smart_speaker
8227,147,270,2023-04-29 09:40:08,133,mobile
8228,147,2087,2024-02-17 05:30:44,268,smart_speaker
8229,147,494,2025-05-16 20:21:40,110,desktop
8230,147,670,2023-11-28 15:12:59,166,web
8231,147,1111,2025-09-12 10:26:04,176,tablet
8232,147,1141,2024-12-06 10:02:06,200,tablet
8233,147,2195,2024-04-16 21:13:53,164,tablet
8234,147,1619,2025-08-20 00:21:37,109,tablet
8235,147,1346,2023-05-05 20:37:59,388,tablet
8236,147,726,2023-07-03 09:20:50,191,tablet
8237,147,1899,2023-08-07 04:05:59,109,web
8238,147,2402,2023-05-25 13:10:59,95,desktop
8239,147,1555,2023-03-28 03:32:17,152,mobile
8240,147,899,2023-11-12 07:41:15,178,mobile
8241,147,1106,2023-12-30 23:35:41,166,desktop
8242,147,1806,2024-09-18 09:08:26,102,web
8243,147,1625,2023-06-29 01:19:08,97,desktop
8244,147,2463,2024-06-30 04:27:47,71,tablet
8245,147,1503,2025-09-17 06:41:15,105,tablet
8246,147,2340,2023-06-23 15:41:33,244,desktop
8247,147,1809,2023-09-26 10:08:20,32,smart_tv
8248,147,1920,2024-11-16 16:35:13,193,web
8249,147,892,2023-04-04 15:10:11,265,smart_speaker
8250,147,109,2024-01-10 16:28:18,186,smart_speaker
8251,147,876,2024-02-01 15:16:46,234,smart_speaker
8252,147,1619,2023-09-07 22:47:08,43,web
8253,147,1962,2024-06-17 20:37:02,138,smart_speaker
8254,147,475,2025-07-20 02:17:39,74,web
8255,147,2624,2025-06-23 09:48:27,78,smart_speaker
8256,147,648,2025-03-14 03:03:22,117,smart_speaker
8257,147,344,2025-03-03 09:20:39,399,desktop
8258,147,1313,2023-01-21 10:28:04,256,desktop
8259,147,2550,2025-02-16 06:52:06,107,smart_speaker
8260,147,2616,2024-05-14 23:13:06,203,mobile
8261,147,1488,2023-02-27 04:15:08,230,smart_speaker
8262,147,488,2024-06-21 01:20:20,54,web
8263,147,355,2024-02-16 20:27:56,242,desktop
8264,147,1887,2025-02-19 04:22:14,115,smart_tv
8265,147,2600,2024-09-24 05:19:38,112,mobile
8266,147,1923,2024-09-02 00:02:15,112,web
8267,147,1893,2023-10-03 04:41:17,188,desktop
8268,147,2071,2023-07-11 06:31:10,186,tablet
8269,147,1486,2024-09-28 04:33:39,209,mobile
8270,147,1100,2025-07-09 20:03:13,338,smart_tv
8271,147,1405,2023-11-13 06:49:40,47,mobile
8272,147,1213,2024-02-08 06:15:49,227,web
8273,147,871,2024-01-15 05:09:24,163,tablet
8274,147,1329,2024-03-17 01:14:22,115,mobile
8275,147,366,2023-07-14 08:32:56,113,desktop
8276,147,573,2023-04-25 00:22:37,163,web
8277,147,2060,2024-04-06 06:02:29,173,mobile
8278,147,838,2023-05-03 13:41:28,46,mobile
8279,147,1466,2025-07-31 09:07:28,155,mobile
8280,147,2268,2025-06-10 13:36:43,296,smart_speaker
8281,147,960,2023-02-06 23:21:28,319,web
8282,147,623,2025-10-12 12:33:09,124,desktop
8283,147,163,2023-09-14 04:41:44,109,mobile
8284,147,2048,2024-10-24 21:24:38,238,smart_speaker
8285,147,1797,2023-03-12 21:08:01,133,smart_speaker
8286,147,825,2025-12-18 08:23:17,100,desktop
8287,147,2264,2023-09-13 18:00:50,126,web
8288,147,1675,2024-11-27 12:19:09,104,mobile
8289,147,76,2025-10-31 22:58:12,31,smart_speaker
8290,147,1970,2025-01-27 16:13:31,86,tablet
8291,147,1203,2025-06-20 12:31:43,198,smart_tv
8292,147,759,2024-07-21 13:08:04,200,smart_speaker
8293,147,1434,2025-07-07 10:26:25,34,web
8294,147,473,2023-08-08 05:20:49,53,desktop
8295,147,1492,2024-05-31 09:22:13,78,mobile
8296,147,485,2023-09-09 08:08:11,116,desktop
8297,147,1035,2025-11-29 10:39:40,80,smart_tv
8298,147,1059,2024-08-27 00:58:23,84,smart_speaker
8299,147,912,2024-12-23 08:48:08,45,smart_tv
8300,147,1948,2025-09-12 22:38:36,198,smart_tv
8301,147,1223,2024-03-27 05:31:05,35,desktop
8302,148,354,2024-02-21 03:05:52,161,desktop
8303,148,752,2023-07-05 16:04:12,48,smart_speaker
8304,148,1067,2024-05-28 09:16:15,223,web
8305,148,2023,2023-10-08 11:07:03,39,tablet
8306,148,1536,2024-05-12 12:25:40,88,desktop
8307,148,413,2024-09-08 04:09:21,362,smart_speaker
8308,148,1329,2024-06-30 11:45:09,111,mobile
8309,148,632,2024-08-24 23:23:38,240,smart_speaker
8310,148,1168,2024-07-24 17:13:23,37,tablet
8311,148,2142,2023-11-20 23:25:18,130,mobile
8312,148,1895,2023-09-04 23:09:21,106,smart_speaker
8313,148,2060,2024-03-13 22:59:26,178,smart_speaker
8314,148,817,2025-06-19 22:50:53,49,web
8315,148,2180,2025-09-12 07:11:32,316,web
8316,148,1665,2024-08-25 22:56:03,159,smart_speaker
8317,148,2165,2023-01-23 14:01:18,55,mobile
8318,148,1639,2025-09-09 10:39:42,117,web
8319,148,738,2025-04-03 16:36:53,74,tablet
8320,148,1277,2023-10-31 23:02:13,38,tablet
8321,148,716,2025-10-22 15:36:50,138,web
8322,148,1742,2023-06-10 08:15:38,160,mobile
8323,148,1771,2023-12-29 19:35:09,143,mobile
8324,148,1887,2025-09-18 01:45:42,71,smart_tv
8325,148,1068,2025-12-31 21:04:03,101,mobile
8326,148,185,2025-10-20 09:31:38,119,mobile
8327,148,751,2025-10-06 11:30:33,109,tablet
8328,148,20,2024-11-18 11:22:29,88,smart_speaker
8329,148,1814,2025-01-05 20:17:28,217,smart_speaker
8330,148,2100,2023-05-10 10:08:11,36,tablet
8331,148,2081,2024-07-27 21:54:18,329,mobile
8332,148,1426,2025-07-17 07:02:34,36,web
8333,148,1470,2024-02-17 00:46:19,117,tablet
8334,148,2278,2024-11-25 13:42:16,297,tablet
8335,148,2593,2023-03-10 10:07:47,108,mobile
8336,148,1259,2025-02-14 20:17:11,83,tablet
8337,148,26,2025-11-22 03:53:23,267,smart_tv
8338,148,2361,2024-06-26 13:39:12,69,tablet
8339,148,1641,2025-08-05 09:49:00,331,desktop
8340,148,549,2025-07-07 21:59:51,88,web
8341,148,818,2024-12-09 12:47:46,110,smart_speaker
8342,148,139,2025-09-03 10:09:36,62,smart_tv
8343,148,2272,2025-03-24 05:26:32,102,web
8344,148,57,2024-04-23 16:45:49,208,smart_tv
8345,148,1654,2025-12-07 07:01:58,90,desktop
8346,148,47,2025-08-25 22:22:03,327,tablet
8347,148,1929,2025-09-22 22:53:51,182,mobile
8348,148,1249,2023-06-09 04:32:40,110,web
8349,148,2362,2023-10-16 21:33:00,286,tablet
8350,148,568,2024-12-26 21:01:58,224,smart_tv
8351,148,1871,2024-03-08 02:41:00,56,smart_tv
8352,148,1377,2024-01-11 22:50:31,257,tablet
8353,148,1672,2024-08-05 15:47:45,142,smart_speaker
8354,148,1408,2024-10-13 03:25:00,135,web
8355,148,1816,2023-06-07 09:50:00,126,tablet
8356,148,969,2024-09-08 19:49:00,64,web
8357,148,466,2023-05-27 15:10:57,133,smart_speaker
8358,148,1512,2025-07-01 21:21:03,133,tablet
8359,148,567,2024-04-27 16:09:31,66,smart_tv
8360,148,482,2024-10-30 09:54:18,297,smart_tv
8361,148,1233,2025-02-01 06:15:04,170,desktop
8362,148,1289,2024-09-23 21:27:42,93,tablet
8363,148,836,2023-09-27 04:38:38,113,mobile
8364,148,42,2023-07-10 09:20:03,71,mobile
8365,148,679,2025-10-19 04:55:37,297,desktop
8366,148,481,2024-02-21 05:19:25,322,web
8367,148,277,2024-02-24 05:06:49,69,mobile
8368,148,348,2023-05-20 09:55:22,219,desktop
8369,148,187,2023-05-07 20:43:18,361,smart_tv
8370,148,1252,2024-12-27 02:30:38,162,web
8371,148,2295,2023-05-25 20:22:57,110,web
8372,148,1946,2025-06-02 09:19:37,141,mobile
8373,148,2409,2024-03-01 18:52:35,46,desktop
8374,148,2051,2023-03-29 18:15:38,77,web
8375,148,278,2023-09-26 10:56:08,95,tablet
8376,148,2208,2023-08-28 09:45:13,164,smart_tv
8377,148,36,2025-03-01 14:04:28,42,web
8378,148,2041,2023-03-09 02:36:33,122,smart_tv
8379,148,2120,2025-09-27 01:03:01,122,smart_tv
8380,148,1103,2023-10-27 22:24:19,134,web
8381,148,1181,2023-09-12 02:51:20,114,tablet
8382,148,731,2025-11-17 10:48:54,109,web
8383,148,1892,2023-04-05 09:08:01,74,smart_tv
8384,148,2559,2023-06-17 21:10:44,191,tablet
8385,148,1197,2024-09-11 00:34:52,237,smart_tv
8386,148,2485,2025-08-30 05:32:44,97,mobile
8387,148,1982,2025-12-21 20:53:05,119,smart_speaker
8388,148,1881,2023-08-20 15:46:55,46,desktop
8389,148,476,2025-03-23 19:33:19,361,smart_tv
8390,148,105,2025-03-01 08:26:40,240,web
8391,148,987,2023-11-20 06:00:31,184,web
8392,149,1436,2023-12-25 04:40:51,255,tablet
8393,149,192,2025-05-02 17:53:11,118,smart_speaker
8394,149,84,2025-12-05 02:07:16,81,smart_speaker
8395,149,1320,2024-08-27 21:15:24,286,mobile
8396,149,567,2025-05-15 11:06:45,185,tablet
8397,149,8,2023-08-27 15:56:50,260,smart_speaker
8398,149,820,2024-10-14 06:56:33,207,desktop
8399,149,1551,2025-05-07 18:48:33,213,tablet
8400,149,2532,2024-04-04 22:35:08,57,web
8401,149,1202,2024-12-12 03:52:43,44,tablet
8402,149,1173,2024-12-08 21:30:20,113,mobile
8403,149,1419,2023-12-31 04:26:16,144,smart_tv
8404,149,2593,2025-07-29 18:09:13,72,smart_tv
8405,149,2614,2023-01-28 19:11:05,250,mobile
8406,149,2212,2023-07-20 15:42:33,93,web
8407,149,2120,2023-08-16 15:54:01,32,web
8408,149,67,2023-01-22 10:07:41,379,web
8409,149,706,2025-07-11 20:41:54,150,smart_speaker
8410,149,36,2024-10-16 09:09:38,276,web
8411,149,2263,2023-08-04 19:18:26,98,smart_tv
8412,149,1287,2025-09-08 01:02:03,190,desktop
8413,149,20,2025-08-05 00:14:46,67,desktop
8414,149,742,2023-09-22 03:32:48,60,desktop
8415,149,2106,2025-04-30 15:58:11,56,smart_tv
8416,149,2554,2023-02-02 10:24:48,134,tablet
8417,149,2198,2023-12-04 04:22:47,74,web
8418,149,613,2023-12-20 15:13:39,115,smart_tv
8419,149,589,2023-12-17 07:19:23,186,tablet
8420,149,567,2024-02-21 04:52:51,66,smart_tv
8421,149,238,2025-03-12 04:34:52,139,smart_speaker
8422,149,2151,2025-09-27 20:20:29,71,tablet
8423,149,2226,2025-06-26 09:06:25,182,tablet
8424,149,2220,2025-11-05 19:46:44,72,web
8425,149,673,2023-11-30 09:24:14,128,desktop
8426,149,723,2025-02-19 00:06:11,107,smart_tv
8427,149,1619,2023-07-05 13:50:51,184,smart_speaker
8428,149,2323,2024-11-21 19:52:34,40,mobile
8429,149,2083,2023-05-26 17:17:33,290,smart_tv
8430,149,807,2023-08-16 21:37:45,44,desktop
8431,149,2635,2023-12-19 06:49:54,144,web
8432,149,1303,2025-11-23 18:49:21,121,mobile
8433,149,1065,2024-06-19 12:49:36,121,tablet
8434,149,1055,2024-11-24 18:24:58,63,desktop
8435,149,1959,2023-02-13 07:42:17,43,tablet
8436,149,2114,2025-08-06 06:30:38,188,smart_tv
8437,150,1042,2023-09-14 18:49:33,52,web
8438,150,1406,2025-08-10 18:02:45,261,desktop
8439,150,131,2023-12-06 05:43:54,281,tablet
8440,150,2110,2024-07-20 14:31:26,361,mobile
8441,150,2150,2023-11-26 08:49:05,230,smart_tv
8442,150,1102,2023-12-12 08:36:06,104,web
8443,150,207,2023-03-23 02:38:16,132,web
8444,150,19,2025-10-03 19:27:23,311,desktop
8445,150,9,2025-09-19 17:51:55,146,smart_tv
8446,150,997,2024-11-06 07:09:01,225,smart_tv
8447,150,1489,2025-02-27 18:19:54,212,smart_speaker
8448,150,2126,2024-11-17 06:12:23,279,mobile
8449,150,1300,2024-12-27 17:07:05,59,desktop
8450,150,953,2024-05-31 08:37:23,86,smart_speaker
8451,150,868,2025-02-13 21:14:44,331,mobile
8452,150,756,2024-01-19 03:35:59,98,web
8453,150,2426,2024-03-28 02:05:06,116,mobile
8454,150,1338,2024-11-09 13:47:18,334,web
8455,150,1186,2025-11-20 20:36:05,264,smart_tv
8456,150,430,2025-08-08 14:02:39,116,smart_tv
8457,150,2149,2023-07-06 02:25:46,108,web
8458,150,180,2024-12-17 18:52:29,235,desktop
8459,150,1147,2025-04-20 08:31:27,39,smart_speaker
8460,150,2514,2024-07-02 15:17:01,111,desktop
8461,150,1074,2025-10-17 15:30:53,98,smart_tv
8462,150,1343,2024-10-24 20:15:01,89,smart_tv
8463,150,1006,2024-11-24 18:54:58,107,mobile
8464,150,324,2025-01-09 07:06:02,402,web
8465,150,94,2023-04-09 20:44:31,58,smart_tv
8466,150,1316,2025-09-18 04:39:22,114,tablet
8467,150,1604,2024-12-07 07:24:45,147,tablet
8468,150,1966,2024-01-20 22:30:02,124,mobile
8469,150,177,2024-10-12 07:47:01,146,web
8470,150,1244,2024-04-06 12:30:51,96,web
8471,150,2478,2025-07-29 14:25:10,290,smart_speaker
8472,150,174,2025-02-01 16:07:50,93,web
8473,150,1633,2025-01-28 09:26:47,190,smart_tv
8474,150,2128,2025-03-11 09:43:52,56,desktop
8475,150,75,2023-09-15 09:46:35,176,smart_speaker
8476,150,556,2023-12-07 09:03:20,30,mobile
8477,150,2295,2023-11-30 01:32:27,87,tablet
8478,150,495,2025-04-08 16:07:31,152,mobile
8479,150,1312,2024-05-01 04:46:10,39,desktop
8480,151,2562,2023-10-29 13:17:48,58,desktop
8481,151,2088,2023-01-16 04:06:47,78,tablet
8482,151,1104,2023-11-16 16:40:16,56,desktop
8483,151,1807,2023-12-08 19:54:56,85,desktop
8484,151,2340,2024-07-27 10:50:11,233,web
8485,151,119,2024-02-25 07:23:20,171,smart_speaker
8486,151,2568,2025-04-27 08:11:56,85,smart_speaker
8487,151,2217,2025-02-13 14:38:27,209,tablet
8488,151,2315,2025-05-29 09:28:32,266,desktop
8489,151,566,2025-12-14 09:42:42,120,web
8490,151,2390,2023-07-26 21:04:33,276,smart_speaker
8491,151,160,2025-08-24 03:27:09,332,desktop
8492,151,2138,2024-01-01 12:05:52,388,web
8493,151,2356,2025-04-18 02:05:49,232,desktop
8494,151,2368,2023-05-27 05:54:12,110,mobile
8495,151,1719,2023-10-05 07:40:48,37,tablet
8496,151,1757,2024-12-15 13:25:55,317,smart_tv
8497,151,805,2023-03-04 14:53:07,143,smart_speaker
8498,151,261,2024-08-24 23:17:15,178,mobile
8499,151,2341,2024-02-04 21:54:28,169,smart_tv
8500,151,1965,2023-03-02 16:29:48,149,web
8501,151,1556,2025-12-21 02:39:15,238,tablet
8502,151,1117,2024-03-01 18:34:16,330,mobile
8503,151,492,2025-04-27 17:28:24,119,mobile
8504,151,174,2023-06-14 08:09:56,205,tablet
8505,151,682,2024-11-15 01:29:29,119,tablet
8506,151,1370,2024-12-14 14:41:08,147,mobile
8507,151,420,2025-02-22 02:19:46,41,smart_speaker
8508,151,2025,2023-07-30 14:28:27,202,smart_speaker
8509,151,1235,2023-09-30 11:57:06,144,mobile
8510,151,538,2023-09-08 16:01:10,194,web
8511,151,1948,2023-10-07 03:33:28,278,web
8512,151,1526,2023-09-03 19:18:24,88,web
8513,151,1409,2023-09-19 00:40:48,279,web
8514,151,603,2024-01-10 23:25:05,65,mobile
8515,151,1092,2023-12-11 06:04:53,177,mobile
8516,151,1582,2024-08-19 01:39:09,251,desktop
8517,151,2221,2023-09-04 12:15:50,243,smart_tv
8518,151,1799,2024-07-21 14:49:51,328,smart_tv
8519,151,541,2024-12-23 13:04:25,142,smart_tv
8520,151,449,2025-10-12 03:48:45,176,smart_speaker
8521,151,1127,2024-09-24 20:40:46,43,tablet
8522,151,773,2025-12-27 05:26:01,184,smart_tv
8523,151,1358,2025-09-18 17:54:18,255,tablet
8524,151,250,2025-08-11 10:26:14,127,smart_speaker
8525,151,952,2024-02-08 05:13:41,118,web
8526,151,2188,2024-11-09 07:34:12,159,smart_tv
8527,151,385,2024-10-25 11:25:25,207,tablet
8528,151,1641,2023-09-03 21:23:40,344,desktop
8529,151,2314,2023-05-26 00:43:50,284,smart_tv
8530,151,791,2024-08-28 04:56:00,226,mobile
8531,151,1334,2024-01-11 01:16:50,126,smart_speaker
8532,151,9,2025-04-24 15:24:01,46,mobile
8533,151,53,2023-02-06 06:01:32,38,smart_tv
8534,151,1929,2025-04-19 12:36:35,90,mobile
8535,151,2124,2023-09-01 01:55:34,239,desktop
8536,151,1953,2025-09-20 05:23:54,94,mobile
8537,151,2404,2025-04-18 20:26:35,278,web
8538,151,196,2023-11-19 18:28:01,123,desktop
8539,151,1302,2023-03-29 20:20:39,217,smart_speaker
8540,151,363,2025-08-28 02:46:38,80,desktop
8541,151,2560,2025-11-13 02:34:44,68,desktop
8542,151,1945,2024-02-06 02:12:33,179,tablet
8543,151,1086,2025-10-21 23:32:50,209,web
8544,151,1162,2024-03-15 22:22:23,276,desktop
8545,151,1818,2025-03-16 18:19:40,156,web
8546,151,2457,2023-09-29 09:04:12,104,tablet
8547,151,1794,2025-11-17 08:15:22,265,mobile
8548,151,1867,2024-04-29 09:09:31,33,smart_tv
8549,151,1606,2025-05-16 21:46:52,228,smart_tv
8550,151,2329,2025-06-16 16:04:43,220,tablet
8551,151,515,2023-01-09 22:03:05,204,smart_tv
8552,151,495,2023-12-06 17:42:43,150,smart_tv
8553,151,2496,2025-04-06 05:46:49,114,desktop
8554,151,1855,2024-08-06 20:09:53,40,smart_speaker
8555,151,537,2024-05-07 16:10:35,134,mobile
8556,151,2231,2025-02-03 19:47:54,295,smart_tv
8557,151,2310,2023-02-15 04:14:12,65,desktop
8558,151,2050,2023-04-30 03:39:55,120,mobile
8559,151,661,2024-09-22 10:57:28,141,tablet
8560,151,2275,2023-06-23 10:39:47,217,smart_tv
8561,151,1959,2023-04-27 10:51:21,38,desktop
8562,151,1593,2023-09-24 04:49:29,73,web
8563,151,1330,2023-06-08 17:02:41,341,desktop
8564,151,787,2024-05-07 07:40:35,244,desktop
8565,151,2079,2024-03-23 14:22:00,178,desktop
8566,151,1996,2025-11-10 14:42:35,76,smart_speaker
8567,151,753,2025-02-15 19:04:16,160,mobile
8568,152,688,2024-07-05 05:14:12,97,mobile
8569,152,177,2024-02-17 05:57:12,92,desktop
8570,152,191,2025-05-23 19:59:26,65,smart_speaker
8571,152,642,2025-02-16 05:42:55,60,desktop
8572,152,1195,2025-01-17 22:36:14,233,web
8573,152,1716,2024-10-31 14:32:16,368,smart_tv
8574,152,2102,2023-11-17 08:45:38,43,desktop
8575,152,400,2025-01-31 11:45:49,116,smart_speaker
8576,152,1092,2023-03-19 23:42:31,140,smart_tv
8577,152,1435,2023-05-05 20:27:01,139,smart_tv
8578,152,1704,2025-11-25 18:59:42,166,tablet
8579,152,2173,2023-06-24 12:03:28,107,web
8580,152,417,2025-07-14 00:23:49,224,smart_tv
8581,152,2308,2025-08-12 21:43:24,55,smart_speaker
8582,152,1191,2024-05-21 22:49:18,47,smart_speaker
8583,152,629,2023-01-05 10:47:15,160,web
8584,152,1114,2025-08-23 13:42:25,139,tablet
8585,152,1023,2025-03-07 16:02:26,73,mobile
8586,152,2335,2024-02-12 13:58:22,40,tablet
8587,152,1652,2025-04-18 04:33:52,178,web
8588,152,1422,2025-09-11 14:43:10,139,web
8589,152,1033,2023-03-26 16:10:28,269,mobile
8590,153,1892,2024-07-18 19:10:39,74,smart_speaker
8591,153,1855,2025-08-03 01:43:30,109,smart_tv
8592,153,675,2023-08-05 05:25:46,251,tablet
8593,153,1936,2025-10-19 22:58:57,210,tablet
8594,153,194,2023-07-20 00:31:27,262,desktop
8595,153,1378,2025-08-16 11:18:33,93,web
8596,153,482,2025-10-25 12:28:41,110,desktop
8597,153,1946,2023-09-20 03:09:37,125,tablet
8598,153,1170,2025-11-18 09:08:19,321,tablet
8599,153,1290,2025-08-29 05:00:44,33,desktop
8600,153,55,2024-12-04 14:33:58,325,tablet
8601,153,2236,2023-07-25 20:24:34,72,tablet
8602,153,1753,2024-12-30 05:01:25,255,desktop
8603,153,974,2025-08-19 04:05:07,222,smart_tv
8604,153,1987,2025-03-19 01:01:42,78,smart_speaker
8605,153,45,2024-11-20 10:18:41,111,mobile
8606,154,826,2025-04-24 06:09:34,32,smart_tv
8607,154,1746,2023-10-09 04:50:53,237,smart_tv
8608,154,2546,2024-04-09 09:05:52,36,smart_speaker
8609,154,2369,2023-03-01 17:36:00,265,desktop
8610,154,1912,2023-07-31 14:51:57,51,smart_speaker
8611,154,457,2025-02-14 23:57:35,229,tablet
8612,154,2183,2023-01-24 07:50:01,141,smart_tv
8613,154,283,2024-03-19 20:02:58,354,web
8614,154,1458,2024-04-16 19:00:36,94,mobile
8615,154,747,2025-07-13 10:43:51,40,smart_speaker
8616,154,1484,2024-08-16 22:17:32,200,mobile
8617,154,1331,2025-03-22 19:27:05,101,smart_speaker
8618,154,1232,2023-04-21 04:53:06,193,tablet
8619,154,2338,2023-10-07 00:04:57,94,smart_speaker
8620,154,918,2024-05-24 13:22:28,235,mobile
8621,154,548,2023-07-29 10:48:10,181,desktop
8622,154,1461,2023-04-10 11:36:36,71,web
8623,154,1998,2024-04-11 03:11:54,95,web
8624,154,1664,2023-10-22 04:44:12,83,smart_speaker
8625,154,994,2025-04-19 08:43:23,218,mobile
8626,154,1435,2025-04-17 03:05:52,159,smart_tv
8627,154,137,2025-01-07 05:22:56,31,web
8628,154,1077,2023-12-22 12:30:34,116,web
8629,154,430,2025-01-26 10:07:24,221,smart_speaker
8630,154,785,2023-05-05 20:57:55,142,desktop
8631,154,1729,2023-04-12 15:25:15,47,smart_speaker
8632,154,1077,2024-05-22 08:39:07,131,desktop
8633,154,2642,2023-04-29 16:31:22,94,smart_tv
8634,154,2424,2024-09-08 19:48:52,43,desktop
8635,154,1728,2024-06-05 13:32:07,36,smart_speaker
8636,154,2194,2025-08-03 13:26:11,184,smart_tv
8637,154,1476,2024-06-04 10:03:42,288,tablet
8638,154,797,2025-01-04 09:12:06,332,smart_speaker
8639,154,1954,2025-04-17 02:40:41,291,mobile
8640,154,1745,2024-10-13 06:48:27,95,web
8641,154,177,2025-08-27 04:16:13,133,tablet
8642,154,320,2023-06-12 22:30:10,324,smart_speaker
8643,154,2079,2025-05-10 02:59:08,258,tablet
8644,154,2638,2024-04-15 07:10:06,273,desktop
8645,154,741,2023-05-10 16:58:18,273,web
8646,154,1854,2025-03-01 11:43:57,71,tablet
8647,154,1303,2024-12-17 17:23:58,176,smart_tv
8648,154,1893,2023-02-06 06:28:40,233,mobile
8649,154,2134,2025-09-17 16:07:47,233,tablet
8650,154,1390,2025-05-07 16:21:02,122,smart_speaker
8651,154,782,2024-04-29 18:30:53,168,tablet
8652,154,1697,2024-03-16 12:31:32,89,desktop
8653,154,1911,2024-07-21 06:38:17,108,mobile
8654,154,291,2024-05-14 19:48:52,248,tablet
8655,154,616,2025-01-04 10:38:12,262,mobile
8656,154,346,2025-09-24 23:50:10,206,smart_tv
8657,154,663,2024-08-28 10:38:36,132,smart_speaker
8658,154,2313,2025-04-15 09:22:11,71,smart_speaker
8659,154,233,2024-07-24 19:41:05,46,smart_tv
8660,154,2408,2023-08-21 04:49:31,33,mobile
8661,154,2287,2024-05-21 00:12:28,95,smart_tv
8662,154,976,2023-06-08 08:31:40,246,web
8663,154,1137,2024-09-27 10:52:02,50,smart_tv
8664,154,1646,2025-09-12 19:10:21,69,smart_speaker
8665,154,824,2023-09-07 13:43:22,91,smart_tv
8666,154,1372,2024-05-25 23:56:53,385,smart_speaker
8667,154,863,2025-03-11 09:32:48,163,desktop
8668,155,929,2025-10-12 20:13:44,52,tablet
8669,155,2382,2024-01-22 19:16:34,196,desktop
8670,155,1465,2024-03-19 16:54:48,160,tablet
8671,155,2368,2025-12-01 07:58:37,51,smart_speaker
8672,155,2582,2023-09-28 01:53:00,34,smart_tv
8673,155,1760,2024-11-06 09:28:45,112,desktop
8674,155,1060,2025-02-15 17:12:51,186,smart_tv
8675,155,360,2023-02-24 07:34:37,175,mobile
8676,155,88,2023-08-24 14:08:34,246,smart_speaker
8677,155,338,2023-01-01 04:29:05,40,mobile
8678,155,841,2023-09-18 16:12:13,125,smart_tv
8679,155,1636,2024-09-27 21:37:39,76,smart_tv
8680,155,2297,2023-01-21 07:37:06,160,web
8681,155,2095,2024-09-22 18:16:40,161,tablet
8682,155,2560,2025-12-29 20:56:22,178,mobile
8683,155,1604,2023-08-12 03:27:20,156,web
8684,155,1992,2024-10-05 02:35:43,206,mobile
8685,155,606,2025-08-03 21:56:59,181,desktop
8686,155,1452,2023-04-07 23:30:23,51,desktop
8687,155,546,2025-06-10 12:26:36,59,tablet
8688,155,825,2024-07-26 07:53:37,55,smart_tv
8689,155,1343,2025-06-28 12:41:07,110,smart_tv
8690,155,300,2025-07-09 04:07:13,148,smart_tv
8691,155,1616,2023-06-30 14:05:51,222,desktop
8692,155,1183,2023-07-31 17:32:29,127,desktop
8693,155,2174,2023-02-08 15:36:23,58,web
8694,155,199,2025-01-06 23:13:05,41,mobile
8695,155,1797,2024-12-17 02:04:28,105,tablet
8696,155,1624,2023-01-31 15:32:31,99,desktop
8697,155,1213,2025-05-18 13:33:05,222,tablet
8698,155,2354,2023-07-01 21:10:42,279,web
8699,155,1325,2023-01-15 19:18:47,263,smart_speaker
8700,155,829,2023-05-28 19:54:55,63,desktop
8701,155,912,2023-06-29 02:29:35,111,web
8702,155,927,2024-02-28 15:22:41,336,smart_tv
8703,155,1546,2023-09-26 20:23:51,43,smart_tv
8704,155,1175,2023-04-22 01:59:32,45,web
8705,155,907,2024-12-03 23:37:29,208,mobile
8706,156,437,2024-08-12 22:48:53,173,smart_speaker
8707,156,1673,2025-12-15 05:18:55,128,smart_speaker
8708,156,2367,2025-05-19 11:30:57,77,desktop
8709,156,2497,2024-12-06 02:07:59,202,desktop
8710,156,2654,2023-07-22 23:29:33,257,smart_speaker
8711,156,1611,2023-02-19 22:05:53,70,smart_speaker
8712,156,1188,2025-12-16 20:48:00,189,smart_tv
8713,156,883,2024-07-12 23:53:51,217,tablet
8714,156,69,2023-04-16 16:10:22,66,mobile
8715,156,2459,2025-11-08 00:59:26,50,tablet
8716,156,2426,2025-07-05 01:56:03,74,desktop
8717,156,1318,2023-10-25 04:56:49,202,smart_speaker
8718,156,1497,2024-01-03 14:05:05,31,mobile
8719,156,2345,2024-08-25 04:07:49,216,tablet
8720,156,2332,2025-01-28 02:22:42,44,tablet
8721,156,2555,2024-03-26 10:48:17,95,tablet
8722,156,2407,2025-05-31 17:35:05,55,tablet
8723,156,1283,2023-08-18 14:55:57,48,mobile
8724,156,561,2023-02-28 08:54:18,193,desktop
8725,156,2066,2025-04-27 01:27:39,273,mobile
8726,156,2587,2024-12-03 05:17:55,67,desktop
8727,156,2602,2024-10-29 05:59:54,41,tablet
8728,156,539,2023-04-14 14:21:21,102,mobile
8729,156,26,2023-02-22 15:32:48,176,smart_tv
8730,156,2218,2025-01-23 15:12:09,271,tablet
8731,156,591,2023-05-06 14:42:49,50,mobile
8732,156,2156,2024-03-17 19:43:09,171,smart_tv
8733,156,1285,2024-04-10 09:16:24,52,tablet
8734,156,1357,2024-11-04 08:24:45,120,smart_speaker
8735,156,1572,2023-08-09 21:19:20,76,desktop
8736,156,2529,2023-03-27 16:25:08,273,web
8737,156,2636,2024-05-15 13:49:31,166,tablet
8738,156,388,2024-12-15 13:36:04,75,mobile
8739,156,1423,2024-08-17 14:02:14,157,desktop
8740,156,2460,2023-08-12 00:30:49,347,desktop
8741,156,2641,2024-10-01 05:27:04,38,smart_tv
8742,156,38,2024-08-13 03:19:51,94,web
8743,156,2115,2025-09-30 17:14:58,282,desktop
8744,156,985,2024-06-03 12:01:43,224,smart_speaker
8745,156,770,2025-05-22 07:51:57,191,smart_speaker
8746,156,1368,2023-05-09 08:21:01,266,tablet
8747,156,2604,2023-08-04 12:51:12,36,tablet
8748,156,1904,2025-01-20 12:11:02,35,mobile
8749,156,1255,2025-03-20 10:27:32,130,web
8750,156,30,2025-12-03 08:52:11,258,smart_tv
8751,156,532,2024-12-18 22:06:44,93,desktop
8752,156,1483,2024-06-16 14:46:51,139,smart_speaker
8753,156,646,2024-12-15 15:47:34,245,web
8754,157,885,2025-05-17 14:26:58,149,desktop
8755,157,1617,2023-09-08 13:22:22,140,desktop
8756,157,1382,2023-04-01 16:37:22,138,desktop
8757,157,1246,2025-04-02 12:57:50,137,smart_tv
8758,157,966,2025-11-22 13:53:11,100,desktop
8759,157,12,2023-04-21 18:36:21,96,smart_tv
8760,157,1052,2024-10-20 17:18:39,277,tablet
8761,157,123,2024-01-22 18:07:06,58,smart_speaker
8762,157,1339,2024-04-03 11:38:39,73,smart_speaker
8763,157,1292,2025-12-15 20:18:30,114,mobile
8764,157,869,2025-06-27 11:43:41,156,mobile
8765,157,179,2023-07-07 20:17:31,118,mobile
8766,157,1132,2024-02-25 01:24:55,85,desktop
8767,157,147,2024-07-18 18:47:45,52,smart_speaker
8768,157,2210,2023-03-24 23:05:39,239,smart_speaker
8769,157,2407,2024-01-11 00:23:36,95,mobile
8770,157,2376,2024-09-27 04:11:02,386,mobile
8771,157,225,2025-04-01 19:21:34,276,smart_tv
8772,157,2064,2024-03-29 04:27:56,371,smart_speaker
8773,157,1607,2024-08-03 06:29:26,197,smart_speaker
8774,157,1242,2023-08-30 13:10:31,71,tablet
8775,157,759,2024-12-22 09:41:33,142,smart_tv
8776,157,2141,2024-06-30 07:07:04,149,tablet
8777,157,1501,2025-12-12 17:32:03,252,tablet
8778,157,1277,2023-08-08 21:09:04,178,desktop
8779,157,2025,2025-02-05 22:22:11,204,mobile
8780,157,355,2025-07-25 17:34:18,137,desktop
8781,157,1473,2023-07-22 17:06:43,238,smart_tv
8782,157,1279,2025-08-05 06:29:47,65,desktop
8783,157,767,2023-09-26 21:08:48,76,smart_tv
8784,157,1579,2023-04-01 03:03:47,108,tablet
8785,157,716,2023-10-24 13:12:34,290,mobile
8786,157,1125,2025-08-04 04:12:13,310,smart_tv
8787,157,311,2025-12-06 09:37:18,177,desktop
8788,157,90,2025-12-24 02:15:03,58,web
8789,157,1304,2024-12-10 05:05:53,142,smart_tv
8790,157,1841,2025-08-25 12:27:16,142,mobile
8791,157,725,2024-01-29 17:14:44,42,tablet
8792,157,2415,2024-01-17 04:35:05,226,web
8793,157,874,2024-08-05 13:37:15,67,desktop
8794,157,279,2025-01-31 18:38:52,116,web
8795,157,1439,2023-11-14 00:46:29,85,web
8796,157,1913,2023-11-07 20:20:13,106,smart_tv
8797,157,1917,2025-10-07 00:25:08,251,desktop
8798,157,256,2024-11-05 20:38:38,193,smart_speaker
8799,157,1459,2025-03-02 03:17:46,66,smart_tv
8800,157,1766,2024-07-07 07:44:58,183,web
8801,157,1591,2025-08-24 06:36:55,47,tablet
8802,157,2609,2025-05-10 23:01:13,321,smart_tv
8803,158,2603,2023-02-14 07:46:32,193,desktop
8804,158,2014,2025-03-03 15:17:41,267,tablet
8805,158,2161,2023-06-09 20:08:17,167,web
8806,158,2632,2024-04-29 14:51:22,94,smart_speaker
8807,158,2147,2023-11-06 18:53:51,239,smart_speaker
8808,158,1915,2024-09-28 14:30:43,59,smart_speaker
8809,158,87,2024-12-15 13:29:59,190,mobile
8810,158,1298,2024-09-06 21:32:57,70,mobile
8811,158,1422,2024-07-02 10:47:52,216,mobile
8812,158,178,2025-02-05 23:33:39,268,tablet
8813,158,2438,2025-08-29 19:38:47,309,mobile
8814,158,2304,2025-03-20 15:25:55,235,smart_speaker
8815,158,1562,2023-06-12 04:20:36,74,tablet
8816,158,2273,2025-03-30 20:09:52,185,mobile
8817,158,263,2025-01-28 01:53:07,48,web
8818,158,2060,2024-11-11 23:59:31,62,smart_speaker
8819,158,1869,2023-01-13 04:21:28,240,mobile
8820,158,763,2024-10-06 03:02:39,94,desktop
8821,158,2629,2023-07-01 13:27:26,212,smart_tv
8822,158,691,2025-10-03 20:25:46,96,desktop
8823,158,247,2024-08-29 09:11:33,54,tablet
8824,158,2618,2023-04-18 10:25:00,54,smart_tv
8825,158,2560,2025-01-17 22:07:08,136,smart_speaker
8826,158,44,2024-06-17 07:01:41,64,desktop
8827,158,1367,2023-08-25 09:24:21,237,smart_speaker
8828,158,514,2023-04-15 09:10:43,182,web
8829,158,1833,2023-05-10 19:24:13,178,web
8830,158,6,2025-12-11 16:01:45,97,web
8831,158,1013,2023-09-26 22:08:03,284,web
8832,158,432,2023-02-19 23:16:04,151,desktop
8833,158,517,2024-06-12 07:29:58,145,tablet
8834,158,2554,2023-08-06 14:57:04,91,desktop
8835,158,984,2023-02-25 12:14:19,133,desktop
8836,158,1226,2025-03-01 06:15:57,61,tablet
8837,158,1679,2024-01-26 08:05:17,134,mobile
8838,158,1814,2023-08-02 20:54:50,228,mobile
8839,158,236,2025-09-30 13:48:16,113,tablet
8840,158,1619,2023-11-22 11:54:17,47,mobile
8841,159,1583,2024-12-07 15:34:55,34,web
8842,159,273,2025-05-29 19:15:02,156,smart_speaker
8843,159,858,2024-06-27 09:55:33,32,web
8844,159,1309,2024-04-12 10:44:09,181,tablet
8845,159,2538,2023-10-22 11:11:12,85,smart_speaker
8846,159,437,2023-12-12 09:39:46,78,desktop
8847,159,1471,2024-03-30 01:53:19,256,mobile
8848,159,2365,2025-06-20 06:18:36,285,desktop
8849,159,1049,2023-06-10 12:25:16,90,tablet
8850,159,88,2024-06-15 07:28:09,101,web
8851,159,26,2024-11-29 09:29:06,240,tablet
8852,159,1978,2023-06-20 05:01:40,314,web
8853,159,1576,2025-12-10 16:17:07,63,web
8854,159,2406,2024-02-24 11:02:21,79,smart_tv
8855,159,2246,2025-12-07 19:18:20,44,desktop
8856,159,362,2024-04-04 03:57:31,72,desktop
8857,159,2522,2024-03-13 05:20:28,313,web
8858,159,35,2024-12-28 19:37:17,64,mobile
8859,159,1805,2025-04-06 09:29:29,94,web
8860,159,1421,2025-11-01 06:35:00,96,tablet
8861,159,1349,2025-04-12 04:00:33,107,mobile
8862,159,725,2023-07-25 07:18:00,71,smart_tv
8863,159,1981,2024-08-11 12:55:38,32,desktop
8864,159,393,2025-05-10 14:53:09,43,smart_tv
8865,159,1777,2025-01-23 06:21:42,46,tablet
8866,159,725,2024-11-28 01:38:55,181,desktop
8867,159,1163,2024-01-31 06:01:13,99,tablet
8868,159,504,2025-07-03 14:10:19,49,smart_tv
8869,159,1803,2025-01-29 07:17:10,68,web
8870,159,589,2023-04-12 12:00:27,33,smart_speaker
8871,159,788,2023-01-24 02:42:39,136,desktop
8872,159,1134,2024-04-03 15:47:43,81,web
8873,159,2007,2023-06-09 18:02:06,34,web
8874,159,2126,2024-02-02 23:42:10,115,tablet
8875,159,1821,2024-06-21 06:42:39,99,desktop
8876,159,939,2024-12-15 21:25:07,91,tablet
8877,159,864,2025-12-05 07:14:44,96,smart_speaker
8878,159,1869,2023-07-15 01:03:55,109,smart_speaker
8879,159,1718,2025-03-19 02:29:47,109,smart_speaker
8880,159,794,2023-09-15 16:00:59,71,tablet
8881,159,906,2024-06-06 23:06:11,36,desktop
8882,159,746,2024-11-25 19:52:51,258,tablet
8883,159,1621,2025-09-20 17:38:06,31,desktop
8884,159,943,2025-03-15 09:48:58,160,smart_tv
8885,159,454,2023-12-08 07:59:15,152,mobile
8886,159,1391,2025-03-30 23:57:57,282,web
8887,159,2012,2024-06-04 08:31:58,101,desktop
8888,159,748,2023-05-09 04:04:31,112,web
8889,159,185,2023-02-22 02:48:33,108,mobile
8890,159,2597,2023-08-22 11:45:31,84,web
8891,159,1152,2023-07-26 09:23:47,42,desktop
8892,159,927,2025-11-19 01:46:33,309,smart_tv
8893,159,2624,2023-11-24 11:41:45,107,tablet
8894,159,861,2024-07-11 13:12:59,46,mobile
8895,159,514,2023-05-31 15:32:44,190,web
8896,159,1685,2024-01-08 15:30:11,99,desktop
8897,159,1651,2024-08-09 13:11:40,136,smart_speaker
8898,159,1147,2025-09-21 02:08:39,78,smart_tv
8899,159,1388,2025-02-27 18:24:41,126,web
8900,159,2552,2024-04-17 13:15:38,187,mobile
8901,159,2482,2025-06-15 08:12:16,152,smart_speaker
8902,159,1316,2025-12-13 17:56:29,59,desktop
8903,159,2635,2024-04-25 22:03:43,105,tablet
8904,159,1314,2024-01-20 16:18:14,71,smart_speaker
8905,159,1597,2025-02-12 14:48:43,284,desktop
8906,159,2014,2024-05-04 17:15:11,178,tablet
8907,159,640,2025-04-21 09:13:06,83,mobile
8908,159,2063,2025-10-02 13:54:35,308,smart_speaker
8909,159,1614,2023-06-18 23:50:00,233,smart_tv
8910,159,1639,2023-12-23 15:20:26,92,tablet
8911,159,757,2025-03-06 14:17:17,237,mobile
8912,159,2471,2023-05-07 22:31:36,42,tablet
8913,159,1064,2023-06-24 14:52:37,127,smart_speaker
8914,159,706,2024-04-03 18:33:50,185,smart_tv
8915,159,1870,2023-01-09 20:11:57,212,web
8916,159,1062,2025-11-01 22:41:41,176,mobile
8917,159,290,2025-11-13 22:05:03,163,mobile
8918,160,1521,2025-09-25 20:42:11,64,smart_tv
8919,160,1626,2024-07-02 22:27:44,42,desktop
8920,160,1737,2025-01-19 12:06:10,170,smart_speaker
8921,160,72,2024-12-12 12:20:45,212,desktop
8922,160,1428,2023-06-07 11:03:42,81,smart_speaker
8923,160,1017,2024-02-09 23:38:30,269,tablet
8924,160,1693,2023-09-13 04:16:11,140,desktop
8925,160,1237,2025-11-01 16:45:09,337,tablet
8926,160,1729,2024-05-28 18:02:41,85,tablet
8927,160,2179,2023-08-27 11:54:38,109,web
8928,160,876,2023-03-23 21:18:45,183,smart_tv
8929,160,1643,2023-02-26 11:03:44,205,smart_speaker
8930,160,1749,2024-11-26 02:54:00,239,web
8931,160,1492,2025-11-06 19:18:52,140,mobile
8932,160,688,2024-02-29 08:11:32,319,smart_speaker
8933,160,895,2023-12-24 12:22:28,182,tablet
8934,160,400,2024-04-30 01:51:45,225,smart_tv
8935,160,2376,2024-08-20 05:40:47,327,web
8936,160,839,2025-03-02 02:12:22,330,desktop
8937,160,1523,2025-11-10 07:07:22,114,smart_speaker
8938,160,414,2024-03-20 16:37:33,359,smart_speaker
8939,160,917,2025-01-05 11:05:29,84,tablet
8940,160,2619,2025-10-10 00:10:30,111,smart_speaker
8941,160,196,2025-03-17 14:56:25,145,mobile
8942,160,329,2025-12-26 04:50:02,130,web
8943,160,2109,2024-10-17 06:13:07,144,web
8944,160,1082,2024-02-14 11:41:52,229,smart_tv
8945,160,2148,2024-11-09 14:14:08,299,smart_tv
8946,160,817,2023-07-23 17:49:31,30,smart_tv
8947,160,260,2025-04-06 06:29:31,52,mobile
8948,160,1655,2025-08-16 16:39:00,62,tablet
8949,160,470,2025-10-27 04:33:30,310,desktop
8950,160,1614,2025-07-25 10:52:42,285,web
8951,160,337,2025-02-22 11:27:43,121,smart_tv
8952,160,233,2023-06-26 22:35:48,73,desktop
8953,160,2341,2025-05-13 20:59:59,202,smart_tv
8954,160,1099,2023-02-02 13:16:38,119,tablet
8955,160,317,2025-06-16 08:54:21,46,smart_speaker
8956,160,2400,2025-06-24 18:15:33,183,web
8957,160,2465,2025-04-09 20:40:44,192,tablet
8958,160,498,2023-07-09 18:15:43,276,tablet
8959,160,691,2024-08-29 14:00:35,50,tablet
8960,160,537,2023-08-09 08:56:02,257,tablet
8961,160,117,2024-04-05 19:31:43,121,mobile
8962,160,688,2023-09-16 13:15:59,298,web
8963,160,1348,2025-02-17 23:25:09,174,web
8964,160,896,2025-10-06 08:24:01,147,mobile
8965,160,2293,2023-06-29 01:38:18,42,web
8966,160,967,2024-06-20 23:13:25,145,web
8967,160,1131,2023-12-14 15:07:22,74,smart_speaker
8968,160,2321,2023-07-01 02:23:53,34,mobile
8969,160,1276,2025-09-30 11:59:29,121,tablet
8970,160,1647,2023-02-26 16:52:55,91,desktop
8971,160,2221,2025-08-31 12:46:37,213,tablet
8972,160,2333,2025-06-12 02:36:31,147,desktop
8973,160,1640,2023-12-21 03:23:05,42,web
8974,160,1372,2023-03-23 16:34:39,292,mobile
8975,160,33,2025-05-09 23:58:47,141,smart_tv
8976,160,1812,2023-03-24 00:01:08,167,web
8977,160,530,2025-06-17 02:48:22,213,web
8978,160,1839,2025-07-19 03:48:42,39,desktop
8979,160,1320,2024-03-08 22:39:45,53,smart_tv
8980,160,1110,2023-08-21 13:38:04,300,desktop
8981,160,911,2024-07-13 02:22:20,321,smart_speaker
8982,161,2183,2025-02-19 23:03:13,278,smart_tv
8983,161,2552,2025-10-26 16:05:36,50,smart_speaker
8984,161,1715,2024-03-14 23:17:30,162,web
8985,161,1157,2023-04-28 20:25:02,119,mobile
8986,161,609,2024-01-05 12:04:36,102,smart_speaker
8987,161,1555,2023-02-24 06:23:06,119,smart_speaker
8988,161,2635,2023-11-14 06:39:57,223,smart_tv
8989,161,174,2024-08-31 18:11:41,104,smart_tv
8990,161,587,2023-12-17 18:32:55,201,desktop
8991,161,1603,2024-02-24 23:51:42,394,desktop
8992,161,1563,2023-05-19 12:17:39,86,desktop
8993,161,2123,2025-04-09 02:04:25,151,mobile
8994,161,1313,2024-12-30 00:26:20,82,smart_tv
8995,161,663,2025-08-22 01:32:31,159,tablet
8996,161,2038,2024-08-03 13:39:16,107,smart_speaker
8997,161,2019,2023-03-11 10:30:40,408,mobile
8998,161,2330,2024-10-30 23:07:19,62,smart_tv
8999,161,483,2024-02-19 15:31:11,222,smart_speaker
9000,161,2499,2024-03-10 06:08:46,293,desktop
9001,161,2100,2025-09-05 20:52:16,75,smart_tv
9002,161,181,2023-07-10 02:44:13,141,smart_tv
9003,161,2061,2024-06-09 22:37:53,241,smart_tv
9004,161,1801,2025-03-29 05:23:45,338,tablet
9005,161,946,2023-08-02 00:43:53,187,smart_speaker
9006,161,1846,2024-06-06 02:18:26,85,smart_speaker
9007,161,857,2023-03-06 00:01:16,88,web
9008,161,1601,2023-04-28 18:54:19,186,smart_speaker
9009,161,2307,2023-11-20 23:07:20,94,smart_tv
9010,161,89,2024-01-21 02:20:10,168,web
9011,161,1627,2023-06-23 10:04:57,220,web
9012,161,1796,2025-09-24 11:06:59,233,tablet
9013,161,543,2023-10-22 00:30:30,231,smart_speaker
9014,161,818,2024-11-29 03:34:58,124,smart_speaker
9015,161,36,2025-11-13 20:08:22,141,smart_tv
9016,161,326,2024-12-26 22:28:03,48,smart_speaker
9017,161,1775,2024-05-15 02:57:49,167,smart_speaker
9018,161,88,2024-12-09 12:51:00,102,smart_tv
9019,161,477,2025-12-08 07:10:51,105,mobile
9020,161,1030,2024-10-04 18:56:43,202,tablet
9021,161,1338,2024-08-09 22:57:13,192,smart_tv
9022,161,1597,2023-12-10 10:34:54,227,web
9023,161,860,2024-08-30 00:03:24,79,web
9024,161,2261,2025-11-02 15:11:46,88,desktop
9025,161,2536,2023-08-11 01:55:51,233,web
9026,161,576,2023-10-01 09:22:44,137,mobile
9027,162,750,2023-05-31 10:25:03,59,desktop
9028,162,2016,2025-07-12 11:22:30,322,smart_speaker
9029,162,762,2023-02-17 15:18:11,184,web
9030,162,2201,2024-11-23 19:12:06,318,web
9031,162,881,2025-02-13 05:13:33,53,mobile
9032,162,715,2023-12-27 00:13:32,132,tablet
9033,162,1833,2025-12-25 21:36:05,175,web
9034,162,892,2025-02-06 21:38:29,271,web
9035,162,1422,2025-07-16 11:53:24,33,mobile
9036,162,733,2025-07-21 14:39:53,63,smart_speaker
9037,162,2544,2023-07-21 14:45:58,109,mobile
9038,162,279,2023-12-31 02:01:32,83,smart_tv
9039,162,60,2024-03-19 23:38:41,71,smart_tv
9040,162,1095,2023-01-11 22:35:39,194,mobile
9041,162,1936,2024-04-05 21:49:28,184,web
9042,162,321,2023-05-06 13:32:22,145,smart_speaker
9043,162,637,2025-04-16 14:49:04,64,desktop
9044,162,1686,2025-06-19 17:18:35,84,web
9045,162,1279,2025-08-26 02:51:15,60,smart_speaker
9046,162,606,2024-11-03 02:14:53,317,desktop
9047,162,359,2024-01-06 15:07:26,170,mobile
9048,162,79,2025-11-30 09:43:00,85,desktop
9049,162,2303,2023-11-04 02:58:47,242,desktop
9050,162,1777,2024-12-09 08:24:46,125,desktop
9051,162,1658,2023-04-19 23:41:21,183,web
9052,162,256,2024-03-16 22:55:36,285,web
9053,162,1696,2023-04-29 21:47:59,177,tablet
9054,162,1723,2023-05-16 12:15:55,111,smart_speaker
9055,162,442,2025-02-23 16:22:58,86,web
9056,162,307,2023-01-19 03:42:46,233,web
9057,162,2497,2025-07-24 18:09:22,103,web
9058,162,620,2025-06-17 16:14:25,124,desktop
9059,162,967,2023-04-09 15:12:08,220,smart_speaker
9060,162,2009,2025-02-22 20:31:18,178,web
9061,162,1405,2025-11-16 23:44:49,297,smart_speaker
9062,162,862,2025-09-27 19:21:35,362,desktop
9063,162,172,2023-04-10 19:29:08,49,web
9064,162,2292,2025-07-19 18:53:59,295,web
9065,162,308,2023-01-12 03:41:31,153,desktop
9066,162,941,2023-08-18 18:49:01,66,web
9067,162,2039,2024-04-11 00:45:33,219,smart_tv
9068,162,2126,2024-01-04 04:18:35,47,mobile
9069,162,2560,2024-04-24 23:41:06,98,mobile
9070,162,25,2025-03-01 15:10:39,304,desktop
9071,162,1258,2024-02-23 12:37:16,158,desktop
9072,162,1390,2024-01-21 11:50:54,92,tablet
9073,163,1093,2025-07-18 04:11:18,106,mobile
9074,163,2032,2025-02-17 12:56:41,114,smart_speaker
9075,163,1077,2025-01-08 17:41:07,221,smart_tv
9076,163,178,2023-08-30 05:51:30,85,smart_speaker
9077,163,535,2025-02-26 10:18:34,373,web
9078,163,778,2023-05-07 18:01:59,58,smart_speaker
9079,163,270,2024-08-04 06:36:32,142,mobile
9080,163,2447,2023-05-26 14:02:58,35,tablet
9081,163,2627,2024-01-08 20:45:09,333,smart_tv
9082,163,2368,2025-12-29 15:01:29,133,desktop
9083,163,983,2024-04-26 23:36:19,76,mobile
9084,163,625,2024-04-12 07:06:39,48,tablet
9085,163,189,2024-05-15 05:59:28,185,web
9086,163,1598,2023-11-12 21:25:04,57,mobile
9087,163,1543,2023-09-02 22:18:01,246,smart_speaker
9088,163,1202,2024-03-13 11:18:18,46,smart_speaker
9089,163,1920,2024-12-28 01:10:03,231,smart_tv
9090,163,2212,2025-08-07 03:02:43,136,mobile
9091,163,1922,2024-10-26 07:40:37,354,smart_speaker
9092,163,1794,2025-12-26 09:21:59,125,smart_speaker
9093,163,1709,2023-07-14 16:55:26,40,tablet
9094,163,697,2025-06-30 10:09:50,156,tablet
9095,163,2237,2025-09-03 04:15:20,75,mobile
9096,163,383,2025-12-05 13:33:48,109,mobile
9097,163,193,2023-02-15 03:24:33,164,web
9098,163,615,2024-06-18 12:26:41,105,web
9099,163,734,2023-11-25 16:59:32,54,smart_tv
9100,164,397,2023-06-29 21:30:59,152,smart_tv
9101,164,2284,2023-09-08 04:33:01,113,mobile
9102,164,1311,2023-08-25 02:31:38,144,smart_speaker
9103,164,2105,2023-02-10 14:47:19,51,tablet
9104,164,2494,2024-10-09 02:05:26,36,tablet
9105,164,1124,2024-10-12 18:05:36,102,mobile
9106,164,1530,2023-03-08 22:07:21,159,tablet
9107,164,2635,2025-09-26 17:48:10,180,web
9108,164,1369,2025-10-19 10:42:02,74,smart_tv
9109,164,59,2024-02-07 17:58:27,46,mobile
9110,164,1159,2025-01-14 16:07:57,83,mobile
9111,164,2146,2024-11-14 13:01:51,173,smart_speaker
9112,164,1808,2024-05-29 21:50:27,62,smart_tv
9113,164,919,2023-09-08 04:53:44,51,web
9114,164,2139,2024-01-31 01:51:07,105,mobile
9115,164,955,2023-12-25 10:09:13,79,tablet
9116,164,2261,2025-10-10 00:35:22,57,desktop
9117,164,303,2023-04-03 14:24:17,140,smart_tv
9118,164,1953,2023-01-24 10:01:59,37,desktop
9119,164,978,2023-11-30 06:30:54,192,smart_speaker
9120,164,571,2023-11-05 01:25:33,199,mobile
9121,164,1789,2023-09-28 04:21:45,149,tablet
9122,164,339,2024-07-28 19:05:06,272,mobile
9123,164,2082,2025-04-04 13:51:14,81,desktop
9124,164,2079,2024-09-02 17:56:58,48,tablet
9125,164,393,2024-08-14 03:32:53,55,tablet
9126,164,921,2024-06-14 19:13:04,65,desktop
9127,164,1247,2025-06-27 14:39:31,87,web
9128,164,2654,2025-12-31 13:28:42,287,smart_speaker
9129,164,620,2024-04-22 12:30:24,207,web
9130,164,1292,2024-12-04 02:32:33,176,web
9131,164,1724,2025-08-30 18:17:48,105,web
9132,164,953,2023-11-01 06:00:20,89,mobile
9133,164,1116,2023-01-25 23:11:43,85,mobile
9134,164,1389,2025-04-30 13:09:51,71,smart_speaker
9135,164,485,2024-07-13 17:44:57,199,smart_speaker
9136,164,1433,2024-01-02 22:14:39,205,mobile
9137,164,1761,2023-07-14 20:25:30,184,desktop
9138,164,1478,2025-04-11 16:20:12,38,web
9139,164,2444,2025-07-16 09:12:18,100,smart_speaker
9140,164,259,2025-06-03 12:46:58,158,desktop
9141,164,1816,2023-11-01 05:02:59,90,desktop
9142,164,276,2023-10-01 16:01:35,187,desktop
9143,164,2173,2024-08-14 21:44:24,120,tablet
9144,164,1651,2025-05-06 14:10:33,117,web
9145,164,243,2023-08-31 20:25:50,100,mobile
9146,164,2616,2025-04-05 11:25:59,39,tablet
9147,164,779,2025-04-25 01:12:43,106,smart_tv
9148,164,2362,2025-12-17 04:28:16,108,smart_tv
9149,164,2434,2024-07-28 02:44:32,63,desktop
9150,164,755,2024-03-10 22:39:14,131,tablet
9151,164,312,2025-04-28 09:54:18,78,web
9152,164,1515,2025-07-12 00:24:10,80,tablet
9153,164,1781,2023-06-26 00:12:35,115,mobile
9154,165,1087,2023-03-05 02:49:11,262,smart_speaker
9155,165,2075,2023-12-17 19:05:19,100,mobile
9156,165,23,2024-11-29 14:32:06,143,mobile
9157,165,1726,2025-09-07 14:02:19,45,mobile
9158,165,128,2025-05-22 10:20:45,142,mobile
9159,165,1808,2024-01-11 07:17:31,109,smart_speaker
9160,165,2314,2024-10-30 15:00:34,133,desktop
9161,165,391,2024-07-25 19:04:07,214,desktop
9162,165,988,2025-08-15 22:46:33,267,tablet
9163,165,828,2023-06-08 00:48:08,283,tablet
9164,165,538,2025-04-28 16:02:44,126,mobile
9165,165,758,2025-10-23 14:37:46,111,tablet
9166,165,95,2025-09-22 19:48:03,373,mobile
9167,165,135,2023-07-29 06:53:24,110,smart_speaker
9168,165,809,2025-02-06 10:09:34,115,smart_speaker
9169,165,343,2025-04-08 01:14:30,88,tablet
9170,165,157,2025-09-19 17:14:28,53,desktop
9171,165,596,2025-05-20 22:03:14,151,web
9172,165,1096,2023-01-20 20:32:15,301,smart_speaker
9173,165,2012,2024-07-31 20:14:25,360,smart_tv
9174,165,2117,2024-02-10 17:42:33,252,desktop
9175,165,938,2024-06-22 03:09:33,50,web
9176,165,2299,2025-11-12 10:08:02,39,web
9177,165,656,2024-11-04 21:56:12,189,desktop
9178,166,2605,2024-04-13 11:36:39,179,desktop
9179,166,2182,2025-03-04 01:58:40,68,mobile
9180,166,1588,2023-12-28 05:17:16,101,tablet
9181,166,2012,2024-12-28 13:21:24,362,smart_speaker
9182,166,766,2025-01-23 07:05:19,194,smart_speaker
9183,166,1705,2025-08-08 21:38:17,131,smart_speaker
9184,166,618,2023-01-09 21:25:39,207,tablet
9185,166,330,2024-07-23 20:24:21,149,mobile
9186,166,1029,2024-07-05 11:29:03,252,web
9187,166,774,2023-12-25 21:46:42,35,tablet
9188,166,898,2024-01-24 14:11:40,109,tablet
9189,166,2275,2023-06-23 09:28:39,215,smart_speaker
9190,166,2304,2025-03-05 14:40:11,103,web
9191,166,1594,2025-03-13 08:28:25,150,tablet
9192,166,1193,2023-12-09 12:28:05,152,web
9193,166,2018,2023-11-17 10:17:06,58,tablet
9194,166,2584,2023-01-18 13:59:56,66,smart_speaker
9195,166,87,2023-12-20 02:12:53,40,mobile
9196,166,2233,2023-06-15 02:01:19,232,web
9197,166,31,2023-12-11 23:47:58,185,mobile
9198,166,288,2023-06-30 10:51:14,194,tablet
9199,166,52,2025-02-02 15:14:36,206,tablet
9200,166,2340,2024-12-28 07:30:35,167,smart_tv
9201,166,690,2023-04-22 14:57:01,243,desktop
9202,167,2073,2024-04-19 19:42:47,177,desktop
9203,167,244,2024-06-02 04:56:24,139,tablet
9204,167,1069,2025-09-12 04:37:47,261,smart_tv
9205,167,1379,2024-07-04 17:59:27,35,smart_speaker
9206,167,606,2023-12-23 01:05:38,313,desktop
9207,167,2164,2025-09-13 18:24:22,166,smart_speaker
9208,167,400,2024-09-04 06:52:08,71,desktop
9209,167,1873,2025-10-11 07:28:49,51,smart_speaker
9210,167,1340,2025-11-28 18:16:01,293,smart_speaker
9211,167,119,2025-02-01 02:14:20,87,desktop
9212,167,1985,2023-07-09 14:00:04,69,smart_tv
9213,167,915,2024-06-25 16:10:34,117,tablet
9214,167,584,2025-04-09 14:21:45,108,smart_tv
9215,167,2129,2024-10-05 06:57:04,84,web
9216,167,2225,2024-11-20 13:59:53,75,mobile
9217,167,858,2023-09-17 03:44:51,55,smart_speaker
9218,167,914,2023-08-29 15:29:01,126,desktop
9219,167,1973,2023-04-05 01:21:19,189,smart_speaker
9220,167,1072,2024-01-07 09:01:21,101,smart_tv
9221,167,1199,2023-02-14 03:17:06,70,smart_tv
9222,167,1445,2024-06-16 14:31:41,170,tablet
9223,167,2528,2023-10-08 11:38:43,97,tablet
9224,167,2293,2023-03-20 03:46:59,72,desktop
9225,167,1016,2023-07-07 11:31:29,44,smart_speaker
9226,167,408,2025-02-22 12:20:47,120,web
9227,167,1145,2025-04-13 04:30:48,403,mobile
9228,167,1335,2025-11-24 23:40:34,53,tablet
9229,167,966,2025-10-21 08:03:18,294,smart_speaker
9230,167,721,2025-01-05 22:24:40,145,smart_tv
9231,167,2605,2024-02-19 02:32:43,261,smart_speaker
9232,167,189,2025-06-29 18:31:21,176,tablet
9233,167,1148,2025-02-11 14:39:52,76,smart_speaker
9234,167,2627,2023-04-13 12:07:41,133,desktop
9235,167,1214,2023-03-01 07:51:39,134,desktop
9236,167,294,2024-03-18 18:26:01,82,mobile
9237,167,952,2023-12-03 11:46:24,74,tablet
9238,167,1794,2023-10-21 19:28:39,156,smart_tv
9239,167,241,2023-09-20 04:20:37,194,tablet
9240,167,1422,2025-12-07 08:25:20,230,desktop
9241,167,1192,2025-09-06 05:31:37,311,mobile
9242,167,1087,2023-06-27 23:45:46,210,smart_tv
9243,167,1862,2025-10-28 17:27:00,58,smart_speaker
9244,168,1844,2024-01-27 00:37:29,64,desktop
9245,168,2645,2023-10-20 19:46:31,188,smart_tv
9246,168,1697,2024-07-14 05:29:56,64,smart_speaker
9247,168,2598,2024-07-22 01:11:46,119,mobile
9248,168,2617,2024-02-07 08:32:22,84,smart_speaker
9249,168,1,2025-03-07 03:21:55,76,smart_tv
9250,168,1140,2024-05-07 14:32:07,261,tablet
9251,168,1529,2024-10-01 05:25:35,119,smart_speaker
9252,168,2475,2023-08-22 06:24:28,125,mobile
9253,168,1999,2024-10-29 02:17:57,141,desktop
9254,168,930,2025-01-07 23:11:14,148,smart_tv
9255,168,1182,2023-11-09 13:19:50,221,desktop
9256,168,2030,2023-06-24 08:44:27,53,mobile
9257,168,1197,2024-09-04 06:34:31,154,mobile
9258,168,2045,2023-04-04 06:39:53,196,mobile
9259,168,2490,2024-05-25 12:39:58,165,desktop
9260,168,85,2024-02-04 17:39:40,51,smart_speaker
9261,169,889,2023-08-20 18:47:12,152,mobile
9262,169,204,2023-10-03 03:27:28,236,tablet
9263,169,1310,2025-02-11 07:43:34,102,smart_tv
9264,169,1083,2025-11-26 23:28:09,104,smart_speaker
9265,169,820,2024-09-06 20:50:29,130,smart_tv
9266,169,934,2024-05-21 00:22:41,103,mobile
9267,169,1639,2023-01-26 00:25:56,163,desktop
9268,169,1221,2023-03-13 17:40:29,72,smart_speaker
9269,169,2426,2024-12-09 12:24:59,65,mobile
9270,169,2530,2023-11-26 02:03:08,225,web
9271,169,2397,2023-11-13 04:09:54,98,smart_speaker
9272,169,1603,2024-03-10 09:21:55,273,smart_speaker
9273,169,805,2024-07-19 05:06:37,142,smart_speaker
9274,169,1377,2024-08-28 03:56:37,113,mobile
9275,169,1330,2024-03-28 03:21:35,106,web
9276,169,1708,2023-07-27 10:28:12,136,smart_tv
9277,169,1862,2023-05-06 22:28:39,164,smart_speaker
9278,169,2471,2025-09-25 06:42:01,144,desktop
9279,169,1678,2025-01-11 23:12:10,45,mobile
9280,169,855,2024-10-31 17:44:35,46,smart_speaker
9281,169,378,2024-10-02 14:44:48,129,smart_tv
9282,169,897,2023-10-17 12:38:34,48,mobile
9283,169,2634,2024-12-11 20:14:29,259,tablet
9284,169,2416,2024-03-06 05:48:42,47,tablet
9285,169,1087,2025-01-25 19:33:26,275,web
9286,169,731,2023-02-07 11:16:58,226,tablet
9287,169,1400,2023-12-17 10:02:28,144,smart_tv
9288,169,1587,2025-07-03 15:47:03,146,smart_speaker
9289,169,415,2025-12-17 04:02:57,252,desktop
9290,169,1885,2024-09-11 11:39:56,68,tablet
9291,169,1003,2025-06-13 04:23:46,239,web
9292,169,205,2024-09-14 18:56:06,58,mobile
9293,169,159,2024-12-24 10:41:30,180,smart_speaker
9294,169,709,2023-11-19 19:08:16,211,desktop
9295,169,2620,2025-05-13 00:45:12,327,mobile
9296,169,1942,2025-02-15 21:39:10,155,desktop
9297,169,2570,2024-07-20 23:40:58,244,desktop
9298,169,2549,2023-10-15 13:19:32,49,mobile
9299,169,2063,2024-12-06 00:02:31,313,mobile
9300,169,1574,2023-08-09 13:06:59,128,web
9301,169,2350,2025-03-28 00:50:09,274,smart_tv
9302,169,901,2024-05-25 02:05:22,124,web
9303,169,480,2023-03-16 08:43:21,210,web
9304,169,2611,2025-08-28 08:11:26,89,desktop
9305,169,1225,2024-04-11 04:26:11,240,smart_speaker
9306,169,1406,2023-01-04 02:18:03,48,smart_speaker
9307,169,1205,2024-11-27 11:40:16,187,web
9308,169,1070,2024-12-10 08:16:46,333,desktop
9309,169,2398,2023-12-30 15:28:41,361,smart_tv
9310,169,407,2024-08-25 16:21:59,248,smart_tv
9311,169,632,2025-12-26 23:21:12,278,smart_speaker
9312,169,167,2025-04-26 01:05:04,143,smart_speaker
9313,169,544,2025-06-03 16:48:36,231,smart_speaker
9314,169,1570,2023-12-27 21:41:24,248,web
9315,169,2007,2024-12-04 14:37:50,241,smart_tv
9316,169,945,2025-08-26 14:05:31,126,smart_tv
9317,169,944,2024-08-01 02:43:10,46,smart_tv
9318,169,978,2024-09-18 01:56:17,35,mobile
9319,169,1855,2024-07-15 04:12:52,77,mobile
9320,169,1052,2023-01-15 01:23:39,316,tablet
9321,170,802,2025-03-03 19:46:10,148,smart_speaker
9322,170,2350,2023-03-21 01:09:17,80,mobile
9323,170,1882,2024-05-08 00:40:35,106,smart_speaker
9324,170,2645,2023-07-23 14:07:50,31,web
9325,170,1922,2025-07-16 18:51:04,36,smart_tv
9326,170,1980,2025-09-23 07:28:27,178,web
9327,170,2059,2025-04-14 06:09:56,235,mobile
9328,170,2116,2023-09-28 13:44:34,77,smart_tv
9329,170,282,2024-10-05 10:48:03,139,tablet
9330,170,165,2023-09-23 18:54:50,30,desktop
9331,170,2298,2023-02-10 14:14:50,48,desktop
9332,170,736,2025-11-21 11:01:38,184,tablet
9333,170,1589,2024-11-03 20:02:28,72,web
9334,170,1693,2024-05-21 00:54:07,77,smart_tv
9335,170,1473,2025-05-22 07:06:49,251,smart_tv
9336,170,1677,2023-10-12 13:03:27,236,tablet
9337,170,2040,2023-03-23 12:28:12,182,desktop
9338,170,2231,2025-04-03 05:07:04,132,desktop
9339,170,2339,2023-09-30 17:33:55,80,web
9340,170,2139,2024-02-16 18:24:49,36,smart_speaker
9341,170,2368,2023-07-03 22:31:27,53,smart_tv
9342,170,2453,2023-05-01 16:16:18,88,smart_tv
9343,170,1044,2025-06-13 19:11:02,172,tablet
9344,170,1835,2024-11-21 08:36:11,67,desktop
9345,171,859,2024-05-04 11:51:06,320,smart_speaker
9346,171,1073,2023-03-27 21:04:24,263,mobile
9347,171,1319,2024-04-10 23:31:47,89,desktop
9348,171,197,2025-08-21 15:00:23,98,smart_tv
9349,171,1098,2024-08-26 08:48:31,206,tablet
9350,171,581,2025-07-01 04:09:43,241,smart_tv
9351,171,2434,2024-01-26 05:44:36,271,mobile
9352,171,2053,2025-07-27 13:54:39,69,web
9353,171,1759,2024-09-28 14:02:27,306,mobile
9354,171,2008,2023-12-27 20:52:56,88,web
9355,171,189,2023-02-14 15:20:12,266,mobile
9356,171,1835,2025-06-03 00:40:18,90,smart_tv
9357,171,1646,2024-08-18 02:58:08,115,mobile
9358,171,215,2023-10-05 22:26:31,111,mobile
9359,171,102,2025-10-04 04:19:53,157,web
9360,171,1762,2024-04-23 09:25:11,96,desktop
9361,171,2096,2023-09-17 00:59:54,64,desktop
9362,171,1408,2024-05-11 10:36:14,122,desktop
9363,171,122,2025-07-24 19:54:21,189,mobile
9364,171,677,2024-02-08 18:42:07,202,web
9365,171,1645,2023-10-16 20:20:11,57,desktop
9366,171,95,2023-09-21 02:00:08,214,tablet
9367,171,2649,2023-02-10 21:56:30,325,tablet
9368,171,434,2023-05-04 20:12:36,78,smart_speaker
9369,171,1650,2024-06-01 18:17:59,163,tablet
9370,171,653,2024-05-26 14:46:57,110,mobile
9371,171,1822,2024-08-28 00:55:41,193,smart_tv
9372,171,2513,2025-05-20 16:53:08,86,smart_tv
9373,171,1242,2025-07-24 03:02:02,112,mobile
9374,171,2456,2025-10-13 23:42:40,75,smart_tv
9375,171,605,2025-03-05 04:13:05,345,smart_tv
9376,171,1519,2025-11-16 19:02:25,281,desktop
9377,171,244,2025-10-27 20:37:20,128,web
9378,171,407,2024-03-21 11:02:49,207,desktop
9379,171,42,2024-09-21 16:06:02,81,tablet
9380,171,969,2023-10-03 11:40:25,291,smart_speaker
9381,171,1500,2025-04-01 01:38:25,103,smart_speaker
9382,171,1188,2024-12-04 09:36:12,40,smart_speaker
9383,171,2388,2023-02-03 03:31:13,242,smart_speaker
9384,171,2357,2025-04-29 23:54:19,88,smart_speaker
9385,171,2319,2023-07-19 18:23:15,144,smart_tv
9386,171,293,2023-04-04 00:14:56,96,tablet
9387,171,2370,2023-04-02 09:43:23,283,mobile
9388,171,429,2023-12-14 07:21:14,114,smart_tv
9389,171,1040,2024-10-20 12:12:34,306,smart_speaker
9390,171,222,2024-08-21 01:38:28,302,smart_speaker
9391,171,1913,2025-03-10 15:10:18,110,smart_speaker
9392,171,106,2023-10-22 04:43:20,336,mobile
9393,171,583,2025-09-28 02:58:44,147,smart_tv
9394,171,2531,2023-02-27 18:15:30,116,desktop
9395,171,2218,2025-02-15 01:22:15,200,mobile
9396,171,2077,2025-12-14 17:39:24,243,smart_speaker
9397,171,1397,2023-11-26 17:54:04,94,desktop
9398,171,2366,2024-12-02 10:06:35,194,mobile
9399,171,942,2025-06-01 22:28:01,148,web
9400,171,2022,2023-11-12 10:47:25,59,smart_speaker
9401,171,14,2023-02-17 10:09:18,94,mobile
9402,171,1050,2025-11-03 05:33:49,129,desktop
9403,171,1712,2025-12-01 08:31:36,112,smart_speaker
9404,171,1280,2025-09-14 11:31:54,184,mobile
9405,171,33,2024-02-15 03:37:49,64,desktop
9406,171,578,2023-01-22 19:17:15,38,web
9407,171,2260,2024-08-23 18:42:54,76,smart_speaker
9408,171,1537,2023-09-28 09:42:36,78,desktop
9409,171,1064,2025-05-22 17:51:14,154,smart_speaker
9410,171,275,2025-08-14 03:13:40,147,tablet
9411,172,382,2023-04-09 19:18:55,102,smart_tv
9412,172,2641,2024-03-15 02:24:15,131,smart_tv
9413,172,1290,2025-01-25 11:58:37,86,desktop
9414,172,1298,2023-05-12 09:38:22,158,mobile
9415,172,1366,2024-10-14 01:40:08,65,smart_tv
9416,172,778,2023-05-14 21:34:46,120,tablet
9417,172,927,2023-08-21 10:49:20,89,web
9418,172,2381,2024-12-12 18:23:36,108,tablet
9419,172,1941,2025-12-16 13:23:15,234,mobile
9420,172,1895,2024-03-01 10:53:18,54,desktop
9421,172,1342,2025-09-16 00:10:30,134,web
9422,172,154,2023-03-02 17:19:42,128,tablet
9423,172,1572,2025-03-19 21:34:13,99,mobile
9424,172,1839,2023-08-31 09:55:09,280,desktop
9425,172,1111,2023-03-28 15:19:46,130,smart_speaker
9426,172,2009,2024-05-27 04:41:24,97,mobile
9427,172,931,2023-10-10 19:26:59,128,desktop
9428,172,23,2025-11-03 16:40:27,56,tablet
9429,172,225,2025-05-06 16:23:12,97,desktop
9430,172,2513,2025-02-22 12:51:43,81,mobile
9431,172,2419,2023-08-24 14:12:52,104,mobile
9432,172,920,2023-11-18 08:58:12,148,mobile
9433,172,1037,2025-11-03 02:45:37,194,web
9434,172,171,2023-12-03 10:37:48,161,smart_tv
9435,172,66,2025-02-09 20:55:25,51,smart_speaker
9436,172,1224,2023-10-29 03:29:29,47,smart_tv
9437,172,572,2025-02-21 16:46:50,264,desktop
9438,172,1124,2024-06-04 08:53:31,45,desktop
9439,172,2349,2024-07-27 10:59:05,89,smart_speaker
9440,172,1809,2025-11-12 22:16:50,205,desktop
9441,172,2200,2024-06-05 19:20:32,72,smart_speaker
9442,173,2045,2025-08-28 01:06:55,214,desktop
9443,173,490,2024-08-12 09:40:15,50,web
9444,173,633,2025-01-04 12:58:54,292,smart_tv
9445,173,804,2024-04-04 17:10:38,166,smart_tv
9446,173,1718,2024-07-15 16:45:54,122,smart_tv
9447,173,392,2023-07-27 01:45:40,301,mobile
9448,173,1673,2025-07-30 14:59:01,119,tablet
9449,173,647,2023-07-14 03:13:27,43,mobile
9450,173,2445,2024-05-29 07:16:33,84,mobile
9451,173,1630,2023-06-20 18:05:15,201,smart_tv
9452,173,1601,2025-01-03 03:11:18,213,smart_speaker
9453,173,1383,2025-08-10 20:16:12,257,mobile
9454,173,865,2024-02-21 14:21:27,39,mobile
9455,173,535,2025-08-01 20:11:53,105,web
9456,173,2198,2025-11-29 14:23:40,163,mobile
9457,173,36,2024-02-24 11:20:05,116,desktop
9458,173,2257,2025-09-05 09:54:11,373,tablet
9459,173,2567,2023-10-09 01:18:14,159,smart_tv
9460,173,2540,2024-09-13 22:33:10,111,web
9461,173,1466,2024-03-26 12:13:59,211,mobile
9462,173,2054,2024-05-17 14:17:47,195,tablet
9463,173,2215,2025-03-15 03:49:49,201,smart_speaker
9464,173,2107,2025-09-09 00:36:16,52,smart_tv
9465,173,2351,2023-03-20 03:21:27,108,desktop
9466,173,2374,2025-05-02 07:21:05,151,smart_speaker
9467,173,2164,2025-04-18 16:12:25,185,smart_speaker
9468,173,2368,2024-03-24 07:05:08,109,web
9469,173,2232,2024-04-18 01:30:02,173,mobile
9470,173,1621,2023-03-02 05:40:11,67,smart_tv
9471,173,2375,2023-02-24 06:48:15,176,web
9472,173,1499,2025-07-15 01:16:23,108,mobile
9473,173,1415,2025-11-21 16:06:12,194,desktop
9474,173,432,2025-05-28 18:03:26,164,smart_speaker
9475,173,2530,2023-01-29 16:50:05,77,mobile
9476,173,2036,2024-12-23 06:24:56,157,desktop
9477,173,210,2025-04-08 05:02:26,158,mobile
9478,173,1351,2023-12-24 00:40:54,40,desktop
9479,173,2376,2023-12-09 09:28:53,135,desktop
9480,173,1587,2024-12-23 06:03:52,144,mobile
9481,173,1416,2023-08-08 04:12:50,318,smart_tv
9482,173,2369,2023-08-01 08:57:23,210,desktop
9483,173,2215,2024-04-22 19:24:35,81,web
9484,173,591,2025-12-17 10:46:31,259,smart_speaker
9485,173,2590,2023-06-11 11:48:54,87,desktop
9486,173,1531,2023-12-09 07:21:03,157,desktop
9487,173,1465,2025-03-18 21:23:19,223,smart_speaker
9488,173,2086,2024-02-08 23:19:39,34,tablet
9489,173,324,2024-10-18 05:34:57,118,smart_tv
9490,173,1128,2023-10-03 11:21:11,47,mobile
9491,173,528,2025-11-09 11:55:47,135,mobile
9492,173,362,2024-05-21 12:08:14,68,web
9493,173,1113,2024-04-26 15:03:49,195,smart_speaker
9494,173,1436,2023-01-24 21:26:42,104,web
9495,173,1224,2024-09-25 05:48:01,67,mobile
9496,173,289,2024-08-27 02:14:10,166,mobile
9497,173,15,2025-02-07 13:53:09,82,desktop
9498,173,1975,2025-01-22 19:19:13,116,smart_speaker
9499,173,2006,2023-12-26 14:00:35,37,smart_speaker
9500,173,2598,2025-09-06 19:26:33,72,mobile
9501,174,1244,2025-09-12 07:55:03,130,mobile
9502,174,1831,2023-10-23 14:51:43,282,desktop
9503,174,234,2024-04-22 22:15:07,50,desktop
9504,174,2601,2023-10-04 13:04:17,116,tablet
9505,174,38,2024-03-16 20:09:52,107,mobile
9506,174,421,2023-09-03 18:17:01,68,smart_tv
9507,174,2277,2024-06-15 22:46:00,247,web
9508,174,2622,2023-11-15 19:49:16,109,desktop
9509,174,1639,2023-04-18 17:35:20,100,tablet
9510,174,1494,2023-02-20 16:50:19,51,desktop
9511,174,2458,2023-01-25 14:29:56,94,desktop
9512,174,340,2023-09-05 17:14:08,300,smart_tv
9513,174,2197,2024-10-21 23:19:40,139,smart_tv
9514,174,1797,2024-06-20 07:18:42,128,tablet
9515,174,1636,2025-08-05 23:46:35,286,web
9516,174,825,2024-08-17 15:51:18,60,desktop
9517,174,618,2023-02-24 00:45:57,321,tablet
9518,174,2142,2023-05-27 23:11:56,134,smart_speaker
9519,174,1453,2023-10-24 01:55:54,51,smart_speaker
9520,174,2371,2025-10-21 21:38:04,182,mobile
9521,174,2151,2025-01-03 10:20:07,47,mobile
9522,174,1247,2024-08-13 22:31:59,87,smart_speaker
9523,174,1924,2023-03-30 07:19:02,113,smart_tv
9524,174,936,2025-08-23 09:00:34,96,tablet
9525,174,1598,2024-12-18 00:11:33,167,desktop
9526,174,366,2024-04-18 12:47:09,118,smart_tv
9527,174,1148,2023-09-02 23:07:48,200,mobile
9528,174,2082,2025-03-14 12:44:42,217,desktop
9529,174,974,2023-08-08 14:11:51,165,web
9530,174,813,2025-08-27 17:01:23,240,smart_speaker
9531,174,1769,2025-08-31 15:26:06,186,web
9532,174,1835,2025-11-18 23:14:33,92,desktop
9533,174,609,2024-01-23 00:02:45,155,desktop
9534,174,1048,2025-07-07 16:17:04,114,smart_speaker
9535,174,679,2025-10-05 14:08:15,74,desktop
9536,174,945,2023-08-03 17:53:34,108,mobile
9537,174,1612,2023-04-22 17:19:27,96,smart_tv
9538,174,2517,2025-09-30 00:49:20,177,smart_tv
9539,174,83,2024-07-09 11:29:31,232,smart_speaker
9540,174,613,2024-11-26 15:20:10,159,tablet
9541,174,111,2024-07-23 04:43:17,122,web
9542,174,1666,2025-08-17 11:10:43,121,web
9543,174,2146,2023-09-18 20:19:15,127,mobile
9544,174,1760,2025-06-24 15:44:25,54,desktop
9545,174,1133,2023-12-12 13:32:42,297,web
9546,174,290,2023-08-31 13:27:03,203,smart_speaker
9547,174,193,2023-10-16 00:22:42,111,smart_tv
9548,174,694,2023-05-10 12:15:43,336,smart_tv
9549,174,1107,2025-01-08 09:25:15,253,mobile
9550,174,1228,2024-04-06 11:13:26,44,tablet
9551,174,603,2024-02-18 18:10:08,85,tablet
9552,174,600,2025-12-12 10:10:17,136,tablet
9553,174,1537,2023-08-29 17:48:45,138,mobile
9554,174,1619,2023-03-27 03:15:48,95,smart_tv
9555,174,1217,2024-01-18 13:50:09,36,web
9556,174,111,2024-11-12 11:16:44,50,tablet
9557,174,1897,2024-09-03 03:03:03,228,web
9558,174,42,2024-07-08 11:31:08,141,mobile
9559,174,893,2025-08-16 01:14:14,120,smart_tv
9560,174,2167,2023-11-22 20:48:49,266,tablet
9561,174,1957,2024-08-07 11:30:19,127,web
9562,174,2471,2023-12-15 09:03:09,93,smart_tv
9563,174,1973,2023-10-16 01:34:17,186,web
9564,174,722,2024-02-04 02:59:46,116,smart_tv
9565,174,2089,2024-04-29 12:16:39,48,desktop
9566,174,2207,2025-11-02 07:42:07,281,web
9567,174,1689,2023-06-14 15:14:48,47,web
9568,174,2068,2023-08-13 15:51:36,139,mobile
9569,174,654,2024-03-10 07:45:49,328,smart_speaker
9570,174,2268,2024-12-18 00:29:51,259,smart_speaker
9571,174,2324,2025-07-21 13:02:22,246,tablet
9572,174,2069,2023-04-24 19:17:05,328,tablet
9573,174,153,2024-09-24 08:02:43,312,mobile
9574,174,728,2024-12-12 15:22:01,74,smart_tv
9575,174,370,2023-01-17 14:28:18,67,mobile
9576,174,2290,2024-10-22 19:40:24,150,desktop
9577,174,587,2024-05-17 17:32:45,296,smart_tv
9578,174,2062,2024-02-18 09:50:28,163,mobile
9579,174,124,2024-08-10 20:47:04,70,tablet
9580,174,1885,2023-04-26 07:32:47,129,tablet
9581,174,1605,2025-08-14 09:46:52,79,web
9582,174,2194,2024-10-13 10:50:59,258,tablet
9583,174,285,2023-10-11 06:48:23,43,tablet
9584,174,1077,2023-06-22 04:39:38,120,desktop
9585,174,2058,2023-02-10 21:51:26,216,smart_tv
9586,174,2053,2024-10-16 03:10:22,414,tablet
9587,174,1903,2025-01-21 00:46:45,31,mobile
9588,174,1722,2025-06-21 22:58:15,78,desktop
9589,174,68,2023-08-23 12:04:22,369,desktop
9590,174,791,2024-08-13 18:16:18,62,smart_tv
9591,174,125,2024-09-13 10:02:15,125,desktop
9592,174,2293,2023-04-23 02:13:18,83,smart_tv
9593,174,2213,2025-07-10 00:53:04,114,smart_tv
9594,174,564,2023-11-10 06:37:07,113,tablet
9595,174,926,2024-07-21 15:55:05,113,mobile
9596,174,667,2025-07-03 00:38:22,39,tablet
9597,174,1473,2025-04-26 13:08:36,242,desktop
9598,174,2259,2024-07-03 22:47:52,123,desktop
9599,174,1189,2023-03-16 14:30:52,203,mobile
9600,174,235,2024-03-07 03:58:01,135,tablet
9601,175,90,2024-09-12 01:37:58,112,smart_tv
9602,175,1669,2023-01-20 16:50:47,221,smart_speaker
9603,175,2104,2023-03-10 18:34:48,178,tablet
9604,175,2330,2023-08-31 22:30:11,112,tablet
9605,175,865,2025-06-18 17:36:19,111,web
9606,175,2064,2023-05-13 09:19:00,202,smart_speaker
9607,175,2565,2025-03-05 09:39:43,156,desktop
9608,175,636,2024-08-05 00:06:17,155,mobile
9609,175,691,2023-06-22 00:26:31,57,smart_tv
9610,175,2224,2024-08-29 14:09:26,133,web
9611,175,178,2023-09-07 15:37:05,239,smart_speaker
9612,175,2496,2025-11-02 09:45:06,123,smart_speaker
9613,175,384,2024-02-04 17:08:17,344,smart_speaker
9614,175,2483,2024-09-03 20:01:07,74,smart_tv
9615,175,2415,2025-10-25 03:47:28,78,web
9616,175,1976,2025-05-07 09:25:35,58,tablet
9617,175,1058,2025-11-15 17:48:07,312,web
9618,175,771,2024-08-19 09:48:11,74,web
9619,175,283,2024-05-05 18:46:04,153,smart_speaker
9620,175,903,2023-12-12 17:36:19,126,smart_tv
9621,175,2619,2024-04-19 17:48:49,175,smart_speaker
9622,176,1159,2024-12-25 09:56:21,102,desktop
9623,176,215,2023-12-28 14:40:40,180,web
9624,176,581,2024-10-30 07:40:15,268,smart_speaker
9625,176,1099,2024-06-13 23:42:50,131,smart_tv
9626,176,265,2023-06-19 05:16:08,198,tablet
9627,176,1635,2025-05-23 10:49:30,360,mobile
9628,176,1676,2023-01-06 04:56:13,182,smart_tv
9629,176,1259,2025-11-09 13:03:03,59,tablet
9630,176,1798,2025-03-05 10:03:32,156,smart_tv
9631,176,1711,2023-02-12 15:56:58,68,smart_tv
9632,176,2232,2023-09-02 18:54:32,348,smart_tv
9633,176,393,2024-03-17 14:12:27,190,smart_tv
9634,176,932,2023-01-27 11:36:26,145,tablet
9635,176,2217,2023-02-14 05:57:55,68,smart_tv
9636,176,2452,2025-02-12 15:29:45,64,smart_tv
9637,176,829,2023-01-20 11:06:30,58,smart_speaker
9638,176,2516,2024-10-25 20:33:23,108,smart_tv
9639,176,1528,2023-08-25 21:36:36,57,smart_tv
9640,176,1197,2024-07-31 16:49:47,230,tablet
9641,176,2277,2025-06-23 03:34:09,309,smart_speaker
9642,176,1092,2023-10-31 10:26:13,313,smart_tv
9643,176,2303,2024-04-04 13:38:00,241,tablet
9644,176,928,2025-12-05 16:58:15,172,mobile
9645,176,1605,2025-03-22 16:39:34,100,mobile
9646,176,1244,2024-08-03 18:34:02,149,smart_speaker
9647,176,1449,2024-06-23 10:52:40,124,web
9648,176,1862,2023-11-03 00:53:29,171,mobile
9649,176,1403,2025-09-10 17:36:09,138,web
9650,176,1852,2025-06-17 01:41:57,182,smart_tv
9651,176,2635,2023-07-23 13:26:36,165,mobile
9652,176,1409,2024-10-21 06:22:41,72,desktop
9653,176,88,2023-07-14 08:43:05,232,web
9654,176,929,2023-09-08 07:44:13,153,smart_tv
9655,176,884,2025-07-13 00:55:52,53,smart_tv
9656,176,2588,2025-08-20 08:17:54,175,smart_speaker
9657,177,845,2025-06-16 15:26:48,145,smart_tv
9658,177,2144,2024-12-21 12:42:31,226,tablet
9659,177,2390,2024-09-26 15:04:02,181,smart_tv
9660,177,448,2025-04-08 07:48:30,71,web
9661,177,1976,2024-07-07 15:31:26,88,tablet
9662,177,160,2025-06-21 11:15:01,251,mobile
9663,177,2596,2025-06-11 02:10:37,111,smart_speaker
9664,177,1808,2025-09-06 19:28:26,118,mobile
9665,177,357,2025-01-24 02:33:23,191,smart_tv
9666,177,894,2024-03-15 20:30:58,135,tablet
9667,177,240,2024-10-02 17:21:36,55,desktop
9668,177,483,2023-02-24 02:52:36,331,mobile
9669,177,1569,2023-10-11 15:44:27,140,smart_speaker
9670,177,1702,2025-08-22 03:11:56,244,smart_tv
9671,177,666,2024-12-07 17:17:09,288,web
9672,177,979,2023-11-30 12:07:27,74,desktop
9673,177,1554,2023-11-20 01:52:03,92,desktop
9674,177,267,2025-05-26 21:40:10,135,smart_speaker
9675,177,715,2024-04-18 03:37:50,129,smart_tv
9676,177,2383,2025-02-15 21:59:55,66,desktop
9677,177,190,2023-03-11 09:54:59,140,smart_tv
9678,177,2279,2025-12-05 08:37:30,344,smart_tv
9679,177,647,2024-10-17 17:08:36,88,mobile
9680,177,1518,2024-10-17 13:00:38,329,mobile
9681,177,2615,2024-04-13 17:00:45,122,web
9682,177,1920,2023-01-24 02:16:03,48,desktop
9683,177,2535,2025-04-23 13:35:00,84,web
9684,177,2405,2024-02-01 23:05:42,212,tablet
9685,177,322,2024-08-16 04:44:59,171,smart_tv
9686,177,112,2025-01-27 06:11:58,205,mobile
9687,177,1439,2023-03-07 12:19:16,30,smart_tv
9688,177,2622,2025-12-15 22:09:46,130,tablet
9689,177,680,2025-05-02 07:08:44,114,desktop
9690,177,206,2023-02-19 00:33:45,96,tablet
9691,177,1534,2024-12-30 05:57:06,385,web
9692,177,2086,2024-09-13 11:57:24,115,smart_speaker
9693,177,747,2023-08-22 01:45:42,49,desktop
9694,177,215,2023-01-29 15:19:16,227,tablet
9695,177,2556,2025-01-13 01:02:24,195,smart_tv
9696,177,1253,2025-09-23 20:23:21,59,tablet
9697,177,1115,2023-07-30 12:51:06,111,mobile
9698,177,340,2025-02-27 12:41:50,367,mobile
9699,177,864,2024-03-19 02:08:12,66,mobile
9700,177,1551,2025-05-03 12:59:56,149,desktop
9701,177,278,2025-02-15 01:26:23,37,tablet
9702,177,1758,2024-10-10 23:19:27,298,smart_tv
9703,177,2630,2023-02-12 18:12:23,199,web
9704,177,2286,2023-07-07 17:42:05,132,smart_tv
9705,177,2502,2024-08-25 09:56:32,48,mobile
9706,177,331,2024-11-04 19:36:55,277,mobile
9707,177,602,2024-01-01 09:20:07,40,tablet
9708,177,1596,2025-12-17 22:13:37,117,smart_speaker
9709,177,926,2024-09-09 02:19:42,133,tablet
9710,177,2474,2025-08-04 09:00:38,168,mobile
9711,177,2590,2023-05-30 05:03:25,134,web
9712,177,1701,2024-07-10 01:54:53,309,web
9713,177,417,2023-12-15 23:44:03,246,smart_tv
9714,177,671,2023-09-17 13:34:44,69,mobile
9715,177,2225,2024-08-07 08:01:16,46,web
9716,177,113,2023-08-05 12:15:00,55,desktop
9717,177,86,2025-12-20 12:54:18,123,mobile
9718,177,2339,2024-08-14 18:53:51,242,desktop
9719,177,2467,2025-06-10 02:13:56,163,smart_tv
9720,177,2256,2023-10-29 15:29:11,180,smart_speaker
9721,177,2241,2023-04-22 13:40:06,166,smart_tv
9722,177,26,2025-11-10 03:26:35,104,tablet
9723,177,1819,2024-04-14 02:57:11,37,web
9724,177,1919,2025-05-29 21:32:52,118,tablet
9725,177,851,2024-04-27 17:39:02,189,tablet
9726,177,463,2025-11-07 18:55:25,269,tablet
9727,177,1543,2024-10-28 19:21:55,227,mobile
9728,177,2460,2024-09-10 22:33:45,125,mobile
9729,177,912,2023-09-22 11:14:27,90,smart_speaker
9730,178,2542,2024-08-03 05:12:37,35,mobile
9731,178,2406,2025-01-20 18:04:47,237,smart_tv
9732,178,337,2023-03-03 21:59:16,127,desktop
9733,178,552,2023-06-08 23:52:59,130,tablet
9734,178,2058,2023-01-08 03:14:04,172,smart_tv
9735,178,615,2024-08-10 23:01:28,115,smart_tv
9736,178,139,2025-12-14 21:39:16,199,web
9737,178,311,2023-06-27 20:23:07,144,smart_speaker
9738,178,2193,2023-11-29 09:11:29,203,mobile
9739,178,2469,2023-01-29 18:50:52,168,tablet
9740,178,2567,2025-03-04 03:58:22,74,smart_tv
9741,178,1926,2023-10-17 21:50:55,72,smart_speaker
9742,178,996,2023-01-16 05:47:24,99,desktop
9743,178,136,2023-05-16 23:26:04,173,tablet
9744,178,2400,2023-04-06 09:46:47,209,desktop
9745,178,1959,2023-12-20 01:08:26,58,mobile
9746,178,2253,2024-11-12 04:56:20,231,tablet
9747,178,1684,2025-02-02 04:14:35,125,desktop
9748,178,1125,2023-06-16 22:51:25,110,smart_speaker
9749,178,1596,2024-06-04 22:41:02,216,mobile
9750,178,1018,2025-03-13 01:06:50,109,mobile
9751,178,224,2023-05-30 00:44:52,203,smart_speaker
9752,178,1450,2025-06-21 12:37:20,125,desktop
9753,178,743,2024-02-16 00:38:47,179,desktop
9754,178,1112,2024-01-31 19:41:42,164,mobile
9755,178,1639,2024-11-02 06:43:16,51,tablet
9756,178,2350,2025-09-04 23:17:21,120,web
9757,178,525,2023-07-28 14:12:53,36,smart_speaker
9758,178,2010,2024-08-21 00:04:18,388,web
9759,178,1137,2025-04-19 10:58:02,227,mobile
9760,178,2260,2023-10-20 05:40:25,125,smart_speaker
9761,178,689,2024-06-25 08:01:37,116,web
9762,178,2409,2023-07-04 14:02:31,67,desktop
9763,179,305,2023-06-27 15:56:21,211,smart_tv
9764,179,699,2024-03-09 22:27:10,119,smart_tv
9765,179,249,2024-06-18 11:52:21,49,smart_speaker
9766,179,717,2023-03-28 03:28:48,164,web
9767,179,157,2025-05-08 03:10:49,241,mobile
9768,179,1851,2025-03-08 09:57:50,30,smart_speaker
9769,179,2026,2023-06-22 09:32:18,132,tablet
9770,179,918,2025-03-16 02:27:21,187,smart_tv
9771,179,804,2023-08-21 07:49:17,97,desktop
9772,179,244,2025-12-09 08:38:11,213,smart_tv
9773,179,243,2023-12-13 20:17:23,250,tablet
9774,179,2330,2024-08-04 01:22:15,104,desktop
9775,179,1295,2025-01-12 19:44:28,43,smart_tv
9776,179,766,2025-01-14 20:13:54,197,web
9777,179,2357,2023-09-02 02:17:29,337,mobile
9778,179,1073,2024-10-30 16:48:35,324,web
9779,179,2521,2025-04-15 20:43:27,66,mobile
9780,179,1793,2023-08-11 18:10:09,51,web
9781,179,934,2025-01-15 20:15:33,56,desktop
9782,179,1766,2023-04-21 19:18:43,226,smart_tv
9783,179,379,2024-08-22 23:55:18,151,desktop
9784,179,2038,2023-03-25 02:01:06,68,desktop
9785,179,1198,2023-05-04 03:03:46,39,desktop
9786,179,1712,2023-09-09 16:44:04,42,mobile
9787,179,2190,2023-11-17 18:03:36,36,smart_speaker
9788,179,846,2023-10-17 22:38:30,39,smart_speaker
9789,179,355,2024-04-16 23:52:28,145,web
9790,179,501,2025-06-15 14:34:35,60,smart_speaker
9791,179,1046,2023-04-14 06:52:41,114,desktop
9792,179,371,2025-11-18 04:18:00,47,web
9793,179,2115,2025-07-11 21:29:50,115,desktop
9794,179,220,2025-01-18 09:21:34,89,mobile
9795,180,2409,2024-12-19 16:59:07,48,smart_speaker
9796,180,2216,2025-03-17 23:41:16,90,desktop
9797,180,2168,2024-11-30 17:02:04,148,mobile
9798,180,862,2023-03-05 10:41:15,184,desktop
9799,180,952,2025-02-27 07:40:08,90,web
9800,180,1635,2025-02-22 10:40:50,41,web
9801,180,2407,2023-01-11 16:30:15,33,web
9802,180,1984,2025-11-13 02:32:45,219,smart_tv
9803,180,2526,2024-10-25 04:03:43,102,desktop
9804,180,1887,2024-12-10 12:40:56,218,mobile
9805,180,2484,2024-12-19 12:08:32,301,tablet
9806,180,612,2024-08-02 14:04:47,92,smart_speaker
9807,180,2531,2023-04-12 23:11:59,78,smart_speaker
9808,180,1322,2024-04-24 00:08:59,64,desktop
9809,180,502,2024-12-16 10:36:59,190,web
9810,180,1070,2024-01-24 18:33:55,305,web
9811,180,2639,2024-06-04 14:14:09,92,smart_speaker
9812,180,1469,2024-01-28 15:11:48,65,desktop
9813,180,914,2023-11-15 17:39:42,63,tablet
9814,180,170,2023-09-30 04:11:14,125,web
9815,180,2280,2025-10-10 17:51:10,289,tablet
9816,180,1358,2023-04-09 17:51:57,34,smart_speaker
9817,180,2151,2025-07-30 21:13:15,107,web
9818,180,424,2024-11-20 07:16:22,79,mobile
9819,180,2144,2025-10-29 02:44:46,261,tablet
9820,180,2194,2024-05-20 00:43:36,92,mobile
9821,180,1391,2025-07-23 21:25:33,251,tablet
9822,180,1626,2025-12-20 08:22:50,31,smart_speaker
9823,180,1838,2025-11-23 01:19:21,98,tablet
9824,180,1028,2025-02-14 19:40:04,283,smart_tv
9825,180,1355,2024-01-02 21:25:32,291,smart_speaker
9826,180,485,2024-11-29 23:12:51,233,smart_tv
9827,180,2200,2023-12-16 01:37:44,77,desktop
9828,180,530,2024-03-03 18:27:47,271,smart_speaker
9829,180,327,2023-06-23 22:33:05,35,web
9830,180,485,2024-10-25 12:15:20,68,mobile
9831,180,2489,2025-03-19 02:55:40,175,smart_tv
9832,180,1047,2024-03-18 16:06:55,137,smart_speaker
9833,180,826,2023-05-20 19:56:57,244,smart_speaker
9834,181,364,2025-12-16 22:45:33,206,web
9835,181,301,2024-08-26 05:54:33,177,smart_speaker
9836,181,471,2025-08-12 16:37:14,39,smart_tv
9837,181,194,2025-09-09 06:33:10,99,tablet
9838,181,1398,2023-06-30 04:29:06,183,web
9839,181,1544,2024-03-24 07:41:28,103,desktop
9840,181,978,2023-02-08 19:12:20,224,web
9841,181,1744,2023-04-12 06:51:49,187,mobile
9842,181,470,2025-01-13 18:39:06,364,tablet
9843,181,2121,2024-03-31 18:18:26,113,tablet
9844,181,662,2024-02-22 11:47:05,239,smart_tv
9845,181,489,2025-07-20 06:35:15,85,mobile
9846,181,1568,2025-10-07 20:01:08,181,smart_tv
9847,181,815,2025-12-04 01:18:24,326,mobile
9848,181,2167,2025-01-14 13:27:08,210,desktop
9849,181,1394,2025-04-08 17:15:36,197,smart_speaker
9850,181,2294,2023-11-13 13:31:23,71,web
9851,181,1120,2023-11-20 20:57:46,72,web
9852,181,2468,2024-07-15 06:46:35,88,desktop
9853,181,782,2023-12-18 17:51:49,47,web
9854,181,1674,2025-07-17 08:20:59,220,tablet
9855,181,805,2023-07-27 04:54:31,155,desktop
9856,181,1130,2024-10-07 03:22:12,320,desktop
9857,181,1437,2024-07-06 23:27:55,93,smart_tv
9858,181,2528,2025-02-09 22:42:21,171,smart_speaker
9859,181,800,2025-10-17 12:26:40,157,smart_tv
9860,181,1974,2023-09-03 05:59:48,57,tablet
9861,181,943,2025-05-24 01:01:25,284,mobile
9862,181,2057,2025-03-07 15:01:56,310,web
9863,181,1119,2023-08-09 03:35:12,149,mobile
9864,181,1540,2025-08-28 05:04:37,247,tablet
9865,181,1705,2024-03-13 20:28:16,211,tablet
9866,181,893,2025-07-19 16:24:18,50,smart_speaker
9867,181,1069,2023-01-29 17:32:34,253,desktop
9868,181,1091,2025-01-26 10:32:00,140,smart_speaker
9869,181,1645,2024-04-10 16:46:03,124,web
9870,181,1092,2024-04-20 16:41:27,30,smart_tv
9871,181,1610,2025-03-15 07:18:12,106,desktop
9872,181,1393,2023-12-03 17:51:20,112,smart_speaker
9873,181,774,2024-09-08 13:00:24,327,desktop
9874,181,23,2025-08-30 04:31:09,37,mobile
9875,181,402,2025-10-03 01:55:14,168,smart_tv
9876,181,717,2023-06-26 03:25:42,78,smart_speaker
9877,181,2227,2023-10-21 17:56:40,216,mobile
9878,181,674,2023-02-25 14:28:12,44,tablet
9879,181,1754,2025-09-01 04:50:58,112,tablet
9880,181,1833,2023-09-13 08:28:33,200,desktop
9881,181,2200,2024-10-28 03:35:42,115,mobile
9882,181,1672,2023-03-16 01:23:14,49,smart_speaker
9883,181,1760,2023-04-19 12:48:35,178,mobile
9884,181,1000,2024-10-31 19:49:20,168,mobile
9885,181,1693,2025-07-09 14:47:30,200,smart_speaker
9886,181,132,2024-07-15 04:27:38,220,mobile
9887,181,2098,2024-04-27 05:13:10,41,tablet
9888,181,2639,2025-02-06 09:19:39,279,desktop
9889,181,1451,2023-02-25 15:26:57,60,mobile
9890,181,2100,2025-04-01 15:19:52,68,smart_speaker
9891,181,1885,2024-03-31 14:12:04,46,smart_tv
9892,181,917,2023-10-11 13:46:34,72,smart_speaker
9893,181,1282,2024-07-04 21:32:21,82,desktop
9894,181,943,2024-10-18 03:27:44,238,web
9895,181,21,2023-10-13 11:19:35,87,tablet
9896,181,602,2023-05-25 01:53:56,157,web
9897,181,2351,2025-10-18 13:45:46,64,mobile
9898,181,483,2025-05-17 00:39:25,119,smart_speaker
9899,181,2351,2023-04-18 19:18:43,93,mobile
9900,181,1322,2023-04-26 06:14:39,40,desktop
9901,181,1858,2023-05-14 09:45:27,186,mobile
9902,181,1441,2025-09-22 20:16:17,163,mobile
9903,181,1087,2024-12-15 04:47:56,244,web
9904,181,211,2024-06-01 00:39:30,126,desktop
9905,181,997,2023-12-03 23:47:10,48,smart_speaker
9906,181,1047,2024-12-13 13:35:11,177,web
9907,181,1845,2024-09-19 13:18:48,161,smart_speaker
9908,181,1380,2024-02-18 02:07:24,55,tablet
9909,181,2635,2024-08-21 20:22:56,234,tablet
9910,181,1331,2025-02-25 00:55:52,69,smart_speaker
9911,181,1328,2024-02-06 20:44:51,236,desktop
9912,181,1954,2023-11-19 17:57:09,157,desktop
9913,181,41,2023-03-06 23:43:01,87,web
9914,181,29,2024-02-28 04:24:18,263,mobile
9915,181,1562,2025-11-03 02:31:15,237,desktop
9916,181,965,2024-03-17 20:08:08,196,desktop
9917,181,1500,2024-01-20 09:39:30,112,mobile
9918,181,496,2023-07-15 08:04:02,354,smart_speaker
9919,181,2577,2023-05-19 12:03:33,333,tablet
9920,181,49,2023-01-07 01:16:03,57,mobile
9921,181,558,2025-07-01 22:07:12,206,desktop
9922,181,212,2025-01-28 05:46:03,199,web
9923,181,2059,2023-06-08 14:56:12,304,smart_tv
9924,181,1197,2023-06-01 19:16:56,185,smart_tv
9925,181,1426,2024-10-08 09:27:35,136,web
9926,181,969,2024-11-30 22:58:28,52,smart_tv
9927,181,153,2025-09-08 06:36:51,163,web
9928,181,966,2025-09-21 13:58:44,367,smart_tv
9929,181,800,2024-12-09 06:38:59,210,tablet
9930,181,333,2024-02-01 11:45:15,90,tablet
9931,181,981,2024-05-13 22:04:33,119,web
9932,182,1754,2023-09-14 20:51:02,46,desktop
9933,182,2194,2024-04-11 20:19:53,147,smart_tv
9934,182,1586,2023-02-25 06:27:22,58,smart_speaker
9935,182,1995,2024-04-21 17:02:18,325,mobile
9936,182,2358,2023-05-22 17:15:13,195,desktop
9937,182,1559,2023-06-17 13:39:40,145,tablet
9938,182,2273,2023-06-02 11:28:02,124,mobile
9939,182,1219,2023-05-31 00:36:42,308,tablet
9940,182,2549,2024-04-06 18:56:09,44,mobile
9941,182,1274,2025-03-02 14:55:04,339,smart_tv
9942,182,1373,2024-11-06 07:56:14,33,smart_speaker
9943,182,1025,2024-08-23 14:42:30,174,tablet
9944,182,1110,2025-11-07 07:36:30,169,smart_speaker
9945,182,1286,2024-08-09 22:40:33,269,smart_tv
9946,182,1477,2024-07-26 12:59:27,84,mobile
9947,182,658,2024-01-18 00:26:50,179,mobile
9948,182,186,2023-05-08 05:30:42,126,web
9949,182,1343,2023-07-27 09:22:34,121,smart_speaker
9950,182,108,2024-04-01 07:26:46,42,web
9951,182,367,2024-07-09 01:39:44,33,smart_tv
9952,182,1764,2023-09-14 07:31:42,333,web
9953,182,1108,2023-09-23 02:46:47,41,mobile
9954,182,606,2023-06-19 16:15:00,265,desktop
9955,182,760,2023-03-07 10:37:16,105,tablet
9956,182,912,2024-02-02 07:27:59,74,desktop
9957,182,101,2025-03-15 09:16:37,100,tablet
9958,182,347,2025-11-11 19:17:05,336,smart_speaker
9959,182,1473,2024-12-20 14:13:22,263,web
9960,182,2098,2025-01-07 07:38:41,84,tablet
9961,182,453,2025-11-05 22:10:59,396,desktop
9962,182,1827,2023-08-20 13:00:52,83,mobile
9963,182,1872,2023-12-17 21:59:28,191,smart_tv
9964,182,408,2025-09-17 08:00:58,84,smart_tv
9965,182,282,2025-02-17 11:45:17,143,smart_tv
9966,182,1041,2025-06-16 16:50:04,157,smart_speaker
9967,182,2427,2024-07-12 23:19:37,83,web
9968,182,1489,2023-09-11 07:14:42,194,smart_speaker
9969,182,1306,2024-01-19 11:15:36,237,tablet
9970,182,1326,2025-09-14 01:38:19,124,smart_speaker
9971,182,2337,2024-06-13 01:25:33,60,tablet
9972,182,1107,2023-06-13 16:40:43,179,desktop
9973,182,1725,2023-03-25 22:41:27,177,desktop
9974,182,2243,2025-02-04 23:11:05,95,tablet
9975,183,10,2025-04-19 17:52:04,292,tablet
9976,183,2288,2024-09-20 04:30:38,46,smart_tv
9977,183,1078,2025-10-07 06:05:12,90,tablet
9978,183,1230,2023-08-28 13:17:38,122,web
9979,183,205,2025-06-01 00:16:34,140,web
9980,183,1564,2025-06-18 10:22:47,79,desktop
9981,183,2036,2024-05-30 16:17:35,154,smart_speaker
9982,183,200,2023-06-06 18:18:06,113,tablet
9983,183,69,2025-04-02 01:18:00,169,mobile
9984,183,1754,2023-11-10 22:03:02,103,tablet
9985,183,2133,2024-03-23 20:03:35,72,tablet
9986,183,1423,2023-01-11 11:34:06,190,tablet
9987,183,2644,2023-10-09 00:08:16,129,tablet
9988,183,979,2025-01-19 18:15:08,41,tablet
9989,183,1942,2024-09-30 07:52:58,158,mobile
9990,183,2492,2025-05-08 16:59:57,211,smart_tv
9991,183,2247,2024-01-01 16:51:28,190,mobile
9992,183,1456,2023-06-01 21:09:06,240,smart_speaker
9993,183,972,2024-03-05 10:48:05,108,mobile
9994,183,747,2024-12-12 03:22:33,76,tablet
9995,183,1073,2025-09-12 14:35:56,281,web
9996,183,217,2023-07-13 08:55:31,171,desktop
9997,183,2415,2024-06-11 11:46:52,40,desktop
9998,183,2580,2023-11-09 13:50:00,139,smart_speaker
9999,183,1003,2024-08-14 13:40:19,308,desktop
10000,183,1226,2023-02-25 03:40:46,109,mobile
10001,183,505,2023-02-14 18:46:28,98,tablet
10002,183,1221,2025-06-05 08:55:15,163,mobile
10003,183,2573,2025-08-31 15:53:56,129,web
10004,183,1179,2024-08-27 05:23:49,43,smart_tv
10005,183,1473,2023-10-19 09:00:37,186,web
10006,183,2375,2023-11-27 19:35:54,35,smart_speaker
10007,183,1733,2024-09-30 04:05:49,85,desktop
10008,183,1270,2025-07-26 09:22:12,93,smart_tv
10009,183,1540,2023-03-25 16:10:36,221,web
10010,183,1324,2025-02-04 19:27:28,145,desktop
10011,183,2356,2023-03-04 00:29:05,163,tablet
10012,183,1379,2025-09-17 12:39:16,105,desktop
10013,183,1706,2023-10-17 04:56:53,58,desktop
10014,183,331,2025-07-21 21:53:54,138,mobile
10015,184,638,2025-12-01 19:46:21,49,web
10016,184,192,2025-05-12 15:37:08,93,mobile
10017,184,167,2023-12-03 22:33:20,168,smart_tv
10018,184,1931,2023-10-24 23:05:09,310,mobile
10019,184,138,2024-11-24 01:18:15,219,smart_tv
10020,184,2290,2025-07-23 05:34:20,230,smart_speaker
10021,184,386,2025-06-06 14:04:13,383,smart_tv
10022,184,2261,2024-12-04 12:46:36,35,web
10023,184,1706,2024-08-21 22:59:03,85,smart_speaker
10024,184,2077,2024-04-08 11:18:22,268,desktop
10025,184,804,2023-05-18 08:33:55,140,tablet
10026,184,134,2025-07-17 01:00:53,307,desktop
10027,184,923,2025-04-07 01:54:49,38,web
10028,184,737,2025-01-31 18:41:55,65,tablet
10029,184,2484,2023-03-11 06:25:14,85,tablet
10030,184,224,2024-07-13 03:19:01,108,desktop
10031,184,2441,2023-12-24 14:51:20,101,smart_tv
10032,184,2547,2025-03-13 14:36:39,337,smart_speaker
10033,184,1087,2025-01-13 06:02:59,155,smart_speaker
10034,184,1155,2024-01-21 11:16:24,181,tablet
10035,184,880,2025-01-26 18:06:54,121,tablet
10036,184,2119,2023-01-20 17:10:01,76,tablet
10037,184,951,2025-10-31 19:58:24,124,smart_speaker
10038,184,1153,2025-06-06 02:34:13,135,desktop
10039,184,73,2023-02-24 19:06:49,82,desktop
10040,184,921,2023-02-24 19:51:16,50,mobile
10041,184,458,2025-08-02 23:42:19,99,smart_tv
10042,184,2196,2024-09-11 06:32:00,45,mobile
10043,184,2012,2023-12-22 22:01:43,289,tablet
10044,184,1325,2025-12-07 07:35:37,216,tablet
10045,184,1450,2023-03-18 14:45:55,206,mobile
10046,184,2564,2025-04-24 21:35:24,77,web
10047,184,1911,2025-11-16 19:46:52,126,mobile
10048,184,1233,2023-09-05 08:05:09,128,smart_tv
10049,184,568,2024-04-04 14:04:00,186,desktop
10050,184,1688,2025-02-07 03:23:17,152,web
10051,184,13,2024-02-04 12:29:19,75,mobile
10052,184,66,2025-02-17 16:47:15,35,mobile
10053,184,2588,2023-10-05 13:31:18,231,tablet
10054,184,2532,2023-06-10 03:44:25,81,tablet
10055,184,2413,2025-01-10 07:37:56,162,smart_speaker
10056,184,2428,2024-07-11 21:04:19,133,tablet
10057,184,573,2024-07-31 16:42:52,68,smart_tv
10058,184,1388,2023-11-30 16:12:31,53,smart_tv
10059,184,2001,2025-06-26 11:41:54,38,mobile
10060,184,1486,2023-12-25 16:24:15,256,desktop
10061,184,1467,2024-09-29 01:08:27,206,smart_tv
10062,184,918,2023-11-20 16:39:23,284,desktop
10063,184,1055,2023-10-25 11:19:22,108,smart_speaker
10064,184,2267,2025-08-02 07:36:12,48,smart_speaker
10065,184,248,2023-02-09 04:15:41,33,mobile
10066,184,691,2024-01-25 12:46:11,75,mobile
10067,184,296,2023-07-25 21:39:36,87,smart_tv
10068,184,1539,2023-02-13 14:48:22,129,smart_tv
10069,184,545,2024-08-02 19:18:46,201,smart_speaker
10070,184,1518,2025-01-01 10:51:39,308,smart_tv
10071,184,1212,2024-04-08 10:32:29,86,mobile
10072,184,530,2025-02-20 06:52:22,189,smart_speaker
10073,184,1176,2023-09-29 07:21:36,53,smart_tv
10074,184,719,2025-01-25 10:46:46,159,web
10075,184,609,2023-05-01 20:09:43,211,smart_speaker
10076,184,1050,2023-03-27 09:19:26,177,smart_tv
10077,184,2282,2025-05-25 02:12:01,373,mobile
10078,184,830,2024-11-02 22:23:06,275,mobile
10079,184,1789,2023-04-19 21:17:18,136,smart_speaker
10080,184,1207,2025-07-02 16:55:50,115,smart_speaker
10081,184,2575,2025-05-30 07:08:38,183,web
10082,184,309,2025-09-10 01:42:02,108,smart_tv
10083,184,965,2025-12-07 19:15:55,165,web
10084,184,520,2024-12-02 06:11:50,255,smart_speaker
10085,184,1264,2023-05-15 12:55:38,186,tablet
10086,184,2644,2024-06-18 15:11:01,30,smart_speaker
10087,184,1908,2024-01-07 15:55:22,138,desktop
10088,184,189,2025-07-26 09:31:46,266,smart_speaker
10089,184,1953,2023-03-14 03:25:01,86,smart_speaker
10090,184,662,2025-12-30 04:33:45,170,desktop
10091,184,2427,2025-04-29 03:58:30,122,web
10092,184,639,2025-02-09 20:17:40,45,tablet
10093,184,2520,2024-11-23 12:40:48,190,web
10094,184,948,2024-03-07 09:05:52,186,tablet
10095,184,1597,2023-11-22 12:08:17,180,smart_tv
10096,184,1069,2025-01-17 03:16:13,95,smart_speaker
10097,184,1776,2024-06-09 10:57:43,61,desktop
10098,184,404,2023-05-10 01:11:24,37,mobile
10099,184,1526,2023-07-17 10:58:04,114,web
10100,184,304,2025-08-28 22:41:09,301,mobile
10101,184,1439,2025-06-27 14:08:33,120,smart_speaker
10102,184,2182,2023-04-23 06:12:13,50,desktop
10103,184,1744,2025-05-21 07:43:41,164,smart_tv
10104,184,1574,2023-02-21 09:47:07,160,web
10105,184,2264,2023-09-26 20:30:28,89,desktop
10106,184,972,2024-07-31 00:10:52,55,mobile
10107,184,1010,2025-10-16 23:36:14,179,tablet
10108,184,677,2023-09-26 05:06:23,195,web
10109,184,1084,2025-06-12 19:34:48,103,tablet
10110,184,1842,2023-01-30 22:29:19,137,mobile
10111,184,1924,2024-09-16 16:26:10,309,web
10112,184,421,2023-03-28 20:59:09,74,web
10113,184,879,2023-09-03 23:37:25,172,smart_tv
10114,185,1970,2023-10-20 01:55:51,44,smart_speaker
10115,185,406,2024-03-30 10:30:24,70,tablet
10116,185,740,2023-12-13 03:55:14,254,tablet
10117,185,1795,2024-03-04 06:55:14,211,tablet
10118,185,1122,2024-08-04 03:25:32,92,smart_tv
10119,185,950,2025-09-23 06:30:57,79,mobile
10120,185,276,2024-09-23 10:31:10,116,web
10121,185,1075,2025-02-27 19:09:21,263,smart_tv
10122,185,1511,2024-11-28 01:16:44,97,mobile
10123,185,1522,2025-05-25 06:16:53,48,smart_tv
10124,185,1602,2024-07-02 14:36:44,115,web
10125,185,381,2024-11-12 06:21:53,104,smart_speaker
10126,185,1585,2024-01-25 05:17:43,69,mobile
10127,185,888,2024-11-05 11:07:17,36,mobile
10128,185,1967,2023-05-25 12:58:22,185,smart_tv
10129,185,656,2023-09-27 14:28:03,94,smart_speaker
10130,186,1164,2024-05-28 15:01:33,132,mobile
10131,186,2312,2024-09-21 20:13:10,120,tablet
10132,186,334,2024-08-20 04:43:41,174,tablet
10133,186,404,2025-04-30 02:28:30,37,tablet
10134,186,1099,2023-01-17 06:47:04,37,smart_speaker
10135,186,1332,2023-12-16 02:57:21,162,web
10136,186,56,2025-10-29 15:39:10,369,smart_speaker
10137,186,1120,2023-09-05 18:44:14,32,smart_tv
10138,186,2523,2024-09-10 01:52:56,57,web
10139,186,2513,2025-07-07 09:31:48,39,web
10140,186,2522,2024-12-20 07:29:06,332,smart_speaker
10141,186,2424,2024-10-23 16:43:57,72,web
10142,186,2360,2025-12-16 07:24:10,70,desktop
10143,186,413,2023-06-13 13:49:32,314,smart_tv
10144,186,91,2025-10-27 18:35:07,163,smart_tv
10145,186,2128,2023-04-29 19:54:51,200,smart_tv
10146,186,1069,2025-12-14 05:22:01,179,web
10147,186,494,2024-10-17 23:25:20,278,mobile
10148,186,1736,2024-05-12 22:59:20,251,smart_tv
10149,186,202,2025-11-15 08:56:35,177,smart_speaker
10150,186,1762,2024-10-30 14:55:55,282,smart_speaker
10151,186,2192,2024-05-27 09:59:54,45,web
10152,186,1743,2025-05-05 00:58:29,121,mobile
10153,186,825,2025-05-14 18:14:08,77,desktop
10154,186,2114,2024-07-22 10:04:18,149,smart_speaker
10155,186,1225,2023-04-04 18:12:30,63,tablet
10156,186,1182,2025-12-22 16:31:46,72,web
10157,186,1507,2023-01-29 03:43:02,132,smart_speaker
10158,186,2397,2025-05-16 03:19:46,117,mobile
10159,186,433,2025-04-23 20:35:17,100,web
10160,186,374,2023-05-06 00:28:21,224,web
10161,186,2008,2025-04-11 05:32:36,280,desktop
10162,186,1114,2025-03-05 07:30:29,44,smart_speaker
10163,186,1313,2023-07-01 08:05:37,159,smart_speaker
10164,186,1654,2024-09-30 23:14:21,145,tablet
10165,186,1877,2025-10-20 11:47:20,55,web
10166,186,1560,2025-06-06 13:20:45,111,tablet
10167,186,100,2023-08-07 09:46:01,79,mobile
10168,186,823,2024-03-22 04:37:13,53,web
10169,186,1577,2025-05-20 05:06:54,130,smart_speaker
10170,186,1568,2025-07-02 03:10:59,346,tablet
10171,186,1892,2023-05-28 17:10:55,86,web
10172,186,2598,2025-08-08 07:31:24,134,tablet
10173,186,1901,2023-02-04 00:42:14,41,mobile
10174,186,1731,2025-04-29 18:07:43,104,tablet
10175,186,270,2025-08-29 21:41:46,67,desktop
10176,186,1110,2025-09-05 21:07:46,61,desktop
10177,186,906,2025-03-17 12:07:48,143,smart_speaker
10178,186,2516,2025-11-17 12:36:51,78,mobile
10179,186,832,2025-04-14 14:09:43,89,tablet
10180,186,1907,2024-09-01 16:04:04,151,mobile
10181,186,1127,2023-01-05 01:29:49,323,smart_tv
10182,186,754,2024-10-18 07:46:57,103,smart_speaker
10183,186,658,2023-08-22 23:34:11,208,smart_speaker
10184,186,1463,2023-11-12 09:57:39,256,smart_tv
10185,186,689,2023-07-04 12:22:15,31,web
10186,186,2316,2025-05-04 00:39:17,76,desktop
10187,186,743,2024-11-22 02:24:38,63,smart_tv
10188,186,557,2023-03-04 09:57:35,251,smart_tv
10189,186,1897,2024-07-26 14:28:13,170,smart_speaker
10190,186,2653,2023-01-24 03:36:13,76,smart_speaker
10191,186,2039,2023-11-29 06:26:42,34,desktop
10192,186,1872,2024-05-17 18:31:26,371,desktop
10193,186,1936,2024-02-01 18:52:56,125,web
10194,186,249,2025-02-25 23:51:33,162,desktop
10195,186,17,2024-09-14 09:58:10,173,desktop
10196,186,2309,2024-02-09 10:44:24,162,mobile
10197,186,1811,2023-03-22 03:26:55,101,smart_speaker
10198,186,1720,2025-01-28 06:11:50,106,smart_speaker
10199,186,1223,2023-07-30 16:29:56,144,web
10200,186,2540,2023-05-11 23:37:40,179,mobile
10201,186,1758,2023-11-26 16:09:40,261,web
10202,186,2523,2025-03-23 11:53:26,37,mobile
10203,186,1104,2024-11-26 00:55:32,67,mobile
10204,186,683,2025-12-12 05:47:24,301,smart_speaker
10205,186,2281,2023-09-20 03:30:36,139,smart_speaker
10206,186,1814,2025-05-23 19:36:13,265,smart_tv
10207,186,12,2025-05-22 06:45:43,270,smart_tv
10208,186,1951,2023-03-02 14:48:19,65,tablet
10209,186,689,2024-04-11 07:00:50,205,desktop
10210,186,1096,2024-03-16 15:00:19,157,mobile
10211,186,182,2023-07-16 05:58:27,347,smart_speaker
10212,186,890,2023-08-10 15:33:54,42,mobile
10213,186,880,2024-09-19 12:48:06,271,web
10214,186,1082,2023-02-24 17:15:55,39,smart_speaker
10215,186,756,2024-06-13 05:18:02,135,web
10216,186,1080,2023-08-17 08:52:32,157,mobile
10217,186,2414,2025-03-10 21:47:48,140,mobile
10218,186,2106,2023-07-09 10:39:19,45,desktop
10219,186,1141,2023-10-20 03:54:03,37,smart_tv
10220,186,429,2024-04-13 18:43:59,99,smart_speaker
10221,186,2631,2023-12-04 11:01:45,35,tablet
10222,186,1259,2024-06-20 08:31:03,42,smart_speaker
10223,186,541,2025-02-06 12:18:51,121,web
10224,186,2454,2025-04-26 00:39:23,131,smart_speaker
10225,186,1511,2025-05-11 04:31:15,42,smart_speaker
10226,186,2021,2024-03-11 04:27:06,289,smart_speaker
10227,186,1225,2024-10-08 16:39:07,254,tablet
10228,187,640,2023-09-23 05:05:35,78,desktop
10229,187,2201,2024-09-11 04:39:47,160,desktop
10230,187,1371,2023-01-13 22:10:02,185,smart_tv
10231,187,1142,2024-12-18 07:27:45,77,web
10232,187,1989,2024-03-30 16:48:07,65,smart_tv
10233,187,1483,2025-04-25 10:18:02,308,tablet
10234,187,219,2024-09-24 15:09:30,252,mobile
10235,187,615,2024-02-24 06:12:39,74,mobile
10236,187,342,2023-04-20 00:45:51,251,web
10237,187,155,2023-06-06 03:41:26,110,web
10238,187,1108,2025-12-29 09:38:02,88,smart_speaker
10239,187,431,2023-06-07 06:07:18,239,mobile
10240,187,1870,2024-09-09 01:36:01,121,web
10241,187,415,2023-02-05 16:34:50,329,smart_tv
10242,187,2501,2025-10-05 16:06:55,113,smart_tv
10243,187,742,2023-05-24 11:26:59,126,smart_speaker
10244,187,1112,2024-12-29 12:33:44,122,web
10245,187,77,2023-09-01 01:45:13,36,smart_tv
10246,187,799,2023-04-18 20:38:10,189,mobile
10247,187,143,2025-07-07 20:07:25,63,tablet
10248,187,1053,2023-11-29 23:54:34,123,smart_speaker
10249,187,1464,2024-04-06 12:37:32,32,web
10250,187,1410,2024-11-07 15:02:53,165,web
10251,187,1600,2024-03-19 08:04:16,105,smart_speaker
10252,187,1614,2023-07-11 16:54:25,392,smart_tv
10253,187,709,2024-03-06 10:13:41,232,smart_tv
10254,187,564,2025-02-03 09:59:26,202,desktop
10255,187,280,2025-03-26 06:11:32,314,smart_speaker
10256,187,2011,2023-02-27 14:29:08,141,mobile
10257,187,1265,2024-02-20 02:36:20,129,desktop
10258,187,71,2023-11-24 10:13:57,143,tablet
10259,187,1180,2024-07-03 16:19:27,151,mobile
10260,187,2363,2025-08-28 07:42:25,49,web
10261,187,1788,2025-11-21 22:58:32,91,desktop
10262,187,1154,2025-12-20 19:32:44,105,web
10263,187,304,2024-01-30 23:04:03,104,mobile
10264,187,407,2024-03-08 12:44:07,36,smart_tv
10265,187,2287,2023-05-01 13:43:56,89,smart_tv
10266,187,1559,2024-04-30 07:19:38,97,smart_speaker
10267,187,41,2025-02-07 08:34:54,44,desktop
10268,187,2121,2023-12-11 09:04:01,318,tablet
10269,187,709,2024-12-19 03:35:20,59,web
10270,187,902,2024-02-16 15:52:23,66,tablet
10271,187,2005,2023-03-30 04:04:13,243,web
10272,187,1218,2025-10-30 18:51:16,372,smart_speaker
10273,187,548,2023-07-19 03:41:21,62,tablet
10274,187,1824,2023-06-01 02:22:01,245,web
10275,187,1192,2023-03-18 23:47:53,44,tablet
10276,187,2053,2025-06-06 14:52:23,214,desktop
10277,187,1080,2023-07-02 01:34:18,98,desktop
10278,187,2610,2024-03-12 06:33:55,216,smart_tv
10279,187,1261,2024-09-26 04:21:10,232,desktop
10280,187,2473,2025-01-17 08:17:41,70,smart_speaker
10281,187,173,2023-05-20 19:25:38,101,web
10282,187,183,2024-08-22 02:33:54,83,desktop
10283,187,1450,2025-02-06 12:54:04,212,web
10284,187,2369,2025-08-09 09:13:32,274,smart_speaker
10285,187,1119,2025-07-17 08:48:25,149,tablet
10286,187,1658,2024-12-16 11:45:16,212,smart_tv
10287,187,1149,2024-08-11 06:27:10,138,smart_tv
10288,187,1545,2024-09-08 08:18:24,255,tablet
10289,187,2356,2023-05-25 02:55:32,142,tablet
10290,187,2091,2023-06-10 07:10:45,130,smart_speaker
10291,187,1141,2023-01-19 19:06:18,84,desktop
10292,187,1236,2023-08-09 07:11:56,71,mobile
10293,187,1734,2025-12-25 23:23:22,95,web
10294,187,1447,2023-11-07 01:41:39,119,desktop
10295,187,1163,2024-03-21 16:25:17,192,desktop
10296,187,492,2024-04-20 14:37:51,132,mobile
10297,187,55,2023-01-26 08:32:08,175,smart_speaker
10298,187,2105,2023-10-25 17:11:31,191,smart_speaker
10299,187,176,2023-03-23 23:44:08,201,smart_speaker
10300,187,411,2025-08-18 06:16:06,274,smart_speaker
10301,187,787,2024-10-18 06:45:52,217,mobile
10302,187,1200,2024-09-13 21:06:50,327,mobile
10303,187,1322,2025-07-13 20:56:04,371,mobile
10304,187,2200,2023-12-19 11:26:17,91,smart_tv
10305,187,1448,2023-11-14 16:30:20,264,smart_speaker
10306,187,136,2023-02-26 11:50:15,112,smart_tv
10307,188,888,2024-02-01 23:04:38,41,mobile
10308,188,2224,2023-03-18 19:12:54,157,tablet
10309,188,147,2025-07-06 03:03:51,199,mobile
10310,188,867,2024-05-17 11:01:16,169,tablet
10311,188,460,2023-11-22 10:08:13,263,smart_tv
10312,188,1128,2023-02-28 01:07:36,46,web
10313,188,2489,2024-04-08 10:52:06,74,web
10314,188,612,2025-12-05 10:23:54,239,mobile
10315,188,2298,2024-05-31 16:34:33,104,tablet
10316,188,11,2023-10-25 00:34:49,81,desktop
10317,188,397,2024-07-13 01:10:16,116,smart_speaker
10318,188,1462,2025-06-11 17:40:47,218,smart_speaker
10319,188,709,2024-02-21 07:24:28,47,smart_speaker
10320,188,1800,2023-06-22 18:13:00,251,smart_tv
10321,188,1385,2024-05-16 05:22:47,85,smart_tv
10322,188,189,2023-07-03 10:24:05,169,mobile
10323,188,448,2025-09-30 08:33:29,270,mobile
10324,188,839,2023-07-21 16:36:27,310,mobile
10325,188,1020,2023-08-23 19:21:19,118,tablet
10326,188,824,2025-04-14 15:48:41,81,smart_tv
10327,188,291,2024-03-21 18:04:53,166,web
10328,188,2550,2023-07-08 03:34:45,150,smart_speaker
10329,188,640,2023-04-20 16:01:40,197,smart_tv
10330,188,1385,2023-04-24 19:16:22,109,smart_speaker
10331,188,495,2023-04-09 04:12:40,55,tablet
10332,188,1673,2025-05-09 02:43:11,157,desktop
10333,188,1554,2023-06-29 10:21:42,45,smart_tv
10334,188,961,2025-01-12 21:05:07,33,desktop
10335,188,501,2024-08-05 08:53:42,56,smart_speaker
10336,188,1055,2024-06-27 20:30:12,40,desktop
10337,188,1485,2024-05-21 01:20:20,329,smart_speaker
10338,188,1628,2024-12-17 17:00:06,58,mobile
10339,188,815,2025-10-28 18:47:15,84,desktop
10340,188,481,2023-11-12 04:53:34,68,web
10341,188,757,2024-04-27 01:09:38,80,tablet
10342,188,1562,2024-08-12 15:32:37,228,desktop
10343,188,2477,2023-06-22 20:01:35,81,web
10344,188,1545,2023-10-05 00:47:45,70,tablet
10345,188,930,2025-07-09 09:00:35,171,tablet
10346,188,60,2024-08-19 13:27:40,30,mobile
10347,188,1194,2024-10-13 00:49:50,87,web
10348,188,538,2023-01-15 12:44:25,117,web
10349,188,2266,2024-03-03 13:05:03,182,smart_speaker
10350,188,1153,2024-02-05 10:59:09,145,tablet
10351,188,901,2025-08-19 16:59:00,55,smart_tv
10352,188,253,2023-02-13 06:07:06,275,tablet
10353,188,2113,2023-06-19 08:39:02,265,desktop
10354,188,774,2024-07-27 22:53:06,150,desktop
10355,188,1002,2024-10-27 20:28:32,348,tablet
10356,188,259,2024-11-19 08:00:32,209,mobile
10357,188,2054,2023-02-15 15:51:19,374,mobile
10358,188,1837,2025-10-27 05:34:26,209,smart_tv
10359,188,1506,2025-04-11 13:11:15,66,tablet
10360,188,1344,2024-02-10 07:25:55,160,web
10361,188,978,2025-02-25 10:56:14,248,smart_speaker
10362,188,1539,2023-05-18 01:03:53,66,desktop
10363,188,1395,2025-03-20 15:02:20,279,smart_speaker
10364,188,9,2024-06-09 04:16:42,31,smart_tv
10365,188,843,2023-03-07 02:35:43,45,smart_tv
10366,188,522,2025-05-28 15:54:08,158,web
10367,188,2167,2024-05-02 09:46:43,227,desktop
10368,188,1585,2024-10-23 21:22:47,133,smart_tv
10369,188,794,2023-06-01 23:06:17,263,desktop
10370,188,2466,2024-09-20 04:55:18,75,web
10371,188,2127,2024-09-07 23:35:09,156,desktop
10372,188,2232,2025-06-15 21:17:26,264,tablet
10373,188,1261,2025-01-30 05:40:50,41,mobile
10374,188,326,2023-10-10 01:54:19,51,tablet
10375,188,807,2024-07-11 01:05:21,107,web
10376,188,782,2025-08-18 00:34:54,88,smart_speaker
10377,188,1064,2023-09-08 09:22:28,260,smart_tv
10378,188,698,2025-03-05 23:06:26,68,smart_speaker
10379,188,2094,2023-07-07 00:55:05,209,smart_tv
10380,188,1508,2025-08-28 18:45:19,225,mobile
10381,188,1204,2023-03-25 12:19:16,74,smart_speaker
10382,188,1904,2024-03-13 10:39:21,108,smart_tv
10383,188,1904,2023-01-29 23:06:41,128,tablet
10384,188,2224,2023-05-03 04:44:12,82,desktop
10385,189,2047,2025-03-22 16:54:48,111,smart_speaker
10386,189,2413,2023-08-30 04:30:29,167,web
10387,189,1164,2023-07-23 00:31:13,148,tablet
10388,189,182,2024-09-22 14:28:29,309,smart_speaker
10389,189,1280,2023-12-01 10:09:34,333,desktop
10390,189,2419,2023-12-13 06:44:07,229,mobile
10391,189,1606,2025-12-23 05:35:58,104,smart_tv
10392,189,805,2025-04-23 04:43:11,105,desktop
10393,189,2541,2023-06-20 08:02:06,183,desktop
10394,189,2398,2024-04-04 07:25:40,270,web
10395,189,2058,2025-12-03 21:45:08,198,smart_tv
10396,189,1142,2024-07-05 06:42:06,161,tablet
10397,189,1719,2025-11-22 03:31:08,33,desktop
10398,189,499,2025-10-05 05:44:43,168,smart_tv
10399,189,2066,2024-08-21 21:52:22,214,smart_speaker
10400,189,750,2025-01-07 14:27:27,189,smart_speaker
10401,189,467,2025-09-07 13:51:14,75,smart_speaker
10402,189,2625,2024-10-02 09:40:10,105,tablet
10403,189,1166,2025-03-18 07:24:12,63,smart_tv
10404,189,2030,2023-07-14 01:55:53,102,web
10405,189,1424,2025-07-27 17:20:18,50,web
10406,189,499,2025-08-26 22:11:59,180,tablet
10407,189,454,2023-12-20 02:43:29,132,tablet
10408,189,1271,2025-11-21 03:59:57,258,smart_tv
10409,189,659,2025-06-17 14:04:11,54,mobile
10410,189,2222,2025-02-19 13:33:47,102,tablet
10411,189,178,2023-06-30 14:13:17,234,tablet
10412,189,1832,2025-12-18 15:16:16,30,smart_speaker
10413,189,725,2023-11-06 06:00:04,52,web
10414,189,2423,2024-08-08 15:51:27,58,smart_tv
10415,189,587,2024-07-02 04:22:27,292,smart_speaker
10416,189,547,2025-11-26 12:57:23,162,tablet
10417,189,1075,2023-09-23 00:46:05,256,mobile
10418,189,2618,2025-02-26 15:22:57,37,tablet
10419,189,1480,2024-05-21 09:01:12,186,mobile
10420,189,720,2025-04-23 01:39:13,341,smart_speaker
10421,189,1527,2023-06-30 00:37:45,112,mobile
10422,189,2606,2025-11-13 11:42:18,152,tablet
10423,189,2615,2024-04-23 22:50:23,86,tablet
10424,189,1736,2023-12-22 23:40:52,230,tablet
10425,189,509,2025-02-21 11:33:37,85,smart_tv
10426,189,97,2024-04-15 18:58:50,147,mobile
10427,189,672,2023-10-27 13:48:56,88,mobile
10428,189,668,2024-07-17 13:10:36,41,smart_tv
10429,189,2088,2023-10-15 17:07:22,58,web
10430,189,563,2023-01-12 11:25:02,142,tablet
10431,189,2107,2023-07-06 03:17:26,153,smart_speaker
10432,189,2579,2025-10-19 21:21:17,143,smart_speaker
10433,189,1356,2023-05-09 21:05:15,140,web
10434,189,746,2025-12-26 18:01:12,165,tablet
10435,189,614,2024-02-16 02:17:38,46,tablet
10436,189,1484,2025-02-25 16:53:01,319,smart_tv
10437,189,712,2023-12-28 21:34:05,215,smart_speaker
10438,190,2328,2025-11-01 13:06:14,109,smart_speaker
10439,190,2120,2024-05-03 08:25:16,121,desktop
10440,190,695,2025-07-21 11:43:23,109,smart_speaker
10441,190,1798,2025-01-19 16:35:21,231,mobile
10442,190,746,2024-07-20 23:17:52,352,smart_speaker
10443,190,2259,2024-03-16 08:37:35,120,smart_speaker
10444,190,1310,2024-05-03 07:40:08,102,desktop
10445,190,647,2023-03-01 02:13:32,71,tablet
10446,190,2057,2024-12-03 10:20:53,121,smart_speaker
10447,190,454,2023-10-16 15:39:31,183,smart_speaker
10448,190,2307,2024-09-16 16:36:56,259,desktop
10449,190,1018,2025-10-09 18:23:36,123,web
10450,190,966,2024-12-09 07:00:56,44,web
10451,190,1755,2023-12-01 18:41:14,67,desktop
10452,190,210,2023-01-06 11:28:15,190,mobile
10453,190,1805,2023-05-13 20:03:12,120,tablet
10454,190,1954,2024-10-30 05:56:49,126,desktop
10455,190,2439,2024-08-04 06:52:18,196,mobile
10456,191,1696,2023-07-16 03:21:45,66,tablet
10457,191,1734,2025-09-13 21:56:42,246,smart_tv
10458,191,1106,2025-05-16 01:15:59,126,desktop
10459,191,2035,2024-03-15 02:30:13,239,smart_tv
10460,191,209,2024-01-03 19:16:32,194,mobile
10461,191,871,2024-10-04 20:16:33,231,desktop
10462,191,2116,2024-10-26 00:59:54,115,web
10463,191,221,2023-07-18 00:34:10,227,web
10464,191,2095,2024-12-07 19:20:33,89,web
10465,191,1870,2024-06-02 04:27:48,287,tablet
10466,191,82,2024-06-02 08:22:54,87,mobile
10467,191,2177,2025-08-31 16:59:50,312,smart_tv
10468,191,1360,2025-04-28 11:37:32,113,desktop
10469,191,764,2025-02-26 08:15:59,293,web
10470,191,1922,2024-08-29 06:11:23,93,smart_tv
10471,191,643,2024-12-18 21:51:24,169,smart_tv
10472,191,238,2023-01-17 05:26:22,155,tablet
10473,191,369,2023-01-01 01:59:28,221,smart_speaker
10474,191,2282,2023-09-26 02:16:45,300,smart_tv
10475,191,115,2024-01-01 23:56:48,77,mobile
10476,191,1953,2023-05-15 05:44:38,180,smart_speaker
10477,191,1103,2025-11-09 04:18:22,174,smart_tv
10478,191,1057,2024-06-10 03:28:49,31,mobile
10479,191,2474,2025-01-10 14:11:36,42,smart_tv
10480,191,1096,2025-10-23 19:12:53,162,mobile
10481,191,1937,2025-10-22 06:55:48,48,web
10482,191,712,2025-11-23 04:52:13,194,desktop
10483,191,1180,2024-10-11 08:46:08,57,mobile
10484,191,1331,2024-05-25 11:27:58,115,desktop
10485,191,1066,2025-09-04 20:17:21,45,desktop
10486,191,1800,2025-05-20 03:33:30,124,mobile
10487,191,466,2024-07-16 04:51:41,171,mobile
10488,191,470,2023-12-22 21:33:52,45,smart_speaker
10489,191,936,2025-07-12 13:03:16,209,desktop
10490,191,456,2023-04-26 19:58:14,141,web
10491,191,2542,2024-05-17 04:56:10,93,tablet
10492,191,522,2023-08-17 04:12:53,135,tablet
10493,191,1342,2023-03-27 02:06:16,311,smart_speaker
10494,191,1732,2023-02-15 06:54:57,275,mobile
10495,191,889,2025-01-28 10:49:29,226,smart_tv
10496,191,1916,2023-01-19 19:15:14,114,smart_speaker
10497,191,253,2024-08-19 14:08:04,35,smart_tv
10498,191,218,2024-06-17 13:55:29,121,mobile
10499,191,1720,2024-03-26 03:12:26,44,tablet
10500,191,392,2023-05-17 20:57:03,306,desktop
10501,191,730,2025-05-06 23:44:15,171,mobile
10502,191,399,2025-10-21 08:54:11,180,web
10503,191,1149,2023-03-05 05:30:42,146,smart_speaker
10504,191,84,2024-02-29 17:42:50,81,smart_speaker
10505,191,2315,2023-10-26 00:17:24,194,desktop
10506,191,415,2024-12-07 01:34:46,127,web
10507,191,600,2024-03-27 16:49:37,140,mobile
10508,191,1438,2025-11-06 02:35:12,213,desktop
10509,191,636,2024-03-26 23:22:46,50,mobile
10510,191,1017,2024-02-09 16:30:25,50,tablet
10511,191,2262,2023-06-11 12:48:15,65,smart_tv
10512,191,2250,2025-05-29 18:06:33,64,smart_tv
10513,191,1516,2025-04-18 03:04:41,86,tablet
10514,191,2606,2023-09-29 01:46:56,150,desktop
10515,191,2199,2023-11-14 21:57:15,362,smart_speaker
10516,192,2051,2025-04-28 10:50:52,112,smart_tv
10517,192,111,2024-09-27 18:31:46,108,tablet
10518,192,1332,2024-09-22 04:09:29,160,web
10519,192,1122,2024-11-13 01:57:08,56,smart_speaker
10520,192,882,2023-05-06 05:51:37,188,tablet
10521,192,2014,2025-05-31 18:04:18,200,smart_speaker
10522,192,1757,2024-05-28 06:11:19,319,mobile
10523,192,740,2025-09-08 23:52:01,154,smart_speaker
10524,192,1036,2024-02-03 21:08:36,361,smart_speaker
10525,192,1045,2025-08-16 03:37:41,141,mobile
10526,192,1897,2025-10-10 02:50:55,313,tablet
10527,192,1348,2024-12-07 03:38:50,249,smart_speaker
10528,192,1075,2024-01-25 01:21:15,335,web
10529,192,254,2023-09-19 23:13:08,149,mobile
10530,192,1968,2025-01-06 18:58:10,59,tablet
10531,192,1582,2024-05-27 09:58:14,205,mobile
10532,192,613,2025-05-13 23:06:48,246,mobile
10533,192,308,2023-04-29 11:02:20,159,desktop
10534,192,1821,2024-09-26 17:15:56,187,mobile
10535,192,130,2025-03-04 07:39:27,67,smart_speaker
10536,192,2460,2025-04-18 08:48:30,79,web
10537,192,2655,2023-12-07 06:09:13,151,smart_speaker
10538,192,226,2023-06-24 19:44:35,86,mobile
10539,192,1167,2024-12-14 02:18:16,30,smart_speaker
10540,192,2636,2024-02-20 20:09:43,171,web
10541,192,1037,2024-02-01 13:01:35,191,desktop
10542,192,550,2024-06-26 07:54:44,133,smart_tv
10543,192,549,2023-05-19 20:36:50,385,mobile
10544,192,2306,2025-11-22 19:05:41,114,mobile
10545,192,355,2023-01-12 18:19:18,169,tablet
10546,192,541,2024-09-16 12:03:02,120,smart_speaker
10547,192,2621,2023-07-26 05:35:44,66,smart_tv
10548,192,1399,2024-07-08 02:47:39,52,tablet
10549,192,1777,2023-09-26 03:51:43,117,mobile
10550,192,1,2023-01-11 16:29:37,166,smart_speaker
10551,192,2221,2025-03-20 10:59:22,271,web
10552,192,1726,2024-04-08 12:15:01,57,tablet
10553,192,983,2024-12-12 05:56:37,257,desktop
10554,192,656,2023-10-05 16:21:29,289,tablet
10555,192,1336,2024-10-29 09:13:13,231,smart_speaker
10556,192,778,2023-05-02 10:52:07,172,smart_speaker
10557,192,949,2024-07-05 11:52:34,103,smart_speaker
10558,192,2288,2023-04-22 14:45:06,52,web
10559,192,2017,2023-11-08 23:05:47,103,smart_tv
10560,192,1705,2023-04-23 01:29:15,332,web
10561,192,2489,2023-03-05 08:17:16,90,smart_tv
10562,192,1932,2024-12-02 01:56:26,93,mobile
10563,192,399,2023-01-15 12:42:40,117,tablet
10564,192,792,2024-12-07 04:34:37,111,smart_speaker
10565,192,899,2023-11-20 18:32:46,114,smart_speaker
10566,192,1285,2023-06-27 13:54:52,118,tablet
10567,192,279,2025-08-30 02:18:02,105,smart_speaker
10568,192,1123,2023-03-03 02:10:13,40,smart_tv
10569,192,1085,2024-11-01 10:30:06,272,desktop
10570,192,932,2025-07-01 20:52:50,147,smart_speaker
10571,192,2138,2025-04-13 06:56:54,71,mobile
10572,192,2150,2025-02-23 07:02:10,66,mobile
10573,192,193,2024-11-13 07:45:45,126,web
10574,192,132,2024-05-18 13:37:07,200,smart_speaker
10575,192,1489,2024-05-09 04:36:12,304,web
10576,192,2596,2025-12-03 01:16:14,117,smart_tv
10577,192,185,2024-01-27 01:59:43,66,tablet
10578,193,1795,2024-12-28 18:19:38,134,smart_speaker
10579,193,1665,2025-01-13 08:12:40,213,desktop
10580,193,537,2024-08-02 19:28:53,168,smart_speaker
10581,193,1608,2024-08-16 13:30:34,37,smart_tv
10582,193,32,2023-10-01 10:19:08,100,web
10583,193,1924,2023-11-30 12:58:08,283,desktop
10584,193,858,2025-05-04 03:25:24,33,tablet
10585,193,1867,2023-07-01 09:39:14,49,mobile
10586,193,1651,2024-11-08 02:16:58,76,smart_speaker
10587,193,1575,2025-11-10 00:51:18,128,smart_speaker
10588,193,2584,2025-12-05 05:04:27,76,smart_tv
10589,193,938,2024-02-16 20:04:04,73,smart_speaker
10590,193,2310,2023-04-02 05:40:22,165,desktop
10591,193,1627,2025-04-22 05:27:26,196,web
10592,193,1193,2024-03-27 10:12:06,231,mobile
10593,193,2583,2025-10-13 11:47:45,191,web
10594,193,1652,2025-02-25 08:03:23,299,smart_speaker
10595,193,1360,2025-02-25 14:37:16,184,smart_speaker
10596,193,980,2023-08-15 02:39:19,66,smart_speaker
10597,193,316,2025-11-08 17:47:58,88,desktop
10598,193,130,2024-03-07 17:30:40,182,desktop
10599,193,389,2025-01-13 02:49:40,196,desktop
10600,193,1228,2025-12-09 14:49:42,166,tablet
10601,193,1706,2024-01-27 02:18:36,74,web
10602,193,58,2024-03-15 22:59:19,69,smart_tv
10603,193,690,2024-02-06 02:40:18,42,tablet
10604,193,1193,2023-05-30 23:16:22,237,desktop
10605,193,376,2024-10-21 21:24:31,227,tablet
10606,193,391,2025-01-26 09:20:36,58,mobile
10607,193,256,2023-12-09 22:18:31,142,smart_tv
10608,193,2402,2023-01-25 15:39:21,95,smart_tv
10609,193,1089,2023-07-14 05:06:34,89,desktop
10610,193,161,2024-10-23 06:44:07,374,smart_tv
10611,193,88,2024-08-05 09:29:56,253,web
10612,193,2051,2023-02-10 14:55:42,207,smart_speaker
10613,193,1336,2024-10-12 13:17:56,181,mobile
10614,193,540,2025-05-18 15:08:56,200,smart_speaker
10615,193,397,2025-09-01 12:22:44,157,mobile
10616,194,2077,2025-02-18 22:27:16,32,smart_tv
10617,194,577,2024-03-03 23:41:16,68,mobile
10618,194,1956,2024-05-26 20:51:08,150,mobile
10619,194,2300,2025-12-11 17:42:14,86,smart_tv
10620,194,598,2023-08-24 09:09:52,224,smart_speaker
10621,194,1736,2024-08-31 05:07:56,257,desktop
10622,194,1143,2025-08-20 00:31:01,110,smart_speaker
10623,194,1788,2023-04-07 09:08:19,41,web
10624,194,1331,2023-02-25 14:47:52,41,smart_speaker
10625,194,1523,2025-05-12 20:30:00,195,tablet
10626,194,2357,2023-04-15 17:07:43,179,web
10627,194,1593,2024-06-27 22:30:04,47,smart_tv
10628,194,2034,2025-06-27 01:34:49,73,mobile
10629,194,586,2024-11-16 06:59:11,46,web
10630,194,2470,2024-05-12 07:30:41,66,smart_tv
10631,194,380,2025-01-20 11:59:03,61,smart_speaker
10632,194,1717,2024-12-31 15:17:16,60,web
10633,194,2397,2024-10-30 11:00:37,159,desktop
10634,194,1944,2023-08-06 23:25:28,36,mobile
10635,194,1791,2024-02-01 13:18:22,307,web
10636,194,1291,2024-02-08 07:13:40,148,mobile
10637,194,1010,2023-12-06 20:10:00,64,web
10638,194,1336,2025-05-10 12:15:35,53,web
10639,194,2397,2025-12-30 14:31:36,134,desktop
10640,194,1039,2025-05-11 04:50:03,76,desktop
10641,194,75,2023-02-25 03:33:17,185,web
10642,194,991,2024-08-19 09:54:04,66,tablet
10643,194,2630,2024-08-30 07:55:35,175,mobile
10644,194,1365,2024-01-17 18:14:57,412,web
10645,194,2468,2025-11-15 20:52:52,152,mobile
10646,194,1408,2025-05-14 15:51:09,71,smart_speaker
10647,194,2047,2025-12-12 08:42:46,224,desktop
10648,194,1156,2023-01-06 03:26:26,101,smart_tv
10649,194,1549,2023-05-24 11:05:39,44,mobile
10650,194,144,2024-11-06 08:56:16,63,smart_speaker
10651,194,1424,2025-02-27 04:02:35,47,smart_tv
10652,194,376,2025-04-02 02:00:10,343,desktop
10653,194,609,2025-06-10 13:34:32,208,smart_speaker
10654,194,1766,2024-05-18 16:08:39,128,smart_tv
10655,194,1577,2023-06-25 05:37:23,183,tablet
10656,194,71,2025-11-06 22:48:54,49,smart_speaker
10657,194,294,2025-05-22 03:42:19,91,smart_speaker
10658,194,1488,2023-03-30 10:12:31,146,smart_tv
10659,194,1233,2023-11-12 00:57:42,128,web
10660,194,307,2023-10-02 15:42:51,203,mobile
10661,194,1167,2023-09-15 23:09:00,127,web
10662,194,1586,2023-06-01 11:18:56,299,smart_speaker
10663,194,326,2023-07-22 14:52:03,109,mobile
10664,194,1343,2023-09-06 10:41:52,64,desktop
10665,194,331,2025-10-10 13:26:46,152,desktop
10666,194,2238,2024-12-07 07:03:29,56,mobile
10667,194,185,2025-11-26 19:17:33,128,mobile
10668,194,963,2025-10-06 13:21:59,111,smart_speaker
10669,194,2415,2024-11-20 13:23:21,213,smart_tv
10670,194,931,2024-12-28 01:43:20,148,tablet
10671,194,1785,2025-12-08 12:25:35,191,tablet
10672,194,2636,2023-06-09 19:01:00,41,smart_speaker
10673,194,2418,2024-04-23 11:53:14,77,desktop
10674,194,129,2025-01-13 17:29:22,62,tablet
10675,194,2495,2024-02-28 06:53:55,33,desktop
10676,194,2029,2024-08-21 11:33:57,164,smart_speaker
10677,194,1225,2025-12-14 07:42:57,70,desktop
10678,194,970,2023-02-06 05:25:27,292,tablet
10679,194,1309,2024-07-14 19:45:43,109,web
10680,194,554,2024-08-04 17:29:04,195,tablet
10681,194,2547,2024-02-02 02:35:32,94,desktop
10682,194,2087,2024-06-13 21:59:59,66,tablet
10683,194,374,2024-01-01 03:23:33,230,web
10684,194,831,2023-08-18 18:12:55,74,tablet
10685,194,2163,2024-10-31 19:24:03,57,desktop
10686,194,865,2023-10-22 19:17:43,113,desktop
10687,194,45,2024-06-24 06:25:48,139,mobile
10688,194,2575,2023-12-20 01:33:58,57,mobile
10689,194,508,2025-11-08 12:30:06,154,smart_tv
10690,195,847,2025-12-17 23:57:21,245,smart_tv
10691,195,2542,2023-03-26 01:42:33,291,desktop
10692,195,511,2023-11-25 05:53:21,219,tablet
10693,195,2590,2023-10-01 06:47:45,68,mobile
10694,195,481,2023-04-29 23:44:58,83,smart_speaker
10695,195,2400,2023-02-16 13:08:52,323,smart_speaker
10696,195,885,2025-10-26 09:02:32,55,smart_speaker
10697,195,1975,2025-06-27 09:05:24,102,desktop
10698,195,897,2023-11-17 23:00:08,35,smart_speaker
10699,195,259,2023-10-20 10:13:15,72,web
10700,195,2642,2025-08-01 12:19:37,173,smart_tv
10701,195,87,2023-09-09 05:27:03,39,smart_speaker
10702,195,628,2025-05-22 20:45:32,174,smart_tv
10703,195,2075,2025-09-14 17:38:29,60,smart_speaker
10704,195,489,2024-02-18 03:57:46,90,desktop
10705,195,1302,2025-09-27 21:11:27,236,smart_speaker
10706,195,1728,2023-10-06 10:25:48,99,desktop
10707,195,1513,2025-02-24 05:59:31,213,smart_speaker
10708,195,35,2024-07-16 21:05:01,164,smart_tv
10709,195,1991,2025-10-20 16:58:53,134,smart_speaker
10710,195,1785,2025-02-16 02:29:54,39,smart_tv
10711,195,1671,2025-05-14 11:09:10,156,smart_speaker
10712,195,211,2023-10-05 02:50:52,101,tablet
10713,195,1716,2024-02-10 20:44:59,169,desktop
10714,195,818,2025-10-16 04:36:37,74,smart_speaker
10715,195,2170,2025-09-11 11:10:20,225,tablet
10716,195,2107,2024-02-29 15:01:13,44,web
10717,196,761,2025-12-02 06:30:56,128,smart_tv
10718,196,120,2023-08-14 14:44:30,325,mobile
10719,196,1985,2024-08-01 21:06:23,62,desktop
10720,196,627,2025-09-21 22:23:36,97,smart_speaker
10721,196,2388,2025-05-08 04:54:40,48,mobile
10722,196,1234,2024-12-21 05:36:54,129,smart_speaker
10723,196,2362,2025-05-04 12:40:08,136,smart_tv
10724,196,780,2025-10-02 18:33:48,185,mobile
10725,196,1376,2025-08-25 12:48:58,130,tablet
10726,196,2087,2024-08-05 20:01:51,243,web
10727,196,2150,2023-06-15 17:20:22,99,mobile
10728,196,1010,2024-02-26 06:14:13,167,tablet
10729,196,1395,2024-03-06 15:18:13,196,desktop
10730,196,1726,2024-12-07 07:35:00,78,web
10731,196,706,2024-10-09 03:43:20,78,desktop
10732,196,1068,2024-06-19 06:59:18,379,smart_tv
10733,196,239,2025-02-26 06:46:01,48,mobile
10734,196,1942,2024-07-12 06:02:12,126,smart_tv
10735,196,356,2025-12-29 04:54:03,179,tablet
10736,196,1737,2024-08-27 06:29:42,221,smart_speaker
10737,196,1099,2025-06-28 05:53:45,45,smart_speaker
10738,196,2485,2024-06-28 07:06:06,270,mobile
10739,196,202,2025-01-20 22:15:08,41,smart_tv
10740,196,477,2023-05-29 23:53:30,161,mobile
10741,196,721,2023-09-17 01:00:15,139,web
10742,196,1391,2025-07-04 10:49:26,243,mobile
10743,196,1545,2024-06-28 21:14:14,296,tablet
10744,196,1442,2023-09-27 17:09:12,121,smart_speaker
10745,196,1484,2023-02-05 13:22:00,334,web
10746,196,1233,2024-03-24 11:37:56,84,smart_tv
10747,196,77,2024-02-26 11:58:04,98,smart_speaker
10748,196,1179,2025-04-09 06:14:18,366,web
10749,196,1618,2023-04-14 00:35:38,166,mobile
10750,196,2031,2024-03-17 12:31:25,195,smart_tv
10751,196,1296,2024-11-16 08:43:28,133,smart_speaker
10752,196,533,2024-11-02 12:09:45,84,smart_tv
10753,196,2452,2025-12-20 10:32:36,33,web
10754,196,149,2025-02-26 22:04:27,273,desktop
10755,196,194,2023-12-09 22:12:41,138,tablet
10756,196,2523,2025-12-23 04:59:23,38,smart_tv
10757,196,1919,2024-03-03 03:35:31,84,smart_tv
10758,196,1028,2023-12-01 01:06:17,129,tablet
10759,196,27,2025-05-30 05:27:00,391,web
10760,196,1870,2023-03-25 09:32:49,194,tablet
10761,196,1382,2023-02-16 04:07:41,58,web
10762,196,818,2023-11-17 22:35:21,54,tablet
10763,196,932,2023-05-19 14:47:01,226,smart_tv
10764,196,550,2025-11-29 00:05:32,154,web
10765,196,1183,2025-08-24 20:35:48,246,web
10766,196,918,2023-05-31 01:26:49,286,smart_speaker
10767,196,1459,2023-12-31 02:41:39,220,tablet
10768,196,83,2023-08-14 15:57:45,230,mobile
10769,196,200,2023-07-10 01:28:20,114,web
10770,196,2133,2024-05-11 21:22:26,49,smart_tv
10771,196,851,2023-09-20 21:06:23,136,mobile
10772,196,189,2024-11-22 04:29:32,209,smart_speaker
10773,196,2569,2024-06-06 15:03:15,150,smart_tv
10774,196,2107,2025-12-04 03:04:46,310,tablet
10775,196,1716,2023-08-08 02:09:48,46,tablet
10776,196,1190,2023-07-28 20:45:12,39,web
10777,196,360,2023-05-21 06:22:41,162,smart_tv
10778,196,1608,2025-03-04 09:07:39,74,smart_tv
10779,196,675,2024-09-12 06:32:54,88,web
10780,196,1243,2023-03-13 18:36:20,70,smart_speaker
10781,196,2236,2023-05-23 17:07:51,66,smart_speaker
10782,196,1796,2024-11-14 05:44:58,215,tablet
10783,196,443,2025-05-03 23:14:21,68,smart_speaker
10784,196,518,2024-12-20 12:12:41,50,web
10785,196,1458,2023-06-10 09:21:16,228,desktop
10786,196,451,2025-07-05 10:27:25,168,smart_speaker
10787,196,695,2025-04-16 06:50:32,316,desktop
10788,196,1913,2024-10-06 14:34:05,86,tablet
10789,196,860,2025-07-15 03:25:00,97,smart_tv
10790,196,955,2024-07-30 12:35:27,144,web
10791,196,428,2025-04-06 10:14:03,118,smart_speaker
10792,196,1647,2025-09-16 05:20:57,305,desktop
10793,196,1300,2024-03-11 02:07:49,90,desktop
10794,196,1912,2024-03-19 14:17:50,72,smart_tv
10795,196,455,2024-04-28 11:26:07,243,web
10796,196,1832,2023-10-15 11:14:59,144,tablet
10797,196,1865,2025-07-14 00:30:25,55,mobile
10798,196,2458,2025-04-18 18:00:05,36,smart_tv
10799,196,304,2023-07-18 21:58:53,156,desktop
10800,196,1737,2024-11-19 12:32:02,82,web
10801,197,441,2024-05-30 01:12:28,120,tablet
10802,197,655,2023-12-07 20:47:12,142,desktop
10803,197,2413,2025-11-27 15:26:49,332,smart_tv
10804,197,1852,2025-10-28 07:26:39,209,mobile
10805,197,1111,2025-11-19 05:47:39,56,tablet
10806,197,1378,2025-04-19 15:48:16,166,smart_tv
10807,197,344,2023-12-03 10:29:02,232,tablet
10808,197,798,2023-08-23 08:01:19,154,tablet
10809,197,2309,2023-02-20 19:20:36,132,desktop
10810,197,523,2025-02-24 15:22:36,147,smart_tv
10811,197,1314,2024-06-11 01:39:00,96,web
10812,197,2053,2024-03-20 06:52:21,49,mobile
10813,197,1159,2023-08-21 22:30:35,47,mobile
10814,197,2445,2025-06-15 01:21:10,154,smart_speaker
10815,197,2130,2025-03-15 18:45:01,200,smart_tv
10816,197,1669,2023-01-08 02:10:49,65,web
10817,197,2341,2024-09-22 16:18:32,136,web
10818,197,1600,2025-12-03 10:40:36,256,smart_speaker
10819,197,839,2025-06-22 06:12:31,319,web
10820,197,768,2025-02-05 11:51:58,167,web
10821,197,798,2024-08-26 16:29:06,46,web
10822,197,2024,2025-06-22 10:35:58,295,smart_speaker
10823,197,171,2025-05-30 19:38:50,154,web
10824,197,2186,2025-07-19 20:12:09,123,mobile
10825,197,2048,2025-10-20 13:52:35,291,desktop
10826,197,997,2025-03-19 07:20:13,66,mobile
10827,197,443,2023-10-21 23:18:51,236,desktop
10828,197,1149,2023-01-09 11:36:54,159,web
10829,198,335,2025-08-04 21:31:07,115,web
10830,198,614,2024-08-10 23:10:26,163,smart_tv
10831,198,1974,2024-03-20 03:26:14,159,tablet
10832,198,1685,2025-12-09 13:56:56,54,web
10833,198,730,2023-08-13 13:07:08,198,mobile
10834,198,1497,2024-04-19 00:07:22,127,smart_tv
10835,198,2140,2025-03-19 18:10:54,242,web
10836,198,1180,2025-02-17 01:04:39,172,mobile
10837,198,1534,2025-06-17 01:57:16,199,tablet
10838,198,1963,2024-03-21 14:11:30,122,mobile
10839,198,117,2023-07-18 05:34:43,166,smart_speaker
10840,198,612,2023-12-15 16:31:52,107,desktop
10841,198,1855,2023-05-27 03:24:07,67,desktop
10842,198,1165,2023-10-27 01:46:17,376,smart_speaker
10843,198,2105,2023-04-04 10:08:45,92,desktop
10844,198,1890,2023-10-04 16:43:04,198,tablet
10845,198,2489,2023-09-01 18:06:58,167,smart_speaker
10846,198,1214,2023-02-19 11:10:19,176,smart_tv
10847,198,2486,2024-10-13 07:34:49,111,smart_tv
10848,198,913,2025-04-01 14:59:31,202,desktop
10849,198,2570,2024-12-23 23:46:43,191,mobile
10850,198,721,2023-08-23 14:27:56,36,smart_tv
10851,198,562,2023-05-14 09:35:40,192,smart_speaker
10852,198,2227,2025-09-10 23:57:58,42,tablet
10853,198,1574,2023-01-09 13:01:43,75,desktop
10854,198,615,2024-02-22 23:50:12,93,web
10855,198,146,2023-12-25 17:14:42,73,web
10856,198,345,2024-01-03 20:53:19,127,smart_tv
10857,198,2190,2023-01-27 04:28:51,60,smart_tv
10858,198,2202,2024-04-24 16:33:26,35,smart_speaker
10859,198,1676,2024-03-07 11:36:04,67,smart_speaker
10860,198,946,2025-05-20 11:55:59,215,tablet
10861,198,1501,2023-03-03 01:33:57,254,web
10862,198,2404,2023-10-21 09:07:29,119,mobile
10863,199,2172,2023-07-27 05:00:48,62,tablet
10864,199,1096,2025-11-24 12:47:28,92,desktop
10865,199,162,2025-09-02 15:43:21,226,mobile
10866,199,1,2025-03-06 00:14:35,124,tablet
10867,199,1991,2023-03-27 00:44:20,65,mobile
10868,199,2371,2023-10-20 15:55:59,134,tablet
10869,199,8,2024-08-16 13:53:30,170,mobile
10870,199,1535,2023-06-19 11:17:07,45,smart_speaker
10871,199,560,2023-10-10 04:49:04,73,tablet
10872,199,462,2023-12-15 12:20:18,373,web
10873,199,677,2025-06-15 12:24:01,220,mobile
10874,199,320,2023-02-09 15:03:39,95,desktop
10875,199,733,2023-10-30 10:57:42,70,web
10876,199,496,2023-12-04 13:00:21,321,smart_speaker
10877,200,557,2025-04-19 05:48:26,191,smart_speaker
10878,200,494,2024-03-15 19:33:00,125,smart_tv
10879,200,957,2024-05-07 08:33:26,39,desktop
10880,200,564,2023-06-05 03:35:31,212,tablet
10881,200,2530,2023-05-12 18:14:43,130,mobile
10882,200,215,2025-12-08 12:56:34,73,smart_speaker
10883,200,2379,2024-06-11 08:02:10,87,web
10884,200,582,2023-05-23 15:44:48,30,tablet
10885,200,2502,2025-01-14 18:07:14,94,web
10886,200,1218,2025-10-25 22:08:22,121,web
10887,200,2213,2023-05-18 22:46:34,105,web
10888,200,1011,2025-09-14 21:27:45,112,mobile
10889,200,2536,2025-10-03 02:39:00,107,web
10890,200,501,2025-08-28 15:40:29,139,smart_speaker
10891,200,1919,2025-07-30 23:57:55,130,smart_speaker
10892,200,356,2025-01-24 05:13:08,238,desktop
10893,200,89,2025-10-29 08:52:40,57,smart_speaker
10894,200,421,2023-06-17 19:27:57,208,tablet
10895,200,857,2023-06-27 01:06:27,141,web
10896,200,1827,2023-03-22 13:00:36,50,web
10897,200,1198,2023-06-20 09:23:52,30,tablet
10898,200,2294,2025-03-21 14:47:09,65,mobile
10899,200,1665,2024-02-12 13:44:20,200,tablet
10900,200,1559,2023-08-15 05:58:13,45,web
10901,200,105,2025-08-15 03:55:27,310,desktop
10902,200,2589,2023-10-02 01:55:36,210,smart_tv
10903,200,781,2024-11-04 06:25:38,77,desktop
10904,200,2655,2025-12-07 06:02:41,201,smart_speaker
10905,200,838,2025-08-05 10:46:15,88,desktop
10906,200,1529,2025-09-18 05:38:41,62,mobile
10907,200,2612,2024-05-04 23:09:13,223,tablet
10908,200,1688,2025-12-04 05:54:35,217,smart_tv
10909,200,2535,2023-05-27 22:19:51,255,smart_tv
10910,200,1822,2023-04-22 10:34:23,102,smart_tv
10911,200,2525,2024-04-27 16:05:11,99,web
10912,200,78,2023-05-31 13:27:48,88,mobile
10913,200,1427,2025-06-14 14:20:37,260,desktop
10914,200,1316,2023-11-11 00:22:43,93,web
10915,200,677,2024-04-25 18:51:01,262,mobile
10916,200,1877,2025-11-03 03:39:49,80,mobile
10917,200,1623,2025-05-13 22:40:18,247,smart_speaker
10918,200,2088,2025-01-04 04:21:22,171,smart_tv
10919,200,475,2025-06-11 05:48:58,123,mobile
10920,200,559,2025-12-15 01:23:28,66,smart_speaker
10921,200,1412,2024-03-24 19:29:18,41,tablet
10922,200,58,2023-08-08 20:25:12,81,mobile
10923,200,1756,2024-08-29 02:40:02,296,web
10924,200,1048,2024-05-11 15:02:39,61,mobile
10925,200,1308,2024-11-01 18:25:10,113,desktop
10926,200,680,2024-06-15 23:34:25,234,smart_speaker
10927,200,1073,2025-03-16 05:53:48,88,smart_speaker
10928,200,74,2024-09-24 23:39:42,33,tablet
10929,200,1362,2025-09-28 18:59:44,125,smart_speaker
10930,200,2226,2023-10-16 16:18:08,142,smart_speaker
10931,200,267,2024-03-15 22:32:03,151,mobile
10932,200,1399,2025-10-28 02:05:36,220,smart_tv
10933,200,1234,2025-08-09 14:24:53,148,web
10934,200,394,2025-01-21 11:02:58,67,smart_speaker
10935,200,508,2023-09-22 11:30:10,234,smart_speaker
10936,200,2103,2023-05-28 22:15:23,110,desktop
10937,200,913,2024-02-25 09:22:19,213,desktop
10938,200,787,2025-04-25 17:51:35,182,desktop
10939,200,86,2025-08-07 20:47:43,193,desktop
10940,200,1711,2025-07-23 04:19:12,262,smart_speaker
10941,200,2089,2025-10-09 12:37:43,80,desktop
10942,200,483,2023-03-20 06:36:39,120,mobile
10943,200,2062,2024-06-13 11:37:46,69,mobile
10944,200,2633,2024-07-18 06:03:30,234,tablet
10945,200,1385,2025-08-12 09:02:56,164,mobile
10946,200,775,2024-02-06 03:08:02,62,mobile
10947,200,1396,2025-04-14 09:01:20,121,smart_tv
10948,200,1461,2025-08-15 02:07:12,216,mobile
10949,200,2392,2025-01-01 09:10:22,161,web
10950,200,999,2025-07-29 22:27:18,118,mobile
10951,200,1029,2024-04-05 20:11:32,222,web
10952,200,2607,2025-10-28 17:01:07,184,web
10953,200,2308,2023-08-06 15:46:49,34,smart_speaker
10954,200,1524,2024-03-10 23:54:07,193,tablet
10955,200,1108,2025-07-25 02:12:45,74,desktop
10956,200,2156,2023-11-24 09:34:57,48,mobile
10957,200,1855,2025-12-18 12:51:24,103,tablet
10958,200,2391,2024-04-01 14:08:11,168,desktop
10959,200,753,2025-03-08 22:37:35,151,desktop
10960,200,2557,2025-09-14 09:51:42,176,tablet
10961,200,2052,2024-12-14 02:34:00,181,desktop
10962,200,1796,2025-07-20 13:01:37,241,smart_tv
10963,200,900,2023-01-06 10:56:41,248,tablet
10964,200,2520,2024-05-13 07:13:36,240,web
10965,200,1398,2023-02-06 02:32:34,175,tablet
10966,200,1809,2025-04-05 14:16:03,196,web
10967,200,1556,2024-03-18 19:45:12,64,smart_tv
